{"type":"FeatureCollection", "features": [
{"type":"Feature","geometry":{"type":"Polygon","coordinates":[[[86.9041,26.4884],[86.9299,26.4897],[86.9284,26.4969],[86.9297,26.5059],[86.9315,26.5147],[86.9326,26.5168],[86.9398,26.5166],[86.9446,26.5172],[86.9468,26.521],[86.9593,26.5204],[86.9613,26.5238],[86.9751,26.5201],[86.9793,26.5252],[86.9908,26.5232],[87.0043,26.5285],[87.0153,26.5322],[87.0201,26.5402],[87.0423,26.5684],[87.0446,26.5873],[87.0718,26.5858],[87.073,26.5774],[87.0721,26.5608],[87.0727,26.542],[87.0759,26.5374],[87.0788,26.5277],[87.0819,26.5126],[87.0876,26.4715],[87.0915,26.4504],[87.1182,26.4304],[87.139,26.415],[87.1483,26.4101],[87.1625,26.4041],[87.1723,26.4034],[87.189,26.4056],[87.1859,26.4143],[87.2113,26.4132],[87.2111,26.4094],[87.2207,26.4039],[87.2288,26.4138],[87.2466,26.4144],[87.2498,26.4096],[87.2563,26.4112],[87.2606,26.4094],[87.2662,26.4055],[87.2654,26.3972],[87.2655,26.3904],[87.2644,26.3857],[87.2659,26.374],[87.2724,26.3727],[87.2826,26.3728],[87.2895,26.3738],[87.3013,26.3664],[87.3123,26.3716],[87.3134,26.3677],[87.3219,26.3603],[87.337,26.3516],[87.341,26.3478],[87.3477,26.3517],[87.3583,26.3611],[87.3534,26.3722],[87.3564,26.3883],[87.3642,26.4013],[87.3687,26.4082],[87.3761,26.4071],[87.3885,26.4191],[87.4042,26.4208],[87.4191,26.4228],[87.4278,26.4225],[87.443,26.4332],[87.4446,26.433],[87.4593,26.4384],[87.4666,26.4405],[87.4794,26.4379],[87.491,26.4365],[87.5164,26.431],[87.5165,26.4301],[87.5342,26.4217],[87.5475,26.4186],[87.5528,26.4058],[87.5736,26.3961],[87.5874,26.3929],[87.5884,26.3884],[87.5871,26.3822],[87.6041,26.381],[87.6072,26.3813],[87.6121,26.3903],[87.6275,26.3939],[87.6518,26.3936],[87.6503,26.406],[87.6783,26.4159],[87.6777,26.4355],[87.692,26.4357],[87.6985,26.4283],[87.7111,26.4274],[87.7159,26.422],[87.7183,26.4225],[87.7239,26.4157],[87.7228,26.4127],[87.7336,26.4079],[87.7391,26.4177],[87.7474,26.4179],[87.7538,26.4083],[87.7646,26.4104],[87.7655,26.4132],[87.7681,26.4154],[87.7673,26.4185],[87.771,26.422],[87.773,26.4214],[87.7758,26.4245],[87.7712,26.4267],[87.7736,26.4314],[87.7759,26.4301],[87.7777,26.4364],[87.775,26.4357],[87.7745,26.4408],[87.7761,26.4427],[87.7767,26.4478],[87.7738,26.45],[87.7791,26.4516],[87.7827,26.4544],[87.7849,26.459],[87.7886,26.4616],[87.7856,26.4637],[87.7889,26.4693],[87.7923,26.469],[87.8049,26.4648],[87.8172,26.4592],[87.8252,26.4523],[87.8297,26.4503],[87.8282,26.4402],[87.8487,26.4366],[87.851,26.4454],[87.8614,26.449],[87.8612,26.4516],[87.8582,26.4564],[87.858,26.4634],[87.8617,26.464],[87.8635,26.4681],[87.8694,26.4706],[87.8856,26.4766],[87.8881,26.4868],[87.9,26.4776],[87.9096,26.4579],[87.8987,26.4489],[87.9228,26.447],[87.9251,26.445],[87.9258,26.4417],[87.9232,26.4379],[87.9181,26.4355],[87.9164,26.4308],[87.926,26.4278],[87.9272,26.418],[87.9315,26.4184],[87.9545,26.4052],[87.9658,26.3973],[87.9916,26.3927],[87.9919,26.3727],[87.9956,26.3662],[87.9998,26.3666],[88.0041,26.3648],[88.0077,26.3612],[88.0299,26.365],[88.0309,26.3668],[88.0272,26.3713],[88.0314,26.3784],[88.0283,26.379],[88.0272,26.3821],[88.0301,26.3834],[88.0323,26.3886],[88.0365,26.3904],[88.0379,26.3941],[88.0449,26.396],[88.0476,26.4013],[88.053,26.4012],[88.0555,26.4028],[88.0576,26.4072],[88.0608,26.41],[88.0642,26.4105],[88.0692,26.4079],[88.0701,26.4139],[88.0786,26.4202],[88.0837,26.4263],[88.0849,26.4307],[88.0894,26.435],[88.0948,26.4379],[88.0958,26.4397],[88.097,26.4508],[88.0956,26.4561],[88.0919,26.4632],[88.0941,26.4649],[88.101,26.465],[88.1036,26.4683],[88.0994,26.4708],[88.1067,26.4735],[88.1067,26.477],[88.1017,26.4787],[88.1002,26.4805],[88.1011,26.4839],[88.1057,26.4896],[88.1031,26.4909],[88.0997,26.4968],[88.0987,26.5059],[88.0944,26.5047],[88.091,26.506],[88.0905,26.5079],[88.0957,26.5104],[88.0963,26.5131],[88.0947,26.5154],[88.0967,26.5174],[88.1031,26.519],[88.1049,26.5281],[88.103,26.5303],[88.1038,26.5351],[88.0991,26.5349],[88.0993,26.5389],[88.107,26.5415],[88.1115,26.5453],[88.1075,26.5506],[88.1054,26.5508],[88.1054,26.561],[88.1077,26.5606],[88.1088,26.5574],[88.1118,26.5572],[88.1135,26.5599],[88.1107,26.5619],[88.1132,26.5651],[88.1114,26.5681],[88.1122,26.5715],[88.1193,26.5685],[88.1176,26.5747],[88.1208,26.5758],[88.123,26.5724],[88.1252,26.5746],[88.1253,26.5777],[88.1302,26.5738],[88.1299,26.5797],[88.1273,26.582],[88.1301,26.585],[88.1295,26.5875],[88.1319,26.5933],[88.1317,26.5981],[88.1299,26.6014],[88.1356,26.606],[88.1388,26.6063],[88.1405,26.6135],[88.1403,26.6192],[88.142,26.6259],[88.1469,26.6297],[88.1543,26.6304],[88.1574,26.6329],[88.158,26.6402],[88.1631,26.6461],[88.1629,26.6508],[88.1649,26.6704],[88.1641,26.6786],[88.1678,26.6841],[88.1671,26.6996],[88.1695,26.7017],[88.173,26.7082],[88.1765,26.7104],[88.182,26.7196],[88.1823,26.7276],[88.1848,26.7311],[88.1845,26.7344],[88.1864,26.7386],[88.186,26.7405],[88.1871,26.751],[88.1859,26.7569],[88.1873,26.7605],[88.188,26.7717],[88.1856,26.7811],[88.1776,26.8037],[88.179,26.8143],[88.1783,26.818],[88.1721,26.8267],[88.1717,26.8291],[88.174,26.834],[88.1675,26.8378],[88.1706,26.8449],[88.1674,26.8481],[88.1674,26.8499],[88.1737,26.8523],[88.1736,26.8583],[88.172,26.8602],[88.1732,26.8642],[88.1723,26.8686],[88.1666,26.8705],[88.1645,26.8734],[88.1635,26.8783],[88.1617,26.881],[88.1548,26.8856],[88.1529,26.8851],[88.1449,26.8911],[88.1364,26.8987],[88.1392,26.9019],[88.1387,26.9046],[88.145,26.9156],[88.144,26.9173],[88.146,26.9211],[88.1394,26.9289],[88.1378,26.9334],[88.1321,26.9382],[88.1287,26.9395],[88.1205,26.9506],[88.1215,26.9567],[88.1231,26.9601],[88.122,26.9653],[88.1237,26.971],[88.1307,26.9808],[88.1355,26.9849],[88.1345,26.9864],[88.1288,26.9878],[88.1182,26.9875],[88.1091,26.993],[88.1088,26.9951],[88.1044,26.9975],[88.0992,27.0038],[88.0925,27.0044],[88.0877,27.0113],[88.0885,27.0157],[88.0837,27.0228],[88.0832,27.0287],[88.0814,27.0317],[88.0774,27.0355],[88.0722,27.0335],[88.0693,27.0314],[88.0644,27.0312],[88.0593,27.0293],[88.0579,27.0318],[88.0485,27.0347],[88.0458,27.0367],[88.0376,27.0367],[88.035,27.0433],[88.0336,27.0435],[88.0301,27.0488],[88.0276,27.0511],[88.0259,27.0547],[88.0261,27.0574],[88.0226,27.0632],[88.0211,27.0695],[88.0186,27.0703],[88.0163,27.0738],[88.0161,27.0771],[88.0209,27.0825],[88.0211,27.0878],[88.0158,27.0887],[88.0126,27.0937],[88.0121,27.0972],[88.0082,27.0991],[88.0082,27.1009],[88.0034,27.1045],[87.9953,27.1035],[87.9909,27.1064],[87.991,27.1106],[87.9886,27.1187],[87.9889,27.1238],[87.9908,27.126],[87.9912,27.1308],[87.9987,27.1337],[88.0007,27.1403],[88.007,27.1432],[88.0083,27.1498],[88.0103,27.155],[88.0112,27.1661],[88.0143,27.1669],[88.0184,27.1709],[88.0187,27.1729],[88.0125,27.1776],[88.0139,27.1908],[88.016,27.1933],[88.0154,27.1999],[88.0119,27.2041],[88.0156,27.2109],[88.0122,27.2158],[88.0159,27.2222],[88.0189,27.2251],[88.0198,27.2321],[88.0192,27.2359],[88.025,27.2383],[88.0242,27.2421],[88.0277,27.2494],[88.0309,27.2501],[88.0302,27.255],[88.0317,27.2645],[88.0303,27.2721],[88.033,27.2817],[88.0317,27.2863],[88.0391,27.292],[88.043,27.2917],[88.0448,27.2938],[88.041,27.3016],[88.0411,27.3036],[88.0451,27.3101],[88.0485,27.3127],[88.0494,27.3188],[88.0525,27.3246],[88.0601,27.3285],[88.0635,27.3344],[88.0665,27.3363],[88.0647,27.3414],[88.0615,27.3449],[88.0616,27.3467],[88.0588,27.3515],[88.0576,27.3557],[88.0531,27.3583],[88.0502,27.3587],[88.0472,27.3636],[88.0418,27.3702],[88.0423,27.3744],[88.045,27.3801],[88.0441,27.3847],[88.0458,27.3925],[88.0458,27.3954],[88.0483,27.4003],[88.0469,27.4055],[88.0494,27.4069],[88.0506,27.413],[88.0543,27.4174],[88.0581,27.4185],[88.0671,27.4253],[88.0766,27.4268],[88.0797,27.4266],[88.0801,27.4301],[88.0786,27.4321],[88.0728,27.434],[88.0677,27.4391],[88.0725,27.4456],[88.0672,27.4497],[88.0661,27.4549],[88.0671,27.458],[88.0605,27.4612],[88.0562,27.468],[88.0505,27.4722],[88.0485,27.4726],[88.044,27.4786],[88.0453,27.4815],[88.044,27.485],[88.0446,27.4985],[88.0496,27.5038],[88.0548,27.5047],[88.0576,27.5095],[88.0609,27.5112],[88.0609,27.5135],[88.0573,27.5161],[88.06,27.5237],[88.0622,27.526],[88.067,27.5271],[88.0653,27.5296],[88.0616,27.5302],[88.0591,27.5328],[88.0609,27.5401],[88.0652,27.5448],[88.0685,27.5465],[88.0681,27.551],[88.0689,27.5553],[88.0732,27.5569],[88.0792,27.5619],[88.0811,27.5649],[88.0794,27.5685],[88.0753,27.5719],[88.0784,27.5771],[88.0787,27.5794],[88.0851,27.5903],[88.0896,27.5952],[88.0937,27.5981],[88.1056,27.6026],[88.1137,27.6107],[88.1153,27.6211],[88.1195,27.6273],[88.1172,27.6299],[88.1206,27.6395],[88.1198,27.6451],[88.1244,27.6496],[88.1293,27.6528],[88.1313,27.6554],[88.1359,27.6568],[88.1446,27.6657],[88.1465,27.6744],[88.1468,27.6791],[88.1491,27.6845],[88.1548,27.6907],[88.1508,27.6964],[88.1507,27.6991],[88.1475,27.703],[88.1494,27.7082],[88.1535,27.7136],[88.1554,27.7175],[88.1546,27.7221],[88.1547,27.7295],[88.1563,27.7366],[88.1584,27.7409],[88.1625,27.7404],[88.1697,27.7417],[88.1738,27.7434],[88.1786,27.7471],[88.1787,27.7503],[88.1767,27.758],[88.1816,27.7628],[88.1833,27.767],[88.1814,27.7706],[88.182,27.7765],[88.1851,27.7772],[88.1882,27.7815],[88.1953,27.7866],[88.1973,27.7909],[88.1938,27.7963],[88.1881,27.7995],[88.186,27.8037],[88.1852,27.8108],[88.1789,27.8158],[88.1736,27.8175],[88.1732,27.8207],[88.1797,27.823],[88.1817,27.8228],[88.1873,27.8253],[88.1909,27.8298],[88.1916,27.8326],[88.1952,27.8362],[88.2013,27.8375],[88.2014,27.8427],[88.198,27.8458],[88.1967,27.8531],[88.1957,27.8546],[88.1884,27.8539],[88.1854,27.8568],[88.1786,27.8567],[88.1725,27.8634],[88.1668,27.8659],[88.1629,27.8691],[88.1567,27.8709],[88.1538,27.8709],[88.1488,27.8768],[88.1441,27.8782],[88.1402,27.8782],[88.1351,27.8817],[88.1262,27.8816],[88.1192,27.8751],[88.1156,27.8704],[88.112,27.8684],[88.0958,27.8673],[88.091,27.8715],[88.0895,27.8875],[88.0881,27.8909],[88.0832,27.8959],[88.0783,27.8958],[88.072,27.8938],[88.0645,27.8864],[88.0583,27.8884],[88.0561,27.8911],[88.0542,27.8964],[88.0477,27.8989],[88.0417,27.9],[88.0366,27.9046],[88.0301,27.906],[88.0273,27.9055],[88.0218,27.8968],[88.0153,27.8987],[88.0038,27.8984],[88.001,27.8977],[87.9977,27.8937],[87.991,27.8896],[87.9865,27.8878],[87.9833,27.8877],[87.9764,27.8895],[87.9665,27.8932],[87.9561,27.9089],[87.9532,27.9097],[87.9417,27.9099],[87.9363,27.9126],[87.9335,27.9173],[87.9306,27.918],[87.9199,27.916],[87.9155,27.9173],[87.9108,27.9164],[87.9079,27.917],[87.8994,27.9117],[87.8879,27.9102],[87.8771,27.9148],[87.8721,27.9139],[87.8659,27.9108],[87.8644,27.9129],[87.8632,27.9186],[87.8606,27.921],[87.8603,27.924],[87.8574,27.9271],[87.854,27.9288],[87.8572,27.9323],[87.8593,27.9367],[87.8579,27.9401],[87.8565,27.9484],[87.8502,27.9486],[87.8476,27.9465],[87.8411,27.9505],[87.8341,27.9517],[87.8294,27.9474],[87.8253,27.9387],[87.8245,27.9346],[87.8264,27.933],[87.8272,27.9293],[87.8258,27.9265],[87.8252,27.921],[87.8229,27.919],[87.8189,27.9217],[87.8136,27.9215],[87.8094,27.9182],[87.8055,27.9135],[87.8059,27.9109],[87.8037,27.9087],[87.7973,27.9059],[87.7938,27.903],[87.7859,27.9003],[87.7841,27.8985],[87.7825,27.8923],[87.7801,27.89],[87.778,27.8852],[87.7775,27.8816],[87.7754,27.878],[87.7755,27.8755],[87.7786,27.8719],[87.7771,27.8686],[87.7787,27.8659],[87.7735,27.8629],[87.768,27.861],[87.7591,27.8488],[87.7573,27.843],[87.7542,27.8368],[87.7502,27.8353],[87.745,27.8362],[87.7433,27.8346],[87.7418,27.8299],[87.736,27.8239],[87.7339,27.8192],[87.7363,27.8131],[87.7327,27.8091],[87.7254,27.8053],[87.7235,27.8055],[87.7188,27.8089],[87.7072,27.8117],[87.7047,27.8104],[87.6987,27.8122],[87.6939,27.8109],[87.6871,27.8124],[87.6836,27.8119],[87.68,27.8099],[87.6755,27.8102],[87.6736,27.8077],[87.6655,27.8069],[87.6654,27.8127],[87.6637,27.8174],[87.6652,27.8201],[87.663,27.8227],[87.6697,27.8301],[87.6695,27.8349],[87.6651,27.8365],[87.659,27.8367],[87.6517,27.8353],[87.647,27.8338],[87.6422,27.8351],[87.6358,27.8344],[87.6325,27.8327],[87.6325,27.8255],[87.6274,27.8215],[87.6233,27.822],[87.6174,27.8193],[87.6148,27.8159],[87.6142,27.812],[87.6109,27.8109],[87.6066,27.8179],[87.6009,27.8213],[87.5951,27.8214],[87.5911,27.8195],[87.5897,27.8224],[87.5889,27.8278],[87.5911,27.8321],[87.5902,27.838],[87.5881,27.841],[87.586,27.8498],[87.5864,27.8529],[87.5826,27.8559],[87.5788,27.862],[87.571,27.8617],[87.5694,27.8637],[87.5624,27.8671],[87.5572,27.8667],[87.5521,27.8652],[87.5506,27.8579],[87.5442,27.849],[87.5354,27.843],[87.5322,27.8454],[87.5275,27.8453],[87.5208,27.8436],[87.5159,27.8461],[87.5079,27.8471],[87.5048,27.8455],[87.5014,27.8464],[87.4984,27.8451],[87.492,27.8444],[87.4901,27.8465],[87.4797,27.8405],[87.4757,27.8398],[87.4747,27.8364],[87.4712,27.8346],[87.4584,27.8255],[87.4498,27.8224],[87.4389,27.8253],[87.4248,27.831],[87.4116,27.8338],[87.4036,27.8341],[87.4045,27.8368],[87.4106,27.8394],[87.422,27.8412],[87.4265,27.8404],[87.4312,27.8417],[87.4332,27.8462],[87.4299,27.8507],[87.426,27.8522],[87.4256,27.8588],[87.4192,27.8606],[87.4074,27.8567],[87.4018,27.8517],[87.3977,27.8515],[87.3911,27.8486],[87.3876,27.8492],[87.3795,27.8461],[87.3759,27.846],[87.3723,27.8444],[87.3685,27.8389],[87.3657,27.8369],[87.3607,27.8289],[87.3552,27.8275],[87.3514,27.828],[87.348,27.8305],[87.3455,27.8279],[87.3382,27.83],[87.33,27.8272],[87.3255,27.8265],[87.3177,27.8265],[87.3156,27.8289],[87.3045,27.8355],[87.3041,27.8432],[87.2924,27.844],[87.2879,27.846],[87.2848,27.8446],[87.2756,27.8472],[87.2652,27.8509],[87.2612,27.851],[87.2568,27.8491],[87.2538,27.8455],[87.2494,27.843],[87.2475,27.8436],[87.2425,27.8419],[87.2387,27.8395],[87.2371,27.8356],[87.2293,27.8267],[87.2258,27.8198],[87.2236,27.8228],[87.2178,27.8236],[87.2056,27.8218],[87.1998,27.8222],[87.1932,27.82],[87.1877,27.8207],[87.1831,27.8223],[87.179,27.8207],[87.1683,27.8217],[87.165,27.823],[87.1567,27.8245],[87.1537,27.8288],[87.141,27.837],[87.1326,27.8369],[87.1261,27.835],[87.1219,27.8393],[87.1159,27.8404],[87.1117,27.8453],[87.1096,27.8492],[87.1081,27.8548],[87.1075,27.874],[87.1048,27.8777],[87.0944,27.88],[87.0888,27.8827],[87.0878,27.8855],[87.0886,27.8893],[87.0861,27.8909],[87.082,27.8995],[87.0778,27.9029],[87.077,27.9077],[87.0786,27.9152],[87.0754,27.9184],[87.0658,27.924],[87.0615,27.9254],[87.0534,27.9266],[87.0511,27.9304],[87.0503,27.9343],[87.0467,27.9373],[87.0439,27.9417],[87.0432,27.9447],[87.0391,27.9504],[87.0323,27.9494],[87.0248,27.9499],[87.0184,27.9541],[87.0157,27.9577],[87.0095,27.9536],[87.0027,27.9545],[86.9922,27.9548],[86.9878,27.951],[86.9824,27.9496],[86.9731,27.9544],[86.9647,27.9558],[86.9494,27.9569],[86.9335,27.9626],[86.9325,27.9658],[86.9332,27.9776],[86.932,27.98],[86.9259,27.9844],[86.9254,27.9879],[86.918,27.9891],[86.9159,27.9907],[86.9095,27.993],[86.8996,27.9944],[86.8899,27.997],[86.889,27.9997],[86.8813,28.0031],[86.8789,28.0069],[86.873,28.0105],[86.8711,28.0133],[86.8728,28.0199],[86.8725,28.0222],[86.8674,28.0253],[86.8593,28.0274],[86.8541,28.0281],[86.8482,28.025],[86.8475,28.02],[86.8388,28.0176],[86.8358,28.0154],[86.8281,28.0153],[86.8259,28.0176],[86.8202,28.0198],[86.8166,28.0201],[86.8118,28.0191],[86.807,28.0211],[86.805,28.0232],[86.7941,28.0208],[86.7901,28.0189],[86.7858,28.0241],[86.7806,28.0263],[86.7802,28.0314],[86.7729,28.038],[86.7591,28.0351],[86.7529,28.0379],[86.7507,28.0404],[86.7493,28.0445],[86.7472,28.0457],[86.7471,28.0513],[86.7515,28.0549],[86.7531,28.065],[86.7562,28.0693],[86.7634,28.0728],[86.7649,28.0747],[86.7593,28.0783],[86.7534,28.0794],[86.7475,28.0858],[86.7485,28.0944],[86.7459,28.0983],[86.7426,28.0983],[86.7383,28.1038],[86.7267,28.1037],[86.721,28.1066],[86.7155,28.1079],[86.711,28.1061],[86.7038,28.1073],[86.6891,28.1087],[86.6804,28.1036],[86.6727,28.1023],[86.6686,28.1009],[86.6626,28.0971],[86.6612,28.095],[86.6579,28.0811],[86.65,28.0748],[86.639,28.0734],[86.6348,28.0707],[86.6255,28.0742],[86.6212,28.0748],[86.616,28.0735],[86.6126,28.0739],[86.6084,28.076],[86.6042,28.0819],[86.6026,28.0876],[86.608,28.0922],[86.6044,28.1001],[86.6025,28.1019],[86.5894,28.1046],[86.5884,28.1081],[86.5744,28.1131],[86.5726,28.111],[86.5683,28.1118],[86.5623,28.1072],[86.562,28.1011],[86.5666,28.0944],[86.5669,28.0918],[86.5643,28.0865],[86.5597,28.0827],[86.5587,28.0775],[86.5624,28.0731],[86.5651,28.0716],[86.5653,28.069],[86.5627,28.0662],[86.5582,28.0635],[86.5558,28.0568],[86.5525,28.0549],[86.5489,28.0508],[86.5436,28.0513],[86.5365,28.0508],[86.5334,28.0466],[86.5334,28.0381],[86.5304,28.032],[86.5313,28.0282],[86.5288,28.0243],[86.5253,28.0232],[86.5211,28.0189],[86.5222,28.0168],[86.5197,28.0083],[86.5195,28.0047],[86.515,28.0015],[86.5163,27.999],[86.5158,27.99],[86.5128,27.9848],[86.5154,27.9777],[86.5201,27.9747],[86.5187,27.9715],[86.5125,27.969],[86.5134,27.9603],[86.5156,27.9566],[86.5182,27.9532],[86.5199,27.9441],[86.5217,27.9404],[86.5238,27.9398],[86.5285,27.9414],[86.5345,27.9417],[86.5388,27.9357],[86.5478,27.9305],[86.5487,27.9289],[86.5498,27.9191],[86.5534,27.9118],[86.5547,27.907],[86.5542,27.9027],[86.5518,27.8991],[86.5523,27.8922],[86.5546,27.8855],[86.5513,27.8783],[86.5525,27.8679],[86.5545,27.861],[86.5541,27.8571],[86.5501,27.8484],[86.5491,27.8416],[86.5471,27.8349],[86.5438,27.8271],[86.5435,27.8215],[86.5407,27.8181],[86.5404,27.8149],[86.5424,27.8112],[86.5464,27.8115],[86.553,27.8088],[86.5671,27.804],[86.5656,27.7996],[86.5688,27.7954],[86.5688,27.7911],[86.5662,27.7873],[86.5656,27.7828],[86.5659,27.7762],[86.5639,27.7705],[86.5661,27.7626],[86.5704,27.7594],[86.5728,27.7546],[86.5692,27.7519],[86.5629,27.7493],[86.5633,27.7449],[86.5583,27.7384],[86.5563,27.7315],[86.5569,27.7286],[86.5544,27.724],[86.5535,27.7196],[86.5513,27.7176],[86.551,27.7109],[86.5403,27.7016],[86.5391,27.6966],[86.5408,27.6928],[86.5392,27.6899],[86.539,27.6832],[86.5366,27.6786],[86.5388,27.675],[86.538,27.6703],[86.5355,27.6684],[86.5326,27.6626],[86.5293,27.662],[86.5272,27.6596],[86.5287,27.6549],[86.5262,27.6504],[86.5161,27.6469],[86.514,27.6482],[86.5114,27.6424],[86.507,27.6402],[86.506,27.635],[86.5042,27.6336],[86.504,27.6294],[86.5005,27.6247],[86.4999,27.6204],[86.4955,27.6188],[86.4925,27.6137],[86.4846,27.6172],[86.4766,27.6158],[86.4697,27.6171],[86.4464,27.6122],[86.4348,27.6103],[86.4302,27.6042],[86.4247,27.602],[86.4199,27.5983],[86.418,27.5914],[86.4135,27.5868],[86.4109,27.5868],[86.4078,27.5845],[86.3982,27.5833],[86.3927,27.5771],[86.3898,27.5755],[86.3877,27.5724],[86.3818,27.5718],[86.3763,27.5681],[86.3716,27.5621],[86.3687,27.5564],[86.3707,27.5519],[86.369,27.5489],[86.3648,27.5467],[86.3585,27.5398],[86.3574,27.5334],[86.3577,27.5296],[86.3549,27.5249],[86.3465,27.5235],[86.3383,27.5201],[86.3344,27.5157],[86.3332,27.5109],[86.3308,27.5099],[86.326,27.5046],[86.325,27.5003],[86.3187,27.4981],[86.3155,27.4925],[86.303,27.4825],[86.2954,27.4793],[86.2929,27.4765],[86.2922,27.4706],[86.2851,27.4665],[86.2768,27.4642],[86.2748,27.4624],[86.2676,27.4592],[86.2641,27.4565],[86.2598,27.449],[86.257,27.4455],[86.2559,27.4356],[86.2513,27.4325],[86.252,27.4286],[86.248,27.4245],[86.2474,27.4194],[86.2447,27.42],[86.2412,27.4182],[86.2376,27.4127],[86.2376,27.4101],[86.2355,27.4037],[86.2324,27.4024],[86.2306,27.3994],[86.2277,27.3979],[86.2266,27.3931],[86.2269,27.3887],[86.2249,27.3871],[86.2256,27.384],[86.2221,27.3825],[86.2238,27.3785],[86.2247,27.3706],[86.2193,27.3626],[86.2218,27.3604],[86.2171,27.3529],[86.2184,27.3508],[86.2166,27.3425],[86.2179,27.3364],[86.2157,27.3339],[86.2171,27.3286],[86.222,27.3278],[86.219,27.3231],[86.2212,27.3212],[86.2284,27.3202],[86.2288,27.3163],[86.2314,27.3144],[86.2337,27.3077],[86.2365,27.3068],[86.2379,27.3025],[86.2354,27.2979],[86.2358,27.2954],[86.2402,27.2883],[86.2335,27.285],[86.2316,27.2819],[86.229,27.2808],[86.2269,27.2777],[86.2234,27.2771],[86.2231,27.2743],[86.2194,27.2731],[86.2188,27.2707],[86.2142,27.2673],[86.2114,27.2638],[86.2111,27.2609],[86.2084,27.2595],[86.2043,27.254],[86.2044,27.2497],[86.2111,27.2458],[86.2139,27.2452],[86.2184,27.2418],[86.2235,27.2391],[86.2292,27.2374],[86.239,27.2409],[86.2419,27.2462],[86.2484,27.2482],[86.2556,27.2534],[86.2571,27.2578],[86.2616,27.2575],[86.2646,27.2607],[86.2671,27.26],[86.2663,27.2545],[86.2686,27.2526],[86.2724,27.2522],[86.2771,27.2502],[86.2818,27.2458],[86.2853,27.2464],[86.2913,27.2432],[86.2956,27.2382],[86.3061,27.2372],[86.3083,27.234],[86.3159,27.2314],[86.319,27.2317],[86.3283,27.2302],[86.3317,27.2311],[86.341,27.229],[86.3431,27.2191],[86.3402,27.2142],[86.34,27.2102],[86.3427,27.2044],[86.3449,27.2021],[86.3513,27.2008],[86.3588,27.2012],[86.3652,27.1962],[86.3687,27.1926],[86.3767,27.194],[86.3801,27.1922],[86.3837,27.1831],[86.3865,27.1806],[86.3899,27.1799],[86.3843,27.1753],[86.3849,27.174],[86.3812,27.1701],[86.3781,27.1656],[86.3791,27.164],[86.3736,27.1587],[86.3737,27.155],[86.3705,27.1511],[86.3711,27.1473],[86.3686,27.1437],[86.3682,27.1409],[86.3635,27.1421],[86.3603,27.1394],[86.3556,27.1433],[86.3503,27.1428],[86.3412,27.1449],[86.341,27.1411],[86.3364,27.1367],[86.3377,27.135],[86.3343,27.1306],[86.3352,27.1278],[86.3307,27.1172],[86.3245,27.11],[86.3132,27.1109],[86.3119,27.1095],[86.3064,27.1089],[86.3112,27.103],[86.3177,27.1019],[86.3249,27.0992],[86.3278,27.1006],[86.3319,27.0998],[86.3404,27.1064],[86.3481,27.1062],[86.3497,27.1049],[86.3549,27.1043],[86.3558,27.1006],[86.3579,27.0992],[86.3624,27.099],[86.357,27.0942],[86.3583,27.084],[86.3554,27.0817],[86.3544,27.0757],[86.3515,27.0738],[86.3512,27.0704],[86.3469,27.0704],[86.3458,27.0683],[86.3469,27.0646],[86.3503,27.0638],[86.3512,27.0616],[86.356,27.0593],[86.3609,27.0548],[86.3635,27.0537],[86.3642,27.0499],[86.3641,27.0423],[86.3668,27.0378],[86.3709,27.0371],[86.3752,27.0348],[86.3792,27.0346],[86.3794,27.0314],[86.3741,27.0229],[86.3754,27.0208],[86.372,27.0157],[86.374,27.0134],[86.3722,27.0108],[86.3741,27.0087],[86.3731,27.0036],[86.3667,27.0003],[86.3682,26.9955],[86.3667,26.9906],[86.3664,26.9841],[86.3646,26.9789],[86.3616,26.9748],[86.3581,26.9719],[86.353,26.9646],[86.3461,26.9637],[86.3426,26.9646],[86.3372,26.9638],[86.3331,26.9648],[86.3306,26.9639],[86.3165,26.9637],[86.3117,26.9625],[86.3078,26.9604],[86.3022,26.9557],[86.2928,26.9507],[86.2835,26.9492],[86.2812,26.9472],[86.2797,26.9375],[86.2764,26.9332],[86.2698,26.9311],[86.2645,26.9282],[86.2599,26.923],[86.2597,26.9191],[86.2593,26.9145],[86.2565,26.9118],[86.2524,26.9116],[86.2462,26.9151],[86.2443,26.912],[86.242,26.9057],[86.2361,26.9034],[86.2245,26.904],[86.2221,26.8992],[86.224,26.8928],[86.2232,26.8896],[86.221,26.8885],[86.2163,26.8928],[86.2159,26.8962],[86.2079,26.8994],[86.2037,26.9001],[86.2,26.9055],[86.1919,26.9042],[86.1869,26.9065],[86.1812,26.9111],[86.1785,26.9145],[86.1711,26.92],[86.1632,26.9245],[86.1563,26.9265],[86.1578,26.9222],[86.1559,26.919],[86.1608,26.9144],[86.1685,26.9136],[86.1692,26.9105],[86.1739,26.9082],[86.1775,26.9011],[86.1791,26.8996],[86.1847,26.9005],[86.1863,26.8992],[86.1874,26.8945],[86.1946,26.8941],[86.1998,26.8904],[86.2078,26.8873],[86.2189,26.8818],[86.2229,26.8822],[86.2274,26.8807],[86.2342,26.874],[86.2408,26.8666],[86.2469,26.8638],[86.25,26.8676],[86.2542,26.8696],[86.2568,26.8726],[86.2682,26.8781],[86.2712,26.8825],[86.2784,26.8846],[86.2817,26.8844],[86.2864,26.8866],[86.2905,26.8864],[86.2942,26.8851],[86.2986,26.8858],[86.3072,26.8817],[86.3104,26.8828],[86.3139,26.8792],[86.3173,26.8806],[86.3201,26.879],[86.3314,26.8791],[86.3408,26.8802],[86.3463,26.8775],[86.3501,26.8781],[86.3551,26.8769],[86.358,26.875],[86.3623,26.8749],[86.3653,26.8724],[86.3692,26.8749],[86.3695,26.8802],[86.3741,26.8841],[86.3748,26.8898],[86.377,26.8921],[86.3771,26.8971],[86.383,26.9029],[86.3827,26.9082],[86.3949,26.9083],[86.3965,26.9097],[86.4012,26.9082],[86.404,26.9097],[86.4074,26.9072],[86.4136,26.9069],[86.4234,26.903],[86.4282,26.9025],[86.4334,26.8982],[86.4403,26.895],[86.4453,26.8915],[86.4519,26.8887],[86.4569,26.8875],[86.4671,26.8869],[86.4709,26.8878],[86.4784,26.8877],[86.4801,26.8867],[86.4774,26.8829],[86.4796,26.8759],[86.4796,26.873],[86.4817,26.8699],[86.4878,26.8682],[86.4929,26.864],[86.4945,26.859],[86.4967,26.8567],[86.5004,26.8576],[86.5046,26.8563],[86.5063,26.847],[86.5113,26.8468],[86.511,26.8431],[86.5128,26.8404],[86.5155,26.8436],[86.5185,26.8422],[86.5208,26.8345],[86.5195,26.8319],[86.5258,26.8324],[86.528,26.8317],[86.5374,26.8319],[86.5397,26.8355],[86.5467,26.8368],[86.552,26.8352],[86.5514,26.8321],[86.5546,26.8307],[86.5516,26.8244],[86.5516,26.8204],[86.5533,26.8146],[86.5503,26.8134],[86.547,26.8076],[86.5448,26.8063],[86.5459,26.8034],[86.5409,26.7996],[86.5367,26.8008],[86.5344,26.7981],[86.5357,26.7959],[86.5316,26.7923],[86.5313,26.7888],[86.5367,26.7866],[86.5363,26.7844],[86.5482,26.7819],[86.551,26.7864],[86.5563,26.7881],[86.5576,26.7902],[86.5654,26.7882],[86.565,26.7829],[86.5685,26.7816],[86.5708,26.7844],[86.5779,26.7843],[86.577,26.7819],[86.5772,26.7758],[86.5726,26.7698],[86.5689,26.7681],[86.5678,26.7643],[86.5582,26.7538],[86.5578,26.7517],[86.5533,26.7471],[86.5561,26.7446],[86.563,26.7443],[86.5672,26.7429],[86.5697,26.7407],[86.5739,26.7396],[86.5717,26.7332],[86.5729,26.7305],[86.5717,26.7246],[86.5736,26.7205],[86.5799,26.7167],[86.5804,26.7131],[86.583,26.7124],[86.5812,26.7082],[86.5833,26.7017],[86.5857,26.7007],[86.5883,26.6974],[86.5957,26.697],[86.6009,26.6999],[86.6049,26.6933],[86.6072,26.691],[86.6111,26.6894],[86.6135,26.694],[86.6166,26.6951],[86.6213,26.6935],[86.6251,26.6906],[86.6276,26.6903],[86.6282,26.6943],[86.6312,26.6947],[86.6342,26.6986],[86.6435,26.6972],[86.6495,26.6898],[86.6522,26.6916],[86.6567,26.6917],[86.6576,26.6939],[86.6641,26.7026],[86.6667,26.7038],[86.6691,26.7012],[86.671,26.6969],[86.6707,26.6935],[86.6789,26.6895],[86.685,26.6881],[86.6918,26.6903],[86.6987,26.6983],[86.7028,26.6994],[86.7036,26.7035],[86.7057,26.7068],[86.7104,26.7069],[86.7139,26.7082],[86.7182,26.7069],[86.7224,26.7096],[86.7284,26.71],[86.7331,26.7119],[86.7384,26.7119],[86.7401,26.7096],[86.7397,26.7057],[86.7421,26.705],[86.7424,26.7017],[86.7531,26.6952],[86.7528,26.6906],[86.7566,26.6894],[86.7604,26.6956],[86.7637,26.6949],[86.7691,26.6995],[86.7715,26.6987],[86.7756,26.7025],[86.7815,26.7018],[86.7844,26.7049],[86.7895,26.7078],[86.7925,26.7082],[86.7949,26.7105],[86.7978,26.7107],[86.8,26.7127],[86.8053,26.7124],[86.8082,26.7091],[86.8133,26.7079],[86.8154,26.7097],[86.8188,26.7093],[86.8234,26.7143],[86.8354,26.7112],[86.8399,26.7043],[86.8402,26.6985],[86.8437,26.6932],[86.8467,26.6936],[86.8485,26.6918],[86.8537,26.6962],[86.8616,26.7018],[86.8658,26.701],[86.8654,26.7069],[86.8668,26.7104],[86.8713,26.7132],[86.8767,26.7124],[86.879,26.713],[86.883,26.7113],[86.885,26.7121],[86.8886,26.7172],[86.8899,26.7204],[86.8943,26.7242],[86.8982,26.7265],[86.9041,26.7321],[86.9036,26.7353],[86.9106,26.7393],[86.9114,26.7411],[86.9088,26.7463],[86.9086,26.7523],[86.9095,26.7556],[86.9087,26.7593],[86.9136,26.7605],[86.9217,26.7666],[86.9263,26.7626],[86.9278,26.7575],[86.9248,26.75],[86.9325,26.7407],[86.9445,26.733],[86.9493,26.7322],[86.9638,26.7359],[86.9671,26.7357],[86.971,26.73],[86.9717,26.7248],[86.9757,26.7192],[86.9815,26.7166],[86.9838,26.7126],[86.9837,26.7057],[86.9845,26.7035],[86.9909,26.6985],[86.9913,26.703],[86.9949,26.7028],[87.0005,26.7075],[87.0032,26.7088],[87.0078,26.709],[87.013,26.7007],[87.014,26.6968],[87.0143,26.6893],[87.0117,26.6865],[87.0107,26.683],[87.0133,26.6753],[87.0128,26.6701],[87.007,26.667],[87.0045,26.6617],[87.0026,26.6599],[87.0023,26.6563],[86.9949,26.6541],[86.9911,26.6496],[86.9911,26.645],[86.9885,26.6411],[86.9885,26.6359],[86.9855,26.634],[86.9855,26.629],[86.9788,26.6252],[86.9869,26.6131],[86.9891,26.6075],[86.9889,26.6031],[86.9844,26.5956],[86.9822,26.5876],[86.9834,26.584],[86.9917,26.5763],[86.9924,26.5724],[86.9891,26.57],[86.9811,26.5627],[86.9739,26.5581],[86.9721,26.5542],[86.9688,26.5516],[86.9663,26.5467],[86.9618,26.5436],[86.9568,26.5427],[86.9509,26.5373],[86.9457,26.5369],[86.9333,26.5336],[86.9236,26.5231],[86.9211,26.5184],[86.9186,26.5159],[86.9159,26.5098],[86.9179,26.5045],[86.9147,26.5002],[86.9117,26.4992],[86.9097,26.4953],[86.9066,26.4927],[86.9069,26.4909],[86.9041,26.4884]]]},"properties":{"Shape_Leng":10.6024864853,"Shape_Area":2.37464196078,"ADM1_EN":"1","ADM1_PCODE":"NP01","ADM1_REF":null,"ADM1ALT1EN":null,"ADM1ALT2EN":null,"ADM0_EN":"Nepal","ADM0_PCODE":"NP","date":"2017/11/15","validOn":"2019/04/30","validTo":null}},
{"type":"Feature","geometry":{"type":"Polygon","coordinates":[[[86.2597,26.9191],[86.2575,26.921],[86.257,26.9273],[86.2579,26.9284],[86.2552,26.9326],[86.2509,26.9356],[86.2409,26.9404],[86.2326,26.9505],[86.2287,26.9492],[86.219,26.9566],[86.2163,26.9604],[86.2094,26.9661],[86.1992,26.9702],[86.1924,26.9753],[86.1913,26.9787],[86.1881,26.9807],[86.1764,26.9867],[86.1698,26.9892],[86.1672,26.9888],[86.1635,26.9916],[86.1539,26.994],[86.1474,26.9973],[86.1404,26.9993],[86.1367,27.0019],[86.1261,27.0069],[86.1118,27.0123],[86.1059,27.0154],[86.0997,27.0174],[86.0867,27.0192],[86.08,27.0184],[86.0778,27.019],[86.069,27.0192],[86.0558,27.0182],[86.0488,27.0192],[86.0486,27.0209],[86.0421,27.0196],[86.0303,27.0208],[86.0235,27.0203],[86.0216,27.0193],[86.0153,27.0202],[86.0125,27.0187],[86.0052,27.0221],[86.0009,27.0212],[85.9983,27.0232],[85.9917,27.0248],[85.987,27.0292],[85.9859,27.0331],[85.9776,27.0417],[85.9739,27.0478],[85.9717,27.0499],[85.9698,27.0539],[85.9706,27.0558],[85.9697,27.061],[85.9661,27.067],[85.9668,27.0699],[85.9653,27.0739],[85.9632,27.0732],[85.9618,27.0767],[85.9622,27.0795],[85.9556,27.0842],[85.9502,27.0839],[85.9505,27.0882],[85.9481,27.0882],[85.9441,27.0921],[85.937,27.1067],[85.9359,27.1102],[85.9382,27.119],[85.9381,27.1214],[85.93,27.1254],[85.9214,27.1273],[85.9198,27.1288],[85.9139,27.1298],[85.9121,27.1322],[85.9091,27.1327],[85.8981,27.1374],[85.8931,27.1411],[85.8909,27.1413],[85.8873,27.1452],[85.8829,27.1464],[85.8809,27.1436],[85.8748,27.1397],[85.8738,27.138],[85.8683,27.1336],[85.864,27.1282],[85.862,27.1274],[85.858,27.1329],[85.8548,27.1341],[85.8537,27.1379],[85.8455,27.1409],[85.8412,27.1443],[85.8383,27.1448],[85.8346,27.1494],[85.8398,27.1526],[85.8406,27.1559],[85.8435,27.16],[85.8353,27.1641],[85.8307,27.1672],[85.8253,27.1684],[85.8226,27.1671],[85.82,27.1638],[85.8142,27.1611],[85.8093,27.1616],[85.8057,27.164],[85.7985,27.1674],[85.7932,27.1688],[85.7886,27.1735],[85.7738,27.1784],[85.7684,27.1824],[85.7631,27.1825],[85.7591,27.1847],[85.7488,27.1867],[85.7475,27.1884],[85.7417,27.188],[85.7378,27.1905],[85.7333,27.1907],[85.7255,27.1949],[85.7223,27.1944],[85.7209,27.1911],[85.7178,27.1882],[85.7146,27.1878],[85.705,27.185],[85.6984,27.1861],[85.6949,27.1841],[85.6937,27.1811],[85.6901,27.1778],[85.686,27.1765],[85.6857,27.1745],[85.6817,27.1694],[85.6775,27.1672],[85.6711,27.1665],[85.6696,27.164],[85.6656,27.1618],[85.6624,27.1562],[85.6561,27.1551],[85.6505,27.1506],[85.6479,27.1457],[85.6417,27.1422],[85.6335,27.1414],[85.6312,27.1379],[85.6283,27.1374],[85.6228,27.1407],[85.6188,27.1401],[85.6128,27.1417],[85.6077,27.1396],[85.6046,27.1397],[85.6004,27.1435],[85.5968,27.1427],[85.5947,27.1406],[85.5891,27.1429],[85.5835,27.1427],[85.5786,27.1435],[85.5753,27.1398],[85.571,27.1371],[85.569,27.1434],[85.562,27.1447],[85.5577,27.1445],[85.5546,27.1467],[85.5498,27.1457],[85.5493,27.1423],[85.5375,27.1486],[85.533,27.1461],[85.5324,27.1426],[85.5281,27.1404],[85.5212,27.1409],[85.516,27.1427],[85.5126,27.142],[85.5096,27.1434],[85.501,27.1436],[85.4957,27.1465],[85.4912,27.1541],[85.4895,27.1546],[85.4921,27.1608],[85.4956,27.1632],[85.5027,27.1626],[85.5037,27.1655],[85.4997,27.1684],[85.5022,27.1704],[85.5031,27.1737],[85.5009,27.1758],[85.4952,27.1737],[85.4941,27.1699],[85.4862,27.1644],[85.4726,27.1619],[85.4687,27.1633],[85.4675,27.1657],[85.4632,27.1666],[85.4572,27.1661],[85.4529,27.1684],[85.4525,27.1756],[85.4534,27.1774],[85.4495,27.1805],[85.4501,27.1841],[85.4481,27.1868],[85.4361,27.1875],[85.434,27.1902],[85.4243,27.193],[85.4183,27.1901],[85.4135,27.1945],[85.4093,27.197],[85.4035,27.1964],[85.3988,27.1968],[85.3965,27.1987],[85.3973,27.2062],[85.3932,27.2104],[85.3838,27.2076],[85.3766,27.2121],[85.3728,27.2101],[85.3694,27.212],[85.3626,27.2128],[85.3593,27.2111],[85.3537,27.2158],[85.3477,27.2223],[85.339,27.2196],[85.3328,27.223],[85.3232,27.2254],[85.3158,27.2279],[85.3123,27.2306],[85.3074,27.2318],[85.304,27.2299],[85.293,27.2329],[85.2879,27.231],[85.2806,27.2312],[85.2795,27.2288],[85.2738,27.2296],[85.2697,27.2285],[85.2674,27.2263],[85.2608,27.227],[85.257,27.2307],[85.2581,27.2342],[85.2543,27.2372],[85.2516,27.243],[85.249,27.2464],[85.2456,27.2466],[85.243,27.2487],[85.239,27.2486],[85.2332,27.2454],[85.2318,27.2434],[85.2247,27.2455],[85.2204,27.244],[85.2152,27.2468],[85.2092,27.2452],[85.2067,27.2483],[85.2025,27.2503],[85.1997,27.2493],[85.1971,27.2456],[85.1929,27.2451],[85.1821,27.2473],[85.1774,27.2497],[85.181,27.2546],[85.1754,27.2537],[85.1701,27.2555],[85.1683,27.2598],[85.1614,27.2621],[85.156,27.2621],[85.1518,27.2658],[85.1513,27.2684],[85.1456,27.2725],[85.1442,27.2801],[85.1448,27.283],[85.1388,27.2866],[85.1375,27.2895],[85.1322,27.292],[85.1266,27.2926],[85.1271,27.2956],[85.1251,27.3016],[85.1213,27.3019],[85.1191,27.3093],[85.119,27.3144],[85.1168,27.3179],[85.1058,27.3191],[85.1032,27.3233],[85.0949,27.3325],[85.0919,27.342],[85.093,27.3433],[85.0931,27.3486],[85.0913,27.3566],[85.0881,27.3582],[85.0871,27.3609],[85.0772,27.3635],[85.0705,27.3644],[85.0666,27.3609],[85.0608,27.3612],[85.0568,27.3657],[85.0448,27.3616],[85.0425,27.3589],[85.04,27.3593],[85.0356,27.3574],[85.0312,27.3606],[85.0215,27.3572],[85.0221,27.3538],[85.016,27.3539],[85.0132,27.3554],[85.0087,27.3548],[85.0045,27.3529],[85.0009,27.3558],[85.0006,27.3621],[84.9992,27.3654],[84.9945,27.3653],[84.9877,27.3617],[84.9834,27.3625],[84.9802,27.3616],[84.9756,27.3564],[84.9723,27.3552],[84.9656,27.3586],[84.9649,27.3631],[84.9619,27.3627],[84.9577,27.3595],[84.9553,27.3613],[84.9564,27.3635],[84.9544,27.3664],[84.9518,27.367],[84.9492,27.3621],[84.941,27.3632],[84.9409,27.3658],[84.9359,27.3665],[84.9261,27.3643],[84.9214,27.3708],[84.9142,27.3728],[84.909,27.377],[84.9064,27.3774],[84.9025,27.3747],[84.8987,27.3776],[84.8973,27.3847],[84.8934,27.3874],[84.8884,27.3892],[84.8827,27.3878],[84.8785,27.3933],[84.8788,27.3961],[84.8718,27.3991],[84.8681,27.3975],[84.8561,27.3989],[84.8517,27.3988],[84.8513,27.4038],[84.8441,27.412],[84.8411,27.4119],[84.8337,27.4177],[84.8302,27.4163],[84.8256,27.4196],[84.8155,27.419],[84.8105,27.416],[84.8086,27.4237],[84.7974,27.4328],[84.7976,27.4349],[84.7909,27.4378],[84.7862,27.4369],[84.7846,27.4354],[84.7796,27.4363],[84.7747,27.4387],[84.7703,27.4389],[84.7686,27.4372],[84.7579,27.4375],[84.7555,27.4357],[84.7491,27.4376],[84.7433,27.4421],[84.7396,27.4405],[84.7381,27.4424],[84.734,27.4441],[84.7261,27.4447],[84.7243,27.4409],[84.7217,27.439],[84.7191,27.4342],[84.7194,27.4316],[84.7133,27.4325],[84.7099,27.4317],[84.7049,27.433],[84.7026,27.4321],[84.6906,27.4325],[84.684,27.4305],[84.6779,27.4294],[84.6707,27.4291],[84.663,27.4297],[84.6617,27.433],[84.6565,27.4327],[84.6526,27.4305],[84.6467,27.4294],[84.6453,27.4347],[84.6437,27.4362],[84.6431,27.4428],[84.6416,27.4441],[84.6351,27.4445],[84.6291,27.4491],[84.6281,27.4509],[84.6229,27.4498],[84.6211,27.4512],[84.6092,27.4523],[84.6068,27.4543],[84.6003,27.4517],[84.5956,27.4546],[84.5911,27.4533],[84.5834,27.4562],[84.581,27.4542],[84.576,27.454],[84.5732,27.4588],[84.5678,27.4605],[84.5653,27.4632],[84.5608,27.4626],[84.5577,27.4584],[84.5582,27.454],[84.5566,27.4512],[84.5575,27.449],[84.5559,27.4415],[84.5513,27.4372],[84.5508,27.4327],[84.5478,27.4268],[84.548,27.4178],[84.5397,27.419],[84.5341,27.4125],[84.545,27.41],[84.5469,27.4047],[84.5434,27.4035],[84.5358,27.4034],[84.5345,27.3983],[84.5359,27.3915],[84.5395,27.3877],[84.5391,27.3854],[84.5325,27.384],[84.5305,27.3811],[84.5242,27.3834],[84.5199,27.3841],[84.5112,27.3824],[84.51,27.3808],[84.5041,27.3812],[84.5017,27.3766],[84.4956,27.3767],[84.492,27.3726],[84.4879,27.3715],[84.4875,27.3694],[84.4839,27.3661],[84.4859,27.3586],[84.5037,27.3547],[84.5108,27.3545],[84.5127,27.3533],[84.5181,27.3527],[84.5208,27.3537],[84.5336,27.3502],[84.5383,27.3505],[84.5477,27.3487],[84.5535,27.3492],[84.5624,27.3475],[84.565,27.3476],[84.5752,27.3445],[84.578,27.3442],[84.5865,27.3414],[84.5935,27.3406],[84.6043,27.3369],[84.6087,27.3364],[84.6188,27.3379],[84.6228,27.3356],[84.6321,27.3232],[84.643,27.3063],[84.653,27.2891],[84.6765,27.2466],[84.6833,27.2329],[84.6857,27.2291],[84.6852,27.2265],[84.6896,27.2235],[84.6894,27.2193],[84.6908,27.2149],[84.6877,27.2151],[84.6846,27.2127],[84.6873,27.2092],[84.6806,27.201],[84.6835,27.1972],[84.6818,27.1883],[84.6795,27.1864],[84.6814,27.1835],[84.6823,27.1776],[84.6808,27.1753],[84.6755,27.1716],[84.6788,27.1704],[84.6804,27.1676],[84.6772,27.166],[84.6767,27.1632],[84.6815,27.1593],[84.6844,27.1609],[84.6864,27.1593],[84.6807,27.1512],[84.6827,27.1482],[84.6836,27.1437],[84.6814,27.1399],[84.6778,27.1296],[84.6789,27.1275],[84.6756,27.1235],[84.677,27.1192],[84.677,27.1152],[84.6725,27.1139],[84.6699,27.1105],[84.6709,27.1073],[84.6738,27.1053],[84.6754,27.1015],[84.6734,27.096],[84.6702,27.0982],[84.6676,27.0936],[84.6662,27.0878],[84.659,27.0847],[84.6555,27.0844],[84.6573,27.0813],[84.6566,27.0792],[84.6521,27.0785],[84.6472,27.0759],[84.6447,27.0666],[84.6453,27.0641],[84.6431,27.0602],[84.6444,27.0586],[84.6463,27.0514],[84.6432,27.051],[84.6428,27.0465],[84.6521,27.0431],[84.6799,27.0323],[84.7014,27.0271],[84.7096,27.0215],[84.7141,27.0215],[84.7189,27.0176],[84.7197,27.0152],[84.7234,27.0137],[84.7276,27.0136],[84.7291,27.015],[84.7331,27.0138],[84.7568,27.0029],[84.7609,27.0056],[84.7647,27.013],[84.771,27.0173],[84.7734,27.0177],[84.7826,27.0142],[84.7841,27.0082],[84.7888,27.0087],[84.7863,26.9986],[84.7886,26.9986],[84.7938,26.996],[84.7948,26.9991],[84.7991,27.0036],[84.8056,27.0063],[84.8077,27.012],[84.8069,27.0147],[84.8087,27.0181],[84.8112,27.0159],[84.8168,27.0209],[84.8226,27.0214],[84.8297,27.0196],[84.8325,27.0173],[84.8385,27.0141],[84.8547,27.0083],[84.8512,27.0031],[84.8532,26.9982],[84.8576,26.998],[84.8578,26.9929],[84.8549,26.9926],[84.8589,26.988],[84.8619,26.9872],[84.8648,26.9843],[84.8781,26.9799],[84.8887,26.9775],[84.8921,26.9723],[84.8966,26.9727],[84.9,26.9698],[84.9017,26.9703],[84.9099,26.968],[84.9172,26.969],[84.924,26.9676],[84.9293,26.9687],[84.9335,26.9679],[84.9531,26.9599],[84.9568,26.9611],[84.9627,26.9604],[84.9671,26.9558],[84.9783,26.9403],[84.9754,26.9387],[84.9782,26.9359],[84.9762,26.932],[84.9734,26.9316],[84.9702,26.929],[84.9718,26.9266],[84.9694,26.925],[84.9718,26.9224],[84.9703,26.9208],[84.9717,26.9156],[84.9827,26.9146],[84.9995,26.9122],[85.0018,26.9099],[85.0004,26.9046],[84.9966,26.9066],[84.993,26.9054],[84.9927,26.9033],[85.0053,26.8947],[85.0176,26.8935],[85.0225,26.8918],[85.029,26.892],[85.0435,26.8906],[85.0582,26.8854],[85.0558,26.8818],[85.0521,26.8849],[85.0518,26.8808],[85.0454,26.8787],[85.0427,26.8794],[85.0421,26.8752],[85.0368,26.8755],[85.0289,26.8749],[85.0279,26.8713],[85.0299,26.8675],[85.0266,26.8666],[85.0288,26.8594],[85.0222,26.8563],[85.022,26.8549],[85.0285,26.8541],[85.0435,26.8511],[85.0574,26.8492],[85.0568,26.8531],[85.0617,26.8543],[85.0629,26.8498],[85.066,26.8515],[85.0665,26.854],[85.0713,26.8545],[85.0744,26.8561],[85.0846,26.8551],[85.0875,26.8568],[85.0894,26.8601],[85.0857,26.8646],[85.0891,26.8676],[85.0961,26.8671],[85.0995,26.8711],[85.1108,26.8714],[85.1112,26.8725],[85.1237,26.8714],[85.1251,26.8702],[85.1351,26.8679],[85.14,26.8712],[85.1537,26.8707],[85.1596,26.8694],[85.168,26.8685],[85.1829,26.8699],[85.1899,26.8701],[85.1926,26.8668],[85.1928,26.863],[85.191,26.8523],[85.1907,26.8472],[85.1927,26.8389],[85.1912,26.8313],[85.189,26.8273],[85.1849,26.8223],[85.177,26.8152],[85.1768,26.8097],[85.1824,26.8009],[85.1794,26.7982],[85.1824,26.7947],[85.186,26.7956],[85.1866,26.791],[85.1921,26.7915],[85.1948,26.7858],[85.1917,26.7822],[85.1975,26.7696],[85.2005,26.7689],[85.2059,26.7616],[85.2118,26.758],[85.2192,26.7588],[85.2225,26.7602],[85.2344,26.7627],[85.2478,26.7604],[85.2541,26.7583],[85.2603,26.7553],[85.2794,26.7535],[85.2906,26.7531],[85.3055,26.7522],[85.3153,26.7494],[85.3194,26.749],[85.3221,26.7453],[85.3252,26.7451],[85.3343,26.7415],[85.355,26.76],[85.3616,26.7632],[85.3653,26.7595],[85.3711,26.7587],[85.3771,26.7624],[85.3842,26.7742],[85.3921,26.7754],[85.3978,26.7786],[85.4028,26.7829],[85.4077,26.7913],[85.4178,26.7904],[85.4243,26.7861],[85.429,26.7863],[85.4326,26.7902],[85.4516,26.7816],[85.4537,26.7815],[85.4639,26.7884],[85.4737,26.7902],[85.4779,26.7928],[85.4789,26.7949],[85.4792,26.8021],[85.4804,26.8023],[85.4956,26.7973],[85.4969,26.7994],[85.4978,26.8119],[85.5019,26.8148],[85.5075,26.8169],[85.5198,26.8145],[85.5424,26.8376],[85.5442,26.8378],[85.5534,26.8344],[85.5576,26.8441],[85.5657,26.841],[85.5721,26.857],[85.5753,26.8611],[85.5782,26.8596],[85.5782,26.8564],[85.5825,26.8588],[85.5864,26.8527],[85.5848,26.8505],[85.588,26.8489],[85.6058,26.8569],[85.6074,26.8579],[85.6235,26.8736],[85.6344,26.8723],[85.6424,26.8533],[85.6496,26.8513],[85.6794,26.8438],[85.6932,26.837],[85.7043,26.8323],[85.7142,26.8248],[85.7212,26.8201],[85.7287,26.8082],[85.7286,26.8029],[85.7344,26.7959],[85.7351,26.7786],[85.7326,26.7656],[85.7287,26.7498],[85.7341,26.7374],[85.7295,26.7339],[85.7314,26.7307],[85.7259,26.7209],[85.7279,26.718],[85.7262,26.7113],[85.7264,26.7067],[85.7245,26.7033],[85.7252,26.6931],[85.7235,26.6879],[85.7253,26.6846],[85.7249,26.6745],[85.7254,26.6706],[85.7299,26.6658],[85.732,26.6657],[85.7356,26.6624],[85.7349,26.6576],[85.7322,26.6541],[85.7368,26.6506],[85.7377,26.6485],[85.7454,26.6414],[85.7491,26.6387],[85.7597,26.6363],[85.7693,26.63],[85.7819,26.6282],[85.789,26.6263],[85.8014,26.6243],[85.8033,26.615],[85.8175,26.6028],[85.8304,26.6017],[85.8312,26.6114],[85.851,26.6086],[85.8578,26.5899],[85.8483,26.5769],[85.8491,26.569],[85.8569,26.5721],[85.8601,26.5703],[85.8685,26.5753],[85.8691,26.578],[85.8723,26.5786],[85.8798,26.584],[85.8855,26.5824],[85.888,26.5836],[85.8883,26.5862],[85.8923,26.5949],[85.896,26.5938],[85.9004,26.5949],[85.9003,26.6],[85.9063,26.6036],[85.9125,26.6043],[85.9153,26.6085],[85.9264,26.6117],[85.9307,26.6161],[85.9327,26.6136],[85.938,26.6163],[85.94,26.6147],[85.9456,26.6128],[85.9477,26.617],[85.9461,26.6212],[85.9495,26.6248],[85.9514,26.6243],[85.9556,26.6309],[85.9524,26.6375],[85.9539,26.6393],[85.9534,26.6437],[85.9566,26.6494],[85.9644,26.6527],[85.9676,26.652],[85.97,26.655],[85.973,26.6548],[85.976,26.6583],[85.9868,26.657],[85.9998,26.655],[86.0059,26.6563],[86.0098,26.654],[86.0137,26.6606],[86.0187,26.6612],[86.027,26.6667],[86.0529,26.6603],[86.068,26.6579],[86.0699,26.657],[86.0735,26.6502],[86.0775,26.648],[86.1007,26.6371],[86.1194,26.6301],[86.1387,26.6288],[86.1409,26.6172],[86.1395,26.6167],[86.136,26.6066],[86.1422,26.6053],[86.1458,26.6088],[86.1551,26.61],[86.1609,26.6147],[86.1677,26.6144],[86.1716,26.6172],[86.1738,26.614],[86.176,26.6155],[86.1825,26.6138],[86.1866,26.6151],[86.1923,26.6147],[86.1902,26.6119],[86.195,26.6087],[86.1966,26.6015],[86.1967,26.5934],[86.2057,26.5965],[86.2075,26.5935],[86.213,26.5914],[86.2173,26.5885],[86.2237,26.5914],[86.2269,26.5905],[86.2288,26.5922],[86.2343,26.5935],[86.2377,26.6017],[86.2402,26.6035],[86.2511,26.6152],[86.2533,26.6149],[86.2756,26.6174],[86.2929,26.6133],[86.3079,26.62],[86.3294,26.6195],[86.3425,26.6171],[86.343,26.6141],[86.339,26.6085],[86.3409,26.6061],[86.3559,26.6044],[86.396,26.5936],[86.3972,26.5916],[86.395,26.5852],[86.4304,26.573],[86.4555,26.5682],[86.4739,26.5567],[86.4926,26.5461],[86.4973,26.5424],[86.5157,26.5393],[86.5218,26.5435],[86.5282,26.5429],[86.5314,26.5408],[86.5418,26.5385],[86.5479,26.5316],[86.5506,26.5303],[86.5517,26.5237],[86.5544,26.5243],[86.5556,26.5183],[86.5552,26.5154],[86.5614,26.5097],[86.5646,26.5021],[86.5694,26.4987],[86.5703,26.4965],[86.5807,26.494],[86.5886,26.4935],[86.6185,26.4837],[86.6216,26.4818],[86.6259,26.4809],[86.6293,26.4776],[86.6276,26.4758],[86.6261,26.4696],[86.6295,26.4689],[86.6344,26.4662],[86.6385,26.4656],[86.6396,26.4635],[86.6579,26.4588],[86.6903,26.451],[86.6934,26.4512],[86.6961,26.4489],[86.6958,26.4443],[86.6985,26.4428],[86.7003,26.4373],[86.7201,26.4349],[86.7251,26.4262],[86.7284,26.4267],[86.7326,26.4244],[86.7374,26.4237],[86.7407,26.4246],[86.7465,26.431],[86.7473,26.4362],[86.7493,26.4406],[86.7531,26.4421],[86.7528,26.4454],[86.7572,26.4478],[86.7602,26.4482],[86.7604,26.4516],[86.7641,26.4513],[86.7625,26.4559],[86.7663,26.4594],[86.7707,26.4583],[86.7926,26.4501],[86.8045,26.4464],[86.8334,26.4391],[86.8392,26.4414],[86.8429,26.4403],[86.8455,26.4439],[86.8459,26.4483],[86.8518,26.4476],[86.856,26.4485],[86.8602,26.4564],[86.8644,26.4577],[86.8665,26.4549],[86.8735,26.4543],[86.8781,26.4579],[86.8817,26.4585],[86.8838,26.461],[86.8914,26.4614],[86.8941,26.4623],[86.8946,26.4688],[86.8901,26.4818],[86.8932,26.4877],[86.9041,26.4884],[86.9069,26.4909],[86.9066,26.4927],[86.9097,26.4953],[86.9117,26.4992],[86.9147,26.5002],[86.9179,26.5045],[86.9159,26.5098],[86.9186,26.5159],[86.9211,26.5184],[86.9236,26.5231],[86.9333,26.5336],[86.9457,26.5369],[86.9509,26.5373],[86.9568,26.5427],[86.9618,26.5436],[86.9663,26.5467],[86.9688,26.5516],[86.9721,26.5542],[86.9739,26.5581],[86.9811,26.5627],[86.9891,26.57],[86.9924,26.5724],[86.9917,26.5763],[86.9834,26.584],[86.9822,26.5876],[86.9844,26.5956],[86.9889,26.6031],[86.9891,26.6075],[86.9869,26.6131],[86.9788,26.6252],[86.9855,26.629],[86.9855,26.634],[86.9885,26.6359],[86.9885,26.6411],[86.9911,26.645],[86.9911,26.6496],[86.9949,26.6541],[87.0023,26.6563],[87.0026,26.6599],[87.0045,26.6617],[87.007,26.667],[87.0128,26.6701],[87.0133,26.6753],[87.0107,26.683],[87.0117,26.6865],[87.0143,26.6893],[87.014,26.6968],[87.013,26.7007],[87.0078,26.709],[87.0032,26.7088],[87.0005,26.7075],[86.9949,26.7028],[86.9913,26.703],[86.9909,26.6985],[86.9845,26.7035],[86.9837,26.7057],[86.9838,26.7126],[86.9815,26.7166],[86.9757,26.7192],[86.9717,26.7248],[86.971,26.73],[86.9671,26.7357],[86.9638,26.7359],[86.9493,26.7322],[86.9445,26.733],[86.9325,26.7407],[86.9248,26.75],[86.9278,26.7575],[86.9263,26.7626],[86.9217,26.7666],[86.9136,26.7605],[86.9087,26.7593],[86.9095,26.7556],[86.9086,26.7523],[86.9088,26.7463],[86.9114,26.7411],[86.9106,26.7393],[86.9036,26.7353],[86.9041,26.7321],[86.8982,26.7265],[86.8943,26.7242],[86.8899,26.7204],[86.8886,26.7172],[86.885,26.7121],[86.883,26.7113],[86.879,26.713],[86.8767,26.7124],[86.8713,26.7132],[86.8668,26.7104],[86.8654,26.7069],[86.8658,26.701],[86.8616,26.7018],[86.8537,26.6962],[86.8485,26.6918],[86.8467,26.6936],[86.8437,26.6932],[86.8402,26.6985],[86.8399,26.7043],[86.8354,26.7112],[86.8234,26.7143],[86.8188,26.7093],[86.8154,26.7097],[86.8133,26.7079],[86.8082,26.7091],[86.8053,26.7124],[86.8,26.7127],[86.7978,26.7107],[86.7949,26.7105],[86.7925,26.7082],[86.7895,26.7078],[86.7844,26.7049],[86.7815,26.7018],[86.7756,26.7025],[86.7715,26.6987],[86.7691,26.6995],[86.7637,26.6949],[86.7604,26.6956],[86.7566,26.6894],[86.7528,26.6906],[86.7531,26.6952],[86.7424,26.7017],[86.7421,26.705],[86.7397,26.7057],[86.7401,26.7096],[86.7384,26.7119],[86.7331,26.7119],[86.7284,26.71],[86.7224,26.7096],[86.7182,26.7069],[86.7139,26.7082],[86.7104,26.7069],[86.7057,26.7068],[86.7036,26.7035],[86.7028,26.6994],[86.6987,26.6983],[86.6918,26.6903],[86.685,26.6881],[86.6789,26.6895],[86.6707,26.6935],[86.671,26.6969],[86.6691,26.7012],[86.6667,26.7038],[86.6641,26.7026],[86.6576,26.6939],[86.6567,26.6917],[86.6522,26.6916],[86.6495,26.6898],[86.6435,26.6972],[86.6342,26.6986],[86.6312,26.6947],[86.6282,26.6943],[86.6276,26.6903],[86.6251,26.6906],[86.6213,26.6935],[86.6166,26.6951],[86.6135,26.694],[86.6111,26.6894],[86.6072,26.691],[86.6049,26.6933],[86.6009,26.6999],[86.5957,26.697],[86.5883,26.6974],[86.5857,26.7007],[86.5833,26.7017],[86.5812,26.7082],[86.583,26.7124],[86.5804,26.7131],[86.5799,26.7167],[86.5736,26.7205],[86.5717,26.7246],[86.5729,26.7305],[86.5717,26.7332],[86.5739,26.7396],[86.5697,26.7407],[86.5672,26.7429],[86.563,26.7443],[86.5561,26.7446],[86.5533,26.7471],[86.5578,26.7517],[86.5582,26.7538],[86.5678,26.7643],[86.5689,26.7681],[86.5726,26.7698],[86.5772,26.7758],[86.577,26.7819],[86.5779,26.7843],[86.5708,26.7844],[86.5685,26.7816],[86.565,26.7829],[86.5654,26.7882],[86.5576,26.7902],[86.5563,26.7881],[86.551,26.7864],[86.5482,26.7819],[86.5363,26.7844],[86.5367,26.7866],[86.5313,26.7888],[86.5316,26.7923],[86.5357,26.7959],[86.5344,26.7981],[86.5367,26.8008],[86.5409,26.7996],[86.5459,26.8034],[86.5448,26.8063],[86.547,26.8076],[86.5503,26.8134],[86.5533,26.8146],[86.5516,26.8204],[86.5516,26.8244],[86.5546,26.8307],[86.5514,26.8321],[86.552,26.8352],[86.5467,26.8368],[86.5397,26.8355],[86.5374,26.8319],[86.528,26.8317],[86.5258,26.8324],[86.5195,26.8319],[86.5208,26.8345],[86.5185,26.8422],[86.5155,26.8436],[86.5128,26.8404],[86.511,26.8431],[86.5113,26.8468],[86.5063,26.847],[86.5046,26.8563],[86.5004,26.8576],[86.4967,26.8567],[86.4945,26.859],[86.4929,26.864],[86.4878,26.8682],[86.4817,26.8699],[86.4796,26.873],[86.4796,26.8759],[86.4774,26.8829],[86.4801,26.8867],[86.4784,26.8877],[86.4709,26.8878],[86.4671,26.8869],[86.4569,26.8875],[86.4519,26.8887],[86.4453,26.8915],[86.4403,26.895],[86.4334,26.8982],[86.4282,26.9025],[86.4234,26.903],[86.4136,26.9069],[86.4074,26.9072],[86.404,26.9097],[86.4012,26.9082],[86.3965,26.9097],[86.3949,26.9083],[86.3827,26.9082],[86.383,26.9029],[86.3771,26.8971],[86.377,26.8921],[86.3748,26.8898],[86.3741,26.8841],[86.3695,26.8802],[86.3692,26.8749],[86.3653,26.8724],[86.3623,26.8749],[86.358,26.875],[86.3551,26.8769],[86.3501,26.8781],[86.3463,26.8775],[86.3408,26.8802],[86.3314,26.8791],[86.3201,26.879],[86.3173,26.8806],[86.3139,26.8792],[86.3104,26.8828],[86.3072,26.8817],[86.2986,26.8858],[86.2942,26.8851],[86.2905,26.8864],[86.2864,26.8866],[86.2817,26.8844],[86.2784,26.8846],[86.2712,26.8825],[86.2682,26.8781],[86.2568,26.8726],[86.2542,26.8696],[86.25,26.8676],[86.2469,26.8638],[86.2408,26.8666],[86.2342,26.874],[86.2274,26.8807],[86.2229,26.8822],[86.2189,26.8818],[86.2078,26.8873],[86.1998,26.8904],[86.1946,26.8941],[86.1874,26.8945],[86.1863,26.8992],[86.1847,26.9005],[86.1791,26.8996],[86.1775,26.9011],[86.1739,26.9082],[86.1692,26.9105],[86.1685,26.9136],[86.1608,26.9144],[86.1559,26.919],[86.1578,26.9222],[86.1563,26.9265],[86.1632,26.9245],[86.1711,26.92],[86.1785,26.9145],[86.1812,26.9111],[86.1869,26.9065],[86.1919,26.9042],[86.2,26.9055],[86.2037,26.9001],[86.2079,26.8994],[86.2159,26.8962],[86.2163,26.8928],[86.221,26.8885],[86.2232,26.8896],[86.224,26.8928],[86.2221,26.8992],[86.2245,26.904],[86.2361,26.9034],[86.242,26.9057],[86.2443,26.912],[86.2462,26.9151],[86.2524,26.9116],[86.2565,26.9118],[86.2593,26.9145],[86.2597,26.9191]]]},"properties":{"Shape_Leng":9.02060676246,"Shape_Area":0.871738397161,"ADM1_EN":"2","ADM1_PCODE":"NP02","ADM1_REF":null,"ADM1ALT1EN":null,"ADM1ALT2EN":null,"ADM0_EN":"Nepal","ADM0_PCODE":"NP","date":"2017/11/15","validOn":"2019/04/30","validTo":null}},
{"type":"Feature","geometry":{"type":"Polygon","coordinates":[[[86.5156,27.9566],[86.5063,27.9572],[86.4977,27.9572],[86.4923,27.9526],[86.4862,27.9516],[86.4815,27.9479],[86.4737,27.9482],[86.4694,27.9462],[86.4664,27.9413],[86.4701,27.9343],[86.4699,27.93],[86.4594,27.9223],[86.4567,27.919],[86.4559,27.9155],[86.451,27.9145],[86.4465,27.9126],[86.4435,27.9089],[86.4425,27.9057],[86.4393,27.9077],[86.4292,27.9096],[86.4213,27.9091],[86.4108,27.9066],[86.4063,27.9127],[86.4054,27.9167],[86.4003,27.9203],[86.3983,27.9231],[86.393,27.9259],[86.3909,27.9259],[86.3873,27.9318],[86.3813,27.9379],[86.3701,27.941],[86.3636,27.9406],[86.3576,27.9414],[86.3484,27.9376],[86.3421,27.9439],[86.3411,27.9466],[86.3376,27.9495],[86.3395,27.9536],[86.3355,27.96],[86.3353,27.9651],[86.3188,27.9479],[86.3133,27.9497],[86.3079,27.9559],[86.3041,27.9556],[86.3024,27.9593],[86.2996,27.9612],[86.2999,27.9672],[86.2966,27.973],[86.2888,27.9784],[86.2811,27.9771],[86.2781,27.9788],[86.2664,27.9805],[86.2642,27.9795],[86.2538,27.978],[86.2437,27.9743],[86.2374,27.9731],[86.233,27.9744],[86.2313,27.9778],[86.2268,27.9809],[86.2252,27.9873],[86.2229,27.9927],[86.2222,27.9973],[86.2224,28.0041],[86.22,28.011],[86.221,28.0166],[86.2212,28.0235],[86.2254,28.0292],[86.2243,28.0342],[86.2192,28.037],[86.2174,28.0413],[86.2173,28.0446],[86.2154,28.0463],[86.2169,28.0494],[86.2164,28.0525],[86.2134,28.0555],[86.2097,28.0654],[86.2096,28.0724],[86.2063,28.0764],[86.2043,28.0836],[86.2078,28.0898],[86.2074,28.0941],[86.2097,28.0953],[86.2202,28.0953],[86.2225,28.0958],[86.222,28.0998],[86.2185,28.109],[86.2198,28.1117],[86.2182,28.1149],[86.2135,28.1188],[86.2122,28.1236],[86.2076,28.1288],[86.205,28.1335],[86.2012,28.134],[86.1972,28.1383],[86.1969,28.1459],[86.1956,28.1513],[86.1975,28.153],[86.1973,28.1564],[86.1921,28.1604],[86.1921,28.1665],[86.189,28.1693],[86.1894,28.173],[86.1867,28.1742],[86.1823,28.1718],[86.1788,28.1712],[86.1741,28.169],[86.1738,28.1666],[86.1762,28.1626],[86.1756,28.1561],[86.1788,28.1498],[86.1789,28.1452],[86.1773,28.1428],[86.1661,28.1381],[86.1603,28.138],[86.1523,28.1305],[86.1434,28.1273],[86.1414,28.1241],[86.1419,28.1204],[86.14,28.1176],[86.1369,28.1185],[86.1324,28.1166],[86.133,28.1104],[86.1305,28.1005],[86.1277,28.0996],[86.1241,28.0953],[86.1179,28.0914],[86.1103,28.0917],[86.108,28.0936],[86.1049,28.093],[86.0989,28.0964],[86.0921,28.0978],[86.089,28.0943],[86.0831,28.0914],[86.0851,28.0832],[86.0847,28.0818],[86.0876,28.0739],[86.0916,28.0693],[86.0949,28.0619],[86.0896,28.0576],[86.0875,28.0494],[86.0889,28.0471],[86.089,28.0432],[86.0877,28.0395],[86.0905,28.0332],[86.0864,28.027],[86.0795,28.0221],[86.0816,28.0148],[86.0857,28.0114],[86.089,28.0061],[86.0915,28.0052],[86.0936,28.0002],[86.0958,27.9989],[86.0964,27.996],[86.0994,27.993],[86.1036,27.9842],[86.1055,27.9765],[86.1068,27.9679],[86.1087,27.9653],[86.1091,27.9581],[86.1071,27.9559],[86.1132,27.9497],[86.1154,27.9455],[86.1237,27.9416],[86.1263,27.9337],[86.1245,27.9317],[86.124,27.9276],[86.118,27.9273],[86.109,27.9244],[86.104,27.9249],[86.1012,27.923],[86.0905,27.9201],[86.0873,27.9169],[86.0772,27.913],[86.074,27.9108],[86.0674,27.9113],[86.0661,27.9105],[86.0693,27.9062],[86.0655,27.9018],[86.0648,27.8998],[86.0557,27.9042],[86.0505,27.9041],[86.0478,27.9064],[86.0436,27.9064],[86.0396,27.9042],[86.0335,27.9057],[86.0281,27.9079],[86.0213,27.9085],[86.0138,27.9151],[86.0103,27.9132],[86.0077,27.9136],[86.003,27.9113],[85.9993,27.912],[85.9977,27.9146],[85.9922,27.916],[85.9825,27.9212],[85.9775,27.9251],[85.9745,27.9262],[85.9728,27.9285],[85.9676,27.9326],[85.9611,27.935],[85.9543,27.9392],[85.9483,27.9421],[85.9517,27.9456],[85.9558,27.955],[85.9585,27.959],[85.958,27.9613],[85.9598,27.9676],[85.9714,27.9811],[85.9757,27.9845],[85.9783,27.9879],[85.9786,27.9913],[85.9771,27.9967],[85.974,28.0012],[85.9671,28.0004],[85.9644,28.0022],[85.961,28.0073],[85.9563,28.0124],[85.9502,28.0165],[85.9457,28.0206],[85.9381,28.0247],[85.9358,28.0242],[85.9313,28.0299],[85.9283,28.0316],[85.9237,28.039],[85.9149,28.0494],[85.9093,28.0506],[85.9014,28.0535],[85.9,28.0576],[85.9008,28.0616],[85.8971,28.0663],[85.8965,28.0748],[85.901,28.079],[85.9008,28.0852],[85.9031,28.0883],[85.8991,28.098],[85.8997,28.1037],[85.8981,28.1091],[85.8943,28.1123],[85.89,28.114],[85.8889,28.1166],[85.8862,28.1174],[85.8776,28.1179],[85.8701,28.1238],[85.8694,28.1292],[85.8704,28.1313],[85.8693,28.1354],[85.8724,28.1429],[85.8703,28.1468],[85.8631,28.1503],[85.8597,28.1544],[85.8593,28.1613],[85.8564,28.1616],[85.8513,28.1672],[85.8493,28.175],[85.8485,28.1842],[85.8433,28.1834],[85.8339,28.1849],[85.8298,28.1847],[85.8218,28.1901],[85.8181,28.194],[85.8166,28.1995],[85.8166,28.2026],[85.8127,28.2033],[85.8073,28.1984],[85.8,28.1964],[85.7992,28.1982],[85.7946,28.2004],[85.791,28.2038],[85.7843,28.2055],[85.7819,28.2086],[85.7764,28.2086],[85.7746,28.2113],[85.7756,28.2163],[85.7722,28.2199],[85.7679,28.2227],[85.764,28.2274],[85.757,28.229],[85.7537,28.2354],[85.7496,28.2374],[85.7483,28.2403],[85.7484,28.2491],[85.743,28.2569],[85.7424,28.2644],[85.7427,28.2724],[85.7394,28.2761],[85.7382,28.2847],[85.7332,28.291],[85.7329,28.2945],[85.736,28.2987],[85.7361,28.3069],[85.7377,28.3094],[85.7367,28.3128],[85.7372,28.3193],[85.7359,28.3236],[85.7281,28.328],[85.7288,28.3332],[85.732,28.3364],[85.7323,28.3394],[85.7282,28.3431],[85.7267,28.3495],[85.7227,28.3533],[85.7199,28.3595],[85.7206,28.3624],[85.7189,28.3673],[85.7243,28.3734],[85.7196,28.3741],[85.7163,28.3771],[85.7124,28.3832],[85.7115,28.3863],[85.7009,28.3846],[85.6953,28.3857],[85.6843,28.3827],[85.684,28.3777],[85.6862,28.347],[85.6815,28.3497],[85.6762,28.3507],[85.6665,28.3486],[85.6657,28.3385],[85.6644,28.3357],[85.6644,28.3317],[85.6613,28.3262],[85.6581,28.3253],[85.6547,28.3202],[85.6537,28.3165],[85.656,28.3125],[85.6597,28.3085],[85.6616,28.3048],[85.6607,28.303],[85.6524,28.2963],[85.6451,28.2898],[85.6412,28.2811],[85.6368,28.2752],[85.6305,28.2711],[85.627,28.2671],[85.6192,28.2622],[85.6087,28.2569],[85.6036,28.2647],[85.599,28.2793],[85.5985,28.2892],[85.5969,28.2925],[85.5966,28.299],[85.6006,28.3044],[85.5931,28.3085],[85.5881,28.3084],[85.5804,28.3063],[85.5759,28.3104],[85.5704,28.3095],[85.5658,28.3103],[85.5622,28.3098],[85.5517,28.3144],[85.5473,28.3154],[85.5432,28.3191],[85.5388,28.32],[85.5353,28.3232],[85.5261,28.3284],[85.5184,28.3309],[85.5117,28.332],[85.5065,28.334],[85.5002,28.3333],[85.4908,28.3312],[85.4868,28.3313],[85.4836,28.3332],[85.4787,28.333],[85.4685,28.3346],[85.4653,28.3358],[85.458,28.337],[85.4524,28.3354],[85.4402,28.3353],[85.4348,28.3337],[85.4302,28.3303],[85.4246,28.3302],[85.4184,28.3274],[85.4154,28.3271],[85.4131,28.3233],[85.4141,28.3161],[85.4124,28.3089],[85.4088,28.3057],[85.4005,28.2996],[85.3977,28.2983],[85.3968,28.2942],[85.392,28.2885],[85.3875,28.2865],[85.3865,28.2847],[85.3775,28.2787],[85.3756,28.2828],[85.3681,28.2861],[85.36,28.2859],[85.3527,28.2867],[85.3483,28.2885],[85.3482,28.3017],[85.3398,28.3039],[85.3316,28.3002],[85.3254,28.2992],[85.3229,28.296],[85.3112,28.292],[85.3059,28.2914],[85.3032,28.2899],[85.2987,28.2908],[85.2949,28.2896],[85.2929,28.2876],[85.2869,28.288],[85.2729,28.2878],[85.2733,28.2944],[85.2705,28.2974],[85.2664,28.2981],[85.2589,28.295],[85.2548,28.2945],[85.2526,28.299],[85.2471,28.3032],[85.2441,28.3141],[85.2415,28.3178],[85.2364,28.3211],[85.2313,28.3225],[85.2189,28.3308],[85.2154,28.332],[85.2103,28.3363],[85.2041,28.34],[85.2003,28.3405],[85.1955,28.3369],[85.1936,28.3332],[85.1855,28.3279],[85.1822,28.3245],[85.1702,28.3289],[85.1668,28.3316],[85.158,28.332],[85.1548,28.3311],[85.1429,28.3313],[85.1408,28.3305],[85.1338,28.3337],[85.1324,28.336],[85.1287,28.3381],[85.1208,28.3358],[85.108,28.3466],[85.0952,28.3447],[85.0884,28.3464],[85.0805,28.3459],[85.0674,28.3393],[85.0661,28.3376],[85.053,28.327],[85.0467,28.3259],[85.0421,28.3178],[85.0427,28.3154],[85.0401,28.3104],[85.0332,28.3039],[85.0327,28.3022],[85.0371,28.2955],[85.038,28.2919],[85.0351,28.2874],[85.0349,28.2852],[85.0318,28.2793],[85.0312,28.2729],[85.0269,28.2615],[85.0214,28.2603],[85.0172,28.2582],[85.0097,28.2558],[85.0059,28.2556],[85.0008,28.2524],[85.0027,28.2481],[84.9991,28.2445],[84.9978,28.2405],[84.9941,28.244],[84.9896,28.2429],[84.9844,28.2355],[84.9826,28.2345],[84.9771,28.2267],[84.9691,28.2223],[84.9673,28.219],[84.9647,28.2174],[84.9621,28.2127],[84.9669,28.2053],[84.9675,28.2019],[84.9706,28.1991],[84.9711,28.1939],[84.9734,28.1891],[84.968,28.1853],[84.9641,28.1775],[84.9654,28.1737],[84.9619,28.169],[84.9606,28.162],[84.9609,28.16],[84.9572,28.1555],[84.9579,28.1479],[84.9542,28.1435],[84.957,28.1392],[84.9585,28.1338],[84.9569,28.132],[84.9572,28.1272],[84.9518,28.1242],[84.9484,28.1249],[84.9425,28.1226],[84.9409,28.125],[84.9354,28.1266],[84.9315,28.1255],[84.9288,28.1263],[84.9208,28.116],[84.9213,28.1059],[84.9163,28.1028],[84.909,28.1047],[84.9036,28.1052],[84.9001,28.1066],[84.8924,28.1],[84.8892,28.1034],[84.8854,28.1055],[84.8841,28.1095],[84.881,28.1128],[84.8715,28.1177],[84.8694,28.1205],[84.863,28.1216],[84.859,28.1201],[84.8547,28.1227],[84.8496,28.1185],[84.8444,28.1167],[84.8421,28.1141],[84.8425,28.1107],[84.8371,28.1041],[84.8378,28.1012],[84.837,28.0945],[84.8318,28.0896],[84.8315,28.0845],[84.829,28.0805],[84.8282,28.0761],[84.8244,28.0667],[84.8209,28.0632],[84.8206,28.0564],[84.8185,28.0543],[84.8185,28.048],[84.8121,28.043],[84.8095,28.038],[84.8095,28.0347],[84.8126,28.0315],[84.8134,28.0274],[84.8131,28.0225],[84.8101,28.0184],[84.8102,28.0139],[84.8133,28.0093],[84.8113,28.0029],[84.8039,28.0004],[84.7974,28.0024],[84.7969,27.9981],[84.7908,27.9982],[84.7881,27.9953],[84.7878,27.9891],[84.7849,27.9867],[84.7841,27.9833],[84.7788,27.9816],[84.7773,27.9779],[84.7715,27.976],[84.7752,27.9731],[84.7747,27.9714],[84.7692,27.9673],[84.7607,27.9672],[84.7582,27.9643],[84.7545,27.9624],[84.7465,27.9606],[84.7456,27.9531],[84.7421,27.9491],[84.7398,27.9437],[84.7395,27.9371],[84.7344,27.9339],[84.7342,27.9312],[84.7364,27.9285],[84.7331,27.9276],[84.7342,27.917],[84.7351,27.9154],[84.7332,27.9075],[84.734,27.9041],[84.7376,27.897],[84.7357,27.8934],[84.7367,27.8912],[84.7415,27.89],[84.7488,27.8865],[84.7485,27.8838],[84.7459,27.8805],[84.747,27.8786],[84.7525,27.8751],[84.7551,27.8695],[84.7542,27.8654],[84.756,27.8618],[84.7593,27.8594],[84.7637,27.8601],[84.7657,27.858],[84.7654,27.8538],[84.768,27.8517],[84.7676,27.8438],[84.7699,27.8429],[84.7704,27.8395],[84.776,27.8353],[84.7731,27.8295],[84.7737,27.8242],[84.7774,27.8185],[84.7819,27.8158],[84.7748,27.8085],[84.7693,27.8109],[84.7694,27.8151],[84.7646,27.8186],[84.7601,27.8169],[84.7566,27.8141],[84.7563,27.809],[84.7538,27.8065],[84.7505,27.8052],[84.7386,27.8039],[84.7367,27.7988],[84.7319,27.7957],[84.7295,27.7961],[84.7273,27.8],[84.722,27.8012],[84.7192,27.8035],[84.7138,27.8005],[84.7102,27.8008],[84.708,27.8026],[84.7071,27.8068],[84.6931,27.8095],[84.6851,27.8103],[84.6769,27.8159],[84.6711,27.817],[84.668,27.8185],[84.6675,27.8231],[84.6613,27.8287],[84.6611,27.831],[84.6633,27.8361],[84.664,27.8406],[84.6607,27.849],[84.6587,27.8511],[84.6548,27.8524],[84.6491,27.8527],[84.6469,27.8551],[84.6499,27.8583],[84.6463,27.8606],[84.6419,27.8598],[84.636,27.8601],[84.6337,27.8633],[84.6338,27.8689],[84.6285,27.8711],[84.6268,27.8735],[84.6274,27.8772],[84.6249,27.8797],[84.6199,27.8805],[84.6142,27.8759],[84.6131,27.8727],[84.6081,27.8716],[84.6049,27.8723],[84.6017,27.8761],[84.596,27.8763],[84.59,27.8797],[84.5805,27.8744],[84.5769,27.8709],[84.577,27.8643],[84.5734,27.8614],[84.5674,27.8589],[84.5588,27.858],[84.557,27.8537],[84.5582,27.8475],[84.5567,27.8385],[84.5552,27.8358],[84.5499,27.8329],[84.5457,27.8318],[84.5411,27.8334],[84.5322,27.833],[84.525,27.8334],[84.5208,27.8315],[84.5205,27.8219],[84.518,27.8168],[84.5127,27.8155],[84.508,27.8169],[84.503,27.8197],[84.496,27.8209],[84.4928,27.8194],[84.4886,27.8209],[84.4805,27.8216],[84.4743,27.8236],[84.4654,27.8241],[84.4649,27.8189],[84.4541,27.8204],[84.4458,27.8232],[84.4438,27.822],[84.4411,27.8175],[84.4353,27.8153],[84.4322,27.8124],[84.4307,27.8021],[84.43,27.7907],[84.4313,27.7869],[84.4341,27.7829],[84.4393,27.7785],[84.4484,27.7784],[84.4554,27.7765],[84.46,27.7742],[84.4674,27.7672],[84.4706,27.7609],[84.472,27.7541],[84.4686,27.7519],[84.4648,27.7532],[84.4571,27.7595],[84.4499,27.7591],[84.4479,27.7572],[84.4386,27.7441],[84.4331,27.7412],[84.4276,27.7425],[84.422,27.7413],[84.4257,27.7306],[84.4274,27.7227],[84.4307,27.7132],[84.4307,27.7059],[84.428,27.7038],[84.4082,27.6965],[84.3945,27.6891],[84.387,27.6856],[84.3805,27.6816],[84.3781,27.6813],[84.3697,27.6848],[84.3639,27.6903],[84.3626,27.6956],[84.3604,27.698],[84.3547,27.7012],[84.3487,27.7032],[84.3431,27.7021],[84.3374,27.699],[84.3299,27.6966],[84.3241,27.6923],[84.3238,27.6884],[84.3207,27.6844],[84.297,27.6706],[84.2924,27.6684],[84.2756,27.6636],[84.2702,27.6626],[84.2615,27.6559],[84.2585,27.6515],[84.2562,27.6511],[84.2508,27.6542],[84.2411,27.6519],[84.235,27.6493],[84.2306,27.6461],[84.2252,27.6445],[84.2182,27.6436],[84.2059,27.6384],[84.195,27.6302],[84.1908,27.6285],[84.1746,27.6178],[84.168,27.6105],[84.1598,27.6036],[84.1498,27.5974],[84.1417,27.5889],[84.1353,27.5846],[84.1291,27.5769],[84.1262,27.5714],[84.1256,27.5661],[84.1198,27.56],[84.1194,27.5564],[84.1147,27.5533],[84.1073,27.5518],[84.1007,27.5539],[84.0903,27.5547],[84.0835,27.5577],[84.0747,27.5596],[84.0709,27.5574],[84.067,27.5518],[84.0644,27.5514],[84.0578,27.555],[84.0525,27.5566],[84.0498,27.5563],[84.0457,27.5541],[84.0432,27.5509],[84.0418,27.5453],[84.0389,27.5406],[84.0365,27.5388],[84.0312,27.5373],[84.0254,27.5372],[84.0144,27.5399],[84.0081,27.544],[83.9979,27.5455],[83.992,27.5435],[83.9865,27.5437],[83.9814,27.5453],[83.9746,27.5496],[83.9692,27.5506],[83.9578,27.5485],[83.9549,27.5436],[83.948,27.5402],[83.9394,27.5421],[83.9323,27.5454],[83.9245,27.5446],[83.92,27.5412],[83.9188,27.5331],[83.9201,27.5264],[83.9221,27.525],[83.922,27.5181],[83.9256,27.5148],[83.9301,27.5131],[83.9354,27.5135],[83.9419,27.5158],[83.9477,27.5202],[83.9509,27.5265],[83.9565,27.5271],[83.9649,27.5233],[83.9694,27.5161],[83.9687,27.5098],[83.9665,27.5063],[83.9578,27.5004],[83.9411,27.4939],[83.9388,27.4916],[83.9385,27.4884],[83.9414,27.4789],[83.9437,27.4736],[83.9446,27.4658],[83.9394,27.4552],[83.935,27.4509],[83.9312,27.4496],[83.9341,27.4485],[83.9396,27.4489],[83.9441,27.4464],[83.9432,27.4444],[83.9465,27.4412],[83.9501,27.4423],[83.9623,27.444],[83.9653,27.4466],[83.9697,27.4448],[83.9725,27.4422],[83.9778,27.4425],[83.9785,27.4396],[83.9827,27.4432],[83.9921,27.4444],[83.9968,27.4461],[83.9979,27.442],[84.0049,27.4422],[84.0078,27.4405],[84.009,27.4378],[84.0123,27.4387],[84.0158,27.4348],[84.0186,27.4361],[84.0227,27.4331],[84.0269,27.4337],[84.0257,27.4382],[84.0315,27.4414],[84.0368,27.4413],[84.0389,27.4428],[84.0435,27.4433],[84.0518,27.4427],[84.0547,27.4495],[84.0613,27.4551],[84.0585,27.4613],[84.0605,27.4618],[84.0629,27.4677],[84.0668,27.4699],[84.0684,27.4735],[84.0682,27.4763],[84.0706,27.4817],[84.0728,27.4806],[84.0778,27.484],[84.0822,27.4831],[84.088,27.4852],[84.0909,27.4884],[84.0956,27.49],[84.0976,27.4972],[84.0998,27.5105],[84.0977,27.5156],[84.1047,27.5207],[84.1089,27.5217],[84.1109,27.5195],[84.1167,27.5193],[84.1175,27.5137],[84.1238,27.5111],[84.1316,27.5129],[84.1389,27.5179],[84.1509,27.5169],[84.1496,27.5096],[84.1499,27.5013],[84.1446,27.4973],[84.1463,27.4953],[84.1456,27.4925],[84.1536,27.4842],[84.1595,27.4846],[84.1636,27.4839],[84.167,27.4821],[84.1678,27.4796],[84.171,27.4793],[84.1716,27.4758],[84.1765,27.4738],[84.1806,27.4741],[84.1847,27.4724],[84.1887,27.4722],[84.1915,27.4694],[84.1942,27.4732],[84.1999,27.472],[84.2062,27.4694],[84.2088,27.465],[84.2041,27.4601],[84.2073,27.4571],[84.2083,27.4532],[84.2069,27.4458],[84.2084,27.4428],[84.2126,27.4413],[84.2188,27.4405],[84.2211,27.4437],[84.2207,27.4472],[84.2241,27.4504],[84.2266,27.4509],[84.2317,27.4564],[84.2348,27.454],[84.2401,27.4526],[84.2439,27.4547],[84.2457,27.4533],[84.2494,27.4536],[84.2542,27.4522],[84.2557,27.4485],[84.2588,27.4467],[84.2587,27.4388],[84.2619,27.4356],[84.2662,27.4344],[84.2677,27.4321],[84.2726,27.4289],[84.2736,27.4214],[84.278,27.4159],[84.2776,27.4102],[84.2791,27.407],[84.2756,27.4011],[84.2766,27.3955],[84.282,27.3967],[84.285,27.3921],[84.2913,27.3853],[84.2954,27.3848],[84.2982,27.3893],[84.3006,27.3905],[84.3053,27.3877],[84.3106,27.3868],[84.3175,27.3822],[84.324,27.3804],[84.328,27.3804],[84.3318,27.3778],[84.3388,27.3776],[84.3481,27.3742],[84.3564,27.3735],[84.3717,27.3753],[84.3729,27.3767],[84.3882,27.3721],[84.3911,27.3686],[84.3955,27.3701],[84.4061,27.3704],[84.4102,27.3686],[84.4157,27.3709],[84.4204,27.3699],[84.4243,27.372],[84.4305,27.3712],[84.4358,27.3696],[84.4404,27.3703],[84.444,27.3685],[84.445,27.3648],[84.4483,27.3633],[84.4578,27.3622],[84.4614,27.3596],[84.4648,27.3598],[84.466,27.357],[84.4696,27.3552],[84.4764,27.3626],[84.4859,27.3586],[84.4839,27.3661],[84.4875,27.3694],[84.4879,27.3715],[84.492,27.3726],[84.4956,27.3767],[84.5017,27.3766],[84.5041,27.3812],[84.51,27.3808],[84.5112,27.3824],[84.5199,27.3841],[84.5242,27.3834],[84.5305,27.3811],[84.5325,27.384],[84.5391,27.3854],[84.5395,27.3877],[84.5359,27.3915],[84.5345,27.3983],[84.5358,27.4034],[84.5434,27.4035],[84.5469,27.4047],[84.545,27.41],[84.5341,27.4125],[84.5397,27.419],[84.548,27.4178],[84.5478,27.4268],[84.5508,27.4327],[84.5513,27.4372],[84.5559,27.4415],[84.5575,27.449],[84.5566,27.4512],[84.5582,27.454],[84.5577,27.4584],[84.5608,27.4626],[84.5653,27.4632],[84.5678,27.4605],[84.5732,27.4588],[84.576,27.454],[84.581,27.4542],[84.5834,27.4562],[84.5911,27.4533],[84.5956,27.4546],[84.6003,27.4517],[84.6068,27.4543],[84.6092,27.4523],[84.6211,27.4512],[84.6229,27.4498],[84.6281,27.4509],[84.6291,27.4491],[84.6351,27.4445],[84.6416,27.4441],[84.6431,27.4428],[84.6437,27.4362],[84.6453,27.4347],[84.6467,27.4294],[84.6526,27.4305],[84.6565,27.4327],[84.6617,27.433],[84.663,27.4297],[84.6707,27.4291],[84.6779,27.4294],[84.684,27.4305],[84.6906,27.4325],[84.7026,27.4321],[84.7049,27.433],[84.7099,27.4317],[84.7133,27.4325],[84.7194,27.4316],[84.7191,27.4342],[84.7217,27.439],[84.7243,27.4409],[84.7261,27.4447],[84.734,27.4441],[84.7381,27.4424],[84.7396,27.4405],[84.7433,27.4421],[84.7491,27.4376],[84.7555,27.4357],[84.7579,27.4375],[84.7686,27.4372],[84.7703,27.4389],[84.7747,27.4387],[84.7796,27.4363],[84.7846,27.4354],[84.7862,27.4369],[84.7909,27.4378],[84.7976,27.4349],[84.7974,27.4328],[84.8086,27.4237],[84.8105,27.416],[84.8155,27.419],[84.8256,27.4196],[84.8302,27.4163],[84.8337,27.4177],[84.8411,27.4119],[84.8441,27.412],[84.8513,27.4038],[84.8517,27.3988],[84.8561,27.3989],[84.8681,27.3975],[84.8718,27.3991],[84.8788,27.3961],[84.8785,27.3933],[84.8827,27.3878],[84.8884,27.3892],[84.8934,27.3874],[84.8973,27.3847],[84.8987,27.3776],[84.9025,27.3747],[84.9064,27.3774],[84.909,27.377],[84.9142,27.3728],[84.9214,27.3708],[84.9261,27.3643],[84.9359,27.3665],[84.9409,27.3658],[84.941,27.3632],[84.9492,27.3621],[84.9518,27.367],[84.9544,27.3664],[84.9564,27.3635],[84.9553,27.3613],[84.9577,27.3595],[84.9619,27.3627],[84.9649,27.3631],[84.9656,27.3586],[84.9723,27.3552],[84.9756,27.3564],[84.9802,27.3616],[84.9834,27.3625],[84.9877,27.3617],[84.9945,27.3653],[84.9992,27.3654],[85.0006,27.3621],[85.0009,27.3558],[85.0045,27.3529],[85.0087,27.3548],[85.0132,27.3554],[85.016,27.3539],[85.0221,27.3538],[85.0215,27.3572],[85.0312,27.3606],[85.0356,27.3574],[85.04,27.3593],[85.0425,27.3589],[85.0448,27.3616],[85.0568,27.3657],[85.0608,27.3612],[85.0666,27.3609],[85.0705,27.3644],[85.0772,27.3635],[85.0871,27.3609],[85.0881,27.3582],[85.0913,27.3566],[85.0931,27.3486],[85.093,27.3433],[85.0919,27.342],[85.0949,27.3325],[85.1032,27.3233],[85.1058,27.3191],[85.1168,27.3179],[85.119,27.3144],[85.1191,27.3093],[85.1213,27.3019],[85.1251,27.3016],[85.1271,27.2956],[85.1266,27.2926],[85.1322,27.292],[85.1375,27.2895],[85.1388,27.2866],[85.1448,27.283],[85.1442,27.2801],[85.1456,27.2725],[85.1513,27.2684],[85.1518,27.2658],[85.156,27.2621],[85.1614,27.2621],[85.1683,27.2598],[85.1701,27.2555],[85.1754,27.2537],[85.181,27.2546],[85.1774,27.2497],[85.1821,27.2473],[85.1929,27.2451],[85.1971,27.2456],[85.1997,27.2493],[85.2025,27.2503],[85.2067,27.2483],[85.2092,27.2452],[85.2152,27.2468],[85.2204,27.244],[85.2247,27.2455],[85.2318,27.2434],[85.2332,27.2454],[85.239,27.2486],[85.243,27.2487],[85.2456,27.2466],[85.249,27.2464],[85.2516,27.243],[85.2543,27.2372],[85.2581,27.2342],[85.257,27.2307],[85.2608,27.227],[85.2674,27.2263],[85.2697,27.2285],[85.2738,27.2296],[85.2795,27.2288],[85.2806,27.2312],[85.2879,27.231],[85.293,27.2329],[85.304,27.2299],[85.3074,27.2318],[85.3123,27.2306],[85.3158,27.2279],[85.3232,27.2254],[85.3328,27.223],[85.339,27.2196],[85.3477,27.2223],[85.3537,27.2158],[85.3593,27.2111],[85.3626,27.2128],[85.3694,27.212],[85.3728,27.2101],[85.3766,27.2121],[85.3838,27.2076],[85.3932,27.2104],[85.3973,27.2062],[85.3965,27.1987],[85.3988,27.1968],[85.4035,27.1964],[85.4093,27.197],[85.4135,27.1945],[85.4183,27.1901],[85.4243,27.193],[85.434,27.1902],[85.4361,27.1875],[85.4481,27.1868],[85.4501,27.1841],[85.4495,27.1805],[85.4534,27.1774],[85.4525,27.1756],[85.4529,27.1684],[85.4572,27.1661],[85.4632,27.1666],[85.4675,27.1657],[85.4687,27.1633],[85.4726,27.1619],[85.4862,27.1644],[85.4941,27.1699],[85.4952,27.1737],[85.5009,27.1758],[85.5031,27.1737],[85.5022,27.1704],[85.4997,27.1684],[85.5037,27.1655],[85.5027,27.1626],[85.4956,27.1632],[85.4921,27.1608],[85.4895,27.1546],[85.4912,27.1541],[85.4957,27.1465],[85.501,27.1436],[85.5096,27.1434],[85.5126,27.142],[85.516,27.1427],[85.5212,27.1409],[85.5281,27.1404],[85.5324,27.1426],[85.533,27.1461],[85.5375,27.1486],[85.5493,27.1423],[85.5498,27.1457],[85.5546,27.1467],[85.5577,27.1445],[85.562,27.1447],[85.569,27.1434],[85.571,27.1371],[85.5753,27.1398],[85.5786,27.1435],[85.5835,27.1427],[85.5891,27.1429],[85.5947,27.1406],[85.5968,27.1427],[85.6004,27.1435],[85.6046,27.1397],[85.6077,27.1396],[85.6128,27.1417],[85.6188,27.1401],[85.6228,27.1407],[85.6283,27.1374],[85.6312,27.1379],[85.6335,27.1414],[85.6417,27.1422],[85.6479,27.1457],[85.6505,27.1506],[85.6561,27.1551],[85.6624,27.1562],[85.6656,27.1618],[85.6696,27.164],[85.6711,27.1665],[85.6775,27.1672],[85.6817,27.1694],[85.6857,27.1745],[85.686,27.1765],[85.6901,27.1778],[85.6937,27.1811],[85.6949,27.1841],[85.6984,27.1861],[85.705,27.185],[85.7146,27.1878],[85.7178,27.1882],[85.7209,27.1911],[85.7223,27.1944],[85.7255,27.1949],[85.7333,27.1907],[85.7378,27.1905],[85.7417,27.188],[85.7475,27.1884],[85.7488,27.1867],[85.7591,27.1847],[85.7631,27.1825],[85.7684,27.1824],[85.7738,27.1784],[85.7886,27.1735],[85.7932,27.1688],[85.7985,27.1674],[85.8057,27.164],[85.8093,27.1616],[85.8142,27.1611],[85.82,27.1638],[85.8226,27.1671],[85.8253,27.1684],[85.8307,27.1672],[85.8353,27.1641],[85.8435,27.16],[85.8406,27.1559],[85.8398,27.1526],[85.8346,27.1494],[85.8383,27.1448],[85.8412,27.1443],[85.8455,27.1409],[85.8537,27.1379],[85.8548,27.1341],[85.858,27.1329],[85.862,27.1274],[85.864,27.1282],[85.8683,27.1336],[85.8738,27.138],[85.8748,27.1397],[85.8809,27.1436],[85.8829,27.1464],[85.8873,27.1452],[85.8909,27.1413],[85.8931,27.1411],[85.8981,27.1374],[85.9091,27.1327],[85.9121,27.1322],[85.9139,27.1298],[85.9198,27.1288],[85.9214,27.1273],[85.93,27.1254],[85.9381,27.1214],[85.9382,27.119],[85.9359,27.1102],[85.937,27.1067],[85.9441,27.0921],[85.9481,27.0882],[85.9505,27.0882],[85.9502,27.0839],[85.9556,27.0842],[85.9622,27.0795],[85.9618,27.0767],[85.9632,27.0732],[85.9653,27.0739],[85.9668,27.0699],[85.9661,27.067],[85.9697,27.061],[85.9706,27.0558],[85.9698,27.0539],[85.9717,27.0499],[85.9739,27.0478],[85.9776,27.0417],[85.9859,27.0331],[85.987,27.0292],[85.9917,27.0248],[85.9983,27.0232],[86.0009,27.0212],[86.0052,27.0221],[86.0125,27.0187],[86.0153,27.0202],[86.0216,27.0193],[86.0235,27.0203],[86.0303,27.0208],[86.0421,27.0196],[86.0486,27.0209],[86.0488,27.0192],[86.0558,27.0182],[86.069,27.0192],[86.0778,27.019],[86.08,27.0184],[86.0867,27.0192],[86.0997,27.0174],[86.1059,27.0154],[86.1118,27.0123],[86.1261,27.0069],[86.1367,27.0019],[86.1404,26.9993],[86.1474,26.9973],[86.1539,26.994],[86.1635,26.9916],[86.1672,26.9888],[86.1698,26.9892],[86.1764,26.9867],[86.1881,26.9807],[86.1913,26.9787],[86.1924,26.9753],[86.1992,26.9702],[86.2094,26.9661],[86.2163,26.9604],[86.219,26.9566],[86.2287,26.9492],[86.2326,26.9505],[86.2409,26.9404],[86.2509,26.9356],[86.2552,26.9326],[86.2579,26.9284],[86.257,26.9273],[86.2575,26.921],[86.2597,26.9191],[86.2599,26.923],[86.2645,26.9282],[86.2698,26.9311],[86.2764,26.9332],[86.2797,26.9375],[86.2812,26.9472],[86.2835,26.9492],[86.2928,26.9507],[86.3022,26.9557],[86.3078,26.9604],[86.3117,26.9625],[86.3165,26.9637],[86.3306,26.9639],[86.3331,26.9648],[86.3372,26.9638],[86.3426,26.9646],[86.3461,26.9637],[86.353,26.9646],[86.3581,26.9719],[86.3616,26.9748],[86.3646,26.9789],[86.3664,26.9841],[86.3667,26.9906],[86.3682,26.9955],[86.3667,27.0003],[86.3731,27.0036],[86.3741,27.0087],[86.3722,27.0108],[86.374,27.0134],[86.372,27.0157],[86.3754,27.0208],[86.3741,27.0229],[86.3794,27.0314],[86.3792,27.0346],[86.3752,27.0348],[86.3709,27.0371],[86.3668,27.0378],[86.3641,27.0423],[86.3642,27.0499],[86.3635,27.0537],[86.3609,27.0548],[86.356,27.0593],[86.3512,27.0616],[86.3503,27.0638],[86.3469,27.0646],[86.3458,27.0683],[86.3469,27.0704],[86.3512,27.0704],[86.3515,27.0738],[86.3544,27.0757],[86.3554,27.0817],[86.3583,27.084],[86.357,27.0942],[86.3624,27.099],[86.3579,27.0992],[86.3558,27.1006],[86.3549,27.1043],[86.3497,27.1049],[86.3481,27.1062],[86.3404,27.1064],[86.3319,27.0998],[86.3278,27.1006],[86.3249,27.0992],[86.3177,27.1019],[86.3112,27.103],[86.3064,27.1089],[86.3119,27.1095],[86.3132,27.1109],[86.3245,27.11],[86.3307,27.1172],[86.3352,27.1278],[86.3343,27.1306],[86.3377,27.135],[86.3364,27.1367],[86.341,27.1411],[86.3412,27.1449],[86.3503,27.1428],[86.3556,27.1433],[86.3603,27.1394],[86.3635,27.1421],[86.3682,27.1409],[86.3686,27.1437],[86.3711,27.1473],[86.3705,27.1511],[86.3737,27.155],[86.3736,27.1587],[86.3791,27.164],[86.3781,27.1656],[86.3812,27.1701],[86.3849,27.174],[86.3843,27.1753],[86.3899,27.1799],[86.3865,27.1806],[86.3837,27.1831],[86.3801,27.1922],[86.3767,27.194],[86.3687,27.1926],[86.3652,27.1962],[86.3588,27.2012],[86.3513,27.2008],[86.3449,27.2021],[86.3427,27.2044],[86.34,27.2102],[86.3402,27.2142],[86.3431,27.2191],[86.341,27.229],[86.3317,27.2311],[86.3283,27.2302],[86.319,27.2317],[86.3159,27.2314],[86.3083,27.234],[86.3061,27.2372],[86.2956,27.2382],[86.2913,27.2432],[86.2853,27.2464],[86.2818,27.2458],[86.2771,27.2502],[86.2724,27.2522],[86.2686,27.2526],[86.2663,27.2545],[86.2671,27.26],[86.2646,27.2607],[86.2616,27.2575],[86.2571,27.2578],[86.2556,27.2534],[86.2484,27.2482],[86.2419,27.2462],[86.239,27.2409],[86.2292,27.2374],[86.2235,27.2391],[86.2184,27.2418],[86.2139,27.2452],[86.2111,27.2458],[86.2044,27.2497],[86.2043,27.254],[86.2084,27.2595],[86.2111,27.2609],[86.2114,27.2638],[86.2142,27.2673],[86.2188,27.2707],[86.2194,27.2731],[86.2231,27.2743],[86.2234,27.2771],[86.2269,27.2777],[86.229,27.2808],[86.2316,27.2819],[86.2335,27.285],[86.2402,27.2883],[86.2358,27.2954],[86.2354,27.2979],[86.2379,27.3025],[86.2365,27.3068],[86.2337,27.3077],[86.2314,27.3144],[86.2288,27.3163],[86.2284,27.3202],[86.2212,27.3212],[86.219,27.3231],[86.222,27.3278],[86.2171,27.3286],[86.2157,27.3339],[86.2179,27.3364],[86.2166,27.3425],[86.2184,27.3508],[86.2171,27.3529],[86.2218,27.3604],[86.2193,27.3626],[86.2247,27.3706],[86.2238,27.3785],[86.2221,27.3825],[86.2256,27.384],[86.2249,27.3871],[86.2269,27.3887],[86.2266,27.3931],[86.2277,27.3979],[86.2306,27.3994],[86.2324,27.4024],[86.2355,27.4037],[86.2376,27.4101],[86.2376,27.4127],[86.2412,27.4182],[86.2447,27.42],[86.2474,27.4194],[86.248,27.4245],[86.252,27.4286],[86.2513,27.4325],[86.2559,27.4356],[86.257,27.4455],[86.2598,27.449],[86.2641,27.4565],[86.2676,27.4592],[86.2748,27.4624],[86.2768,27.4642],[86.2851,27.4665],[86.2922,27.4706],[86.2929,27.4765],[86.2954,27.4793],[86.303,27.4825],[86.3155,27.4925],[86.3187,27.4981],[86.325,27.5003],[86.326,27.5046],[86.3308,27.5099],[86.3332,27.5109],[86.3344,27.5157],[86.3383,27.5201],[86.3465,27.5235],[86.3549,27.5249],[86.3577,27.5296],[86.3574,27.5334],[86.3585,27.5398],[86.3648,27.5467],[86.369,27.5489],[86.3707,27.5519],[86.3687,27.5564],[86.3716,27.5621],[86.3763,27.5681],[86.3818,27.5718],[86.3877,27.5724],[86.3898,27.5755],[86.3927,27.5771],[86.3982,27.5833],[86.4078,27.5845],[86.4109,27.5868],[86.4135,27.5868],[86.418,27.5914],[86.4199,27.5983],[86.4247,27.602],[86.4302,27.6042],[86.4348,27.6103],[86.4464,27.6122],[86.4697,27.6171],[86.4766,27.6158],[86.4846,27.6172],[86.4925,27.6137],[86.4955,27.6188],[86.4999,27.6204],[86.5005,27.6247],[86.504,27.6294],[86.5042,27.6336],[86.506,27.635],[86.507,27.6402],[86.5114,27.6424],[86.514,27.6482],[86.5161,27.6469],[86.5262,27.6504],[86.5287,27.6549],[86.5272,27.6596],[86.5293,27.662],[86.5326,27.6626],[86.5355,27.6684],[86.538,27.6703],[86.5388,27.675],[86.5366,27.6786],[86.539,27.6832],[86.5392,27.6899],[86.5408,27.6928],[86.5391,27.6966],[86.5403,27.7016],[86.551,27.7109],[86.5513,27.7176],[86.5535,27.7196],[86.5544,27.724],[86.5569,27.7286],[86.5563,27.7315],[86.5583,27.7384],[86.5633,27.7449],[86.5629,27.7493],[86.5692,27.7519],[86.5728,27.7546],[86.5704,27.7594],[86.5661,27.7626],[86.5639,27.7705],[86.5659,27.7762],[86.5656,27.7828],[86.5662,27.7873],[86.5688,27.7911],[86.5688,27.7954],[86.5656,27.7996],[86.5671,27.804],[86.553,27.8088],[86.5464,27.8115],[86.5424,27.8112],[86.5404,27.8149],[86.5407,27.8181],[86.5435,27.8215],[86.5438,27.8271],[86.5471,27.8349],[86.5491,27.8416],[86.5501,27.8484],[86.5541,27.8571],[86.5545,27.861],[86.5525,27.8679],[86.5513,27.8783],[86.5546,27.8855],[86.5523,27.8922],[86.5518,27.8991],[86.5542,27.9027],[86.5547,27.907],[86.5534,27.9118],[86.5498,27.9191],[86.5487,27.9289],[86.5478,27.9305],[86.5388,27.9357],[86.5345,27.9417],[86.5285,27.9414],[86.5238,27.9398],[86.5217,27.9404],[86.5199,27.9441],[86.5182,27.9532],[86.5156,27.9566]]]},"properties":{"Shape_Leng":10.5016700114,"Shape_Area":1.85707669982,"ADM1_EN":"3","ADM1_PCODE":"NP03","ADM1_REF":null,"ADM1ALT1EN":null,"ADM1ALT2EN":null,"ADM0_EN":"Nepal","ADM0_PCODE":"NP","date":"2017/11/15","validOn":"2019/04/30","validTo":null}},
{"type":"Feature","geometry":{"type":"Polygon","coordinates":[[[85.108,28.3466],[85.113,28.3572],[85.1146,28.366],[85.1163,28.3692],[85.1209,28.3714],[85.1222,28.3748],[85.1212,28.3797],[85.1226,28.3871],[85.1264,28.391],[85.1249,28.3969],[85.12,28.4007],[85.1165,28.4063],[85.1159,28.41],[85.1175,28.4158],[85.1142,28.4256],[85.1127,28.4334],[85.1143,28.4432],[85.1076,28.4451],[85.1019,28.4488],[85.1003,28.4517],[85.0995,28.4569],[85.1043,28.4601],[85.1065,28.4639],[85.1126,28.4714],[85.113,28.4788],[85.1167,28.4813],[85.1178,28.4851],[85.1245,28.4879],[85.134,28.4856],[85.1413,28.4864],[85.1456,28.4858],[85.1529,28.4906],[85.1567,28.4973],[85.1564,28.5014],[85.1575,28.504],[85.1569,28.509],[85.1621,28.515],[85.1631,28.519],[85.1661,28.5213],[85.165,28.5263],[85.1661,28.5321],[85.1689,28.5335],[85.1783,28.5326],[85.1855,28.5331],[85.187,28.5355],[85.1864,28.5402],[85.1888,28.5446],[85.1884,28.5539],[85.1848,28.5603],[85.1916,28.5691],[85.1892,28.5721],[85.1844,28.5751],[85.1814,28.5793],[85.1826,28.5833],[85.1812,28.5878],[85.1752,28.5922],[85.1737,28.5975],[85.1786,28.599],[85.1832,28.6027],[85.1893,28.6055],[85.1897,28.6093],[85.1932,28.6123],[85.1949,28.6179],[85.1973,28.6209],[85.198,28.6267],[85.1909,28.6309],[85.1848,28.6323],[85.1885,28.6409],[85.1831,28.6429],[85.1812,28.6445],[85.1763,28.6449],[85.1711,28.6437],[85.1673,28.6441],[85.1636,28.6428],[85.1591,28.6434],[85.1544,28.6488],[85.1451,28.6566],[85.1457,28.661],[85.1398,28.6657],[85.1344,28.6678],[85.1344,28.6716],[85.1326,28.6757],[85.1291,28.6789],[85.1252,28.6804],[85.1154,28.6866],[85.1104,28.6834],[85.1019,28.6818],[85.094,28.6781],[85.0888,28.6717],[85.0839,28.671],[85.0804,28.6716],[85.0727,28.6778],[85.0685,28.6797],[85.0618,28.6805],[85.0586,28.6825],[85.0537,28.6805],[85.0546,28.6774],[85.0513,28.6697],[85.0414,28.6687],[85.0403,28.658],[85.0319,28.6567],[85.0263,28.6507],[85.023,28.649],[85.0171,28.6395],[85.0089,28.6371],[85.005,28.6302],[85.0012,28.6256],[85.0004,28.6232],[84.9888,28.6129],[84.9858,28.6063],[84.988,28.6033],[84.9928,28.601],[84.9924,28.5991],[84.9877,28.5942],[84.9808,28.5904],[84.9753,28.59],[84.9719,28.5868],[84.9648,28.5868],[84.949,28.5804],[84.947,28.5884],[84.9474,28.5906],[84.9453,28.5947],[84.9388,28.5957],[84.9323,28.5938],[84.9187,28.5951],[84.9177,28.5931],[84.9104,28.5887],[84.9054,28.5888],[84.901,28.5933],[84.8995,28.5902],[84.8925,28.5896],[84.8901,28.5886],[84.8861,28.5827],[84.8795,28.5825],[84.874,28.5808],[84.8689,28.5825],[84.8653,28.5804],[84.8573,28.5725],[84.8569,28.5708],[84.7815,28.6092],[84.777,28.6102],[84.7676,28.6106],[84.7638,28.6128],[84.7553,28.6136],[84.7469,28.6184],[84.7427,28.6171],[84.7372,28.6168],[84.7309,28.6202],[84.7252,28.6207],[84.7227,28.6259],[84.72,28.6291],[84.7138,28.633],[84.7008,28.6345],[84.6948,28.6365],[84.6981,28.6396],[84.7009,28.6447],[84.7015,28.6483],[84.6988,28.6506],[84.6974,28.654],[84.7008,28.66],[84.7011,28.6642],[84.705,28.6707],[84.6964,28.6718],[84.6916,28.6769],[84.6882,28.6789],[84.6823,28.6784],[84.676,28.6791],[84.6683,28.6835],[84.6677,28.6857],[84.6686,28.6911],[84.6665,28.6943],[84.6643,28.6948],[84.6615,28.6988],[84.6506,28.7025],[84.6501,28.71],[84.6507,28.7145],[84.6477,28.7187],[84.6445,28.72],[84.6439,28.7246],[84.6399,28.7282],[84.6327,28.7319],[84.6294,28.7327],[84.6263,28.7365],[84.6178,28.7359],[84.6154,28.7367],[84.6058,28.7335],[84.5996,28.7345],[84.5924,28.7366],[84.5868,28.7346],[84.5717,28.7352],[84.5674,28.7415],[84.5591,28.7453],[84.5573,28.747],[84.5567,28.7522],[84.5515,28.7506],[84.5444,28.7457],[84.5398,28.7442],[84.5337,28.7454],[84.5289,28.743],[84.5239,28.7437],[84.5147,28.7486],[84.5102,28.7453],[84.5023,28.7443],[84.4975,28.7407],[84.4943,28.7358],[84.4896,28.7355],[84.4865,28.74],[84.4837,28.7413],[84.4803,28.7472],[84.4756,28.747],[84.4684,28.7511],[84.4648,28.7521],[84.4612,28.7512],[84.4588,28.7531],[84.4576,28.7576],[84.4545,28.7603],[84.4519,28.7648],[84.4416,28.7673],[84.4366,28.7694],[84.4398,28.7765],[84.4459,28.7826],[84.444,28.7867],[84.4454,28.7932],[84.4389,28.7961],[84.4321,28.8015],[84.43,28.8129],[84.4353,28.8206],[84.4252,28.8254],[84.4205,28.8309],[84.4183,28.8317],[84.4094,28.8289],[84.4058,28.8288],[84.4006,28.8303],[84.3999,28.8381],[84.403,28.8407],[84.4069,28.842],[84.409,28.8463],[84.4086,28.8537],[84.4046,28.8541],[84.3972,28.8586],[84.3889,28.8613],[84.3824,28.8617],[84.3748,28.8644],[84.3696,28.861],[84.3657,28.8618],[84.3605,28.8595],[84.3566,28.8604],[84.3527,28.8647],[84.3475,28.8684],[84.3446,28.8722],[84.3407,28.8725],[84.3351,28.8686],[84.3327,28.8645],[84.3267,28.8625],[84.3236,28.8627],[84.3208,28.8675],[84.3156,28.8698],[84.3114,28.8692],[84.299,28.8721],[84.2925,28.8745],[84.2874,28.8772],[84.2862,28.8811],[84.2786,28.8856],[84.274,28.8868],[84.2723,28.8925],[84.2687,28.8946],[84.266,28.8977],[84.2633,28.8977],[84.2583,28.8956],[84.2546,28.8905],[84.2453,28.8905],[84.2376,28.8913],[84.2351,28.8925],[84.2297,28.8924],[84.2259,28.894],[84.2247,28.8974],[84.2255,28.9036],[84.2209,28.9122],[84.2205,28.9157],[84.2231,28.9208],[84.2226,28.9235],[84.2251,28.9282],[84.2249,28.9331],[84.226,28.9405],[84.2283,28.944],[84.2305,28.9504],[84.2308,28.9575],[84.2322,28.9614],[84.2353,28.9643],[84.2356,28.9686],[84.2393,28.9691],[84.239,28.9715],[84.2418,28.9762],[84.239,28.9812],[84.2387,28.9887],[84.2411,28.9923],[84.2395,28.9974],[84.2438,29.0091],[84.2479,29.0127],[84.2479,29.0278],[84.2466,29.0292],[84.2479,29.0327],[84.2479,29.0373],[84.2439,29.0428],[84.24,29.045],[84.2365,29.0444],[84.2295,29.0498],[84.2238,29.053],[84.2208,29.0536],[84.209,29.0537],[84.2076,29.0522],[84.2016,29.0498],[84.1964,29.0466],[84.1897,29.047],[84.1894,29.0535],[84.1884,29.0572],[84.1887,29.0648],[84.1867,29.0676],[84.1864,29.0745],[84.1879,29.0778],[84.1861,29.0808],[84.1908,29.0848],[84.1958,29.093],[84.1952,29.0966],[84.2017,29.1038],[84.1999,29.1128],[84.2006,29.1245],[84.1931,29.1251],[84.1852,29.1268],[84.1763,29.1297],[84.1739,29.134],[84.1743,29.1366],[84.1728,29.1411],[84.174,29.1443],[84.1734,29.1499],[84.1708,29.1544],[84.1679,29.157],[84.1659,29.1642],[84.1693,29.1722],[84.1669,29.1741],[84.167,29.1775],[84.1651,29.1793],[84.1623,29.1853],[84.1668,29.1904],[84.1638,29.1941],[84.1685,29.1999],[84.1726,29.2008],[84.177,29.2052],[84.1812,29.2079],[84.1883,29.2058],[84.1964,29.2128],[84.1997,29.214],[84.1992,29.2181],[84.1976,29.2208],[84.199,29.231],[84.2029,29.2367],[84.201,29.2401],[84.1926,29.2442],[84.1835,29.2419],[84.1794,29.2378],[84.1728,29.239],[84.1677,29.2411],[84.1598,29.2417],[84.1538,29.2415],[84.1496,29.2401],[84.1416,29.2363],[84.1288,29.2429],[84.1197,29.2453],[84.1163,29.2442],[84.1124,29.2487],[84.1136,29.2519],[84.1119,29.254],[84.1149,29.2581],[84.1131,29.2631],[84.1178,29.2647],[84.1217,29.2704],[84.1219,29.2736],[84.1194,29.2747],[84.1166,29.2795],[84.1141,29.2805],[84.1086,29.2851],[84.1023,29.287],[84.1003,29.2902],[84.0902,29.2942],[84.0858,29.2946],[84.0809,29.2887],[84.0701,29.2852],[84.0637,29.2896],[84.0562,29.2906],[84.0529,29.2948],[84.0529,29.2976],[84.0439,29.3009],[84.0295,29.2926],[84.0266,29.2858],[84.0243,29.2888],[84.0194,29.2896],[84.0158,29.289],[84.0108,29.2943],[84.0043,29.296],[83.9998,29.295],[83.9942,29.2975],[83.9898,29.2985],[83.9878,29.3005],[83.9896,29.3033],[83.9928,29.3034],[83.9993,29.3064],[84.0011,29.3095],[83.9992,29.3148],[83.9956,29.3165],[83.9922,29.3202],[83.9884,29.3209],[83.9848,29.324],[83.9759,29.3287],[83.9649,29.3311],[83.9611,29.3306],[83.9557,29.3262],[83.9485,29.3171],[83.9411,29.3164],[83.9336,29.3198],[83.9275,29.3185],[83.9198,29.3233],[83.915,29.3227],[83.91,29.3235],[83.9048,29.3258],[83.9008,29.3236],[83.898,29.3189],[83.8874,29.3202],[83.8801,29.3162],[83.8736,29.3144],[83.8705,29.3124],[83.8641,29.3119],[83.8561,29.3094],[83.8542,29.3017],[83.8491,29.2981],[83.8446,29.299],[83.839,29.2982],[83.835,29.3009],[83.8302,29.2982],[83.826,29.2998],[83.8231,29.3028],[83.8128,29.3021],[83.8119,29.2977],[83.808,29.2947],[83.8109,29.2909],[83.8079,29.2859],[83.8025,29.2823],[83.7974,29.2819],[83.7945,29.2775],[83.7939,29.2735],[83.7953,29.2719],[83.7991,29.2642],[83.8018,29.2557],[83.7971,29.253],[83.7972,29.2501],[83.7921,29.249],[83.7906,29.2475],[83.7814,29.2444],[83.7767,29.2478],[83.7709,29.2463],[83.7706,29.2438],[83.7676,29.2409],[83.7614,29.2401],[83.7568,29.2426],[83.7545,29.2423],[83.7495,29.2441],[83.7464,29.2435],[83.7406,29.2455],[83.7385,29.2442],[83.7306,29.245],[83.7219,29.2416],[83.7113,29.2446],[83.709,29.24],[83.7063,29.2373],[83.7009,29.2347],[83.6967,29.2264],[83.6889,29.2173],[83.6842,29.2132],[83.675,29.2078],[83.668,29.2073],[83.6601,29.204],[83.6559,29.204],[83.656,29.2001],[83.6578,29.1986],[83.6581,29.1875],[83.6636,29.1841],[83.6622,29.1811],[83.6574,29.1762],[83.6625,29.1735],[83.6658,29.1689],[83.6621,29.1652],[83.6633,29.1558],[83.6728,29.1525],[83.6765,29.1473],[83.675,29.1371],[83.6797,29.1306],[83.6789,29.1251],[83.6766,29.1239],[83.6676,29.1234],[83.6626,29.1248],[83.655,29.1219],[83.6517,29.1196],[83.6506,29.1148],[83.6526,29.1093],[83.6499,29.1045],[83.6462,29.1042],[83.6363,29.1074],[83.6288,29.1066],[83.6259,29.1028],[83.6225,29.1007],[83.6206,29.0979],[83.6164,29.0985],[83.615,29.0944],[83.6203,29.0896],[83.6234,29.0883],[83.6307,29.0811],[83.6295,29.0722],[83.6313,29.0665],[83.631,29.0625],[83.6266,29.0625],[83.6204,29.0605],[83.6182,29.0552],[83.619,29.0458],[83.6161,29.0404],[83.6126,29.0362],[83.6127,29.0339],[83.6153,29.0266],[83.6141,29.0224],[83.6165,29.0186],[83.6122,29.0151],[83.6143,29.0099],[83.617,29.0062],[83.6145,28.998],[83.6156,28.9927],[83.615,28.9878],[83.6102,28.983],[83.6091,28.9803],[83.6043,28.9804],[83.6029,28.9826],[83.5985,28.9858],[83.5921,28.9837],[83.589,28.9808],[83.5866,28.9759],[83.5871,28.9714],[83.5855,28.9678],[83.5817,28.965],[83.5826,28.9613],[83.579,28.9551],[83.5749,28.954],[83.5722,28.9488],[83.567,28.9434],[83.5616,28.9453],[83.5587,28.9449],[83.5572,28.9425],[83.5579,28.9379],[83.5565,28.9338],[83.5495,28.9269],[83.5462,28.9219],[83.5416,28.9179],[83.5399,28.915],[83.5328,28.9096],[83.5286,28.9087],[83.5273,28.9035],[83.524,28.8993],[83.5204,28.8964],[83.5152,28.89],[83.5069,28.8854],[83.502,28.8793],[83.4995,28.8773],[83.5031,28.8717],[83.5058,28.8659],[83.5063,28.8577],[83.5021,28.8518],[83.5018,28.8462],[83.498,28.8427],[83.4926,28.8464],[83.4844,28.8458],[83.4817,28.8447],[83.4807,28.8361],[83.4833,28.8337],[83.4827,28.8296],[83.4797,28.8242],[83.4801,28.8172],[83.4851,28.8123],[83.4855,28.8081],[83.4876,28.8043],[83.4881,28.8009],[83.4868,28.7961],[83.4869,28.7906],[83.4844,28.787],[83.4835,28.7829],[83.4779,28.782],[83.4702,28.7818],[83.4612,28.7801],[83.4588,28.7763],[83.4539,28.7723],[83.4461,28.769],[83.4416,28.7697],[83.427,28.7664],[83.4104,28.7607],[83.4003,28.7608],[83.3885,28.7631],[83.3834,28.7565],[83.3777,28.754],[83.3767,28.7491],[83.3743,28.7445],[83.3641,28.7368],[83.362,28.7342],[83.3563,28.7337],[83.3507,28.7359],[83.3459,28.7356],[83.3313,28.7382],[83.3247,28.7378],[83.3201,28.7362],[83.3124,28.7354],[83.3083,28.7326],[83.2985,28.732],[83.2941,28.7299],[83.282,28.7257],[83.2769,28.722],[83.2706,28.7252],[83.264,28.7264],[83.2594,28.7262],[83.248,28.7304],[83.2448,28.7327],[83.2394,28.7349],[83.2372,28.7396],[83.2293,28.7429],[83.2225,28.7402],[83.2182,28.7352],[83.21,28.732],[83.2064,28.7326],[83.1989,28.7361],[83.1977,28.7377],[83.1862,28.7437],[83.1737,28.7443],[83.167,28.7451],[83.1633,28.7465],[83.1541,28.7478],[83.1454,28.7472],[83.1437,28.7452],[83.1425,28.7402],[83.1427,28.7341],[83.1461,28.7306],[83.1443,28.7266],[83.1459,28.723],[83.1454,28.7209],[83.1487,28.7146],[83.1505,28.7131],[83.15,28.7046],[83.1525,28.7011],[83.1486,28.6949],[83.144,28.6939],[83.1424,28.6898],[83.1442,28.6879],[83.1463,28.6815],[83.1384,28.6751],[83.1348,28.6737],[83.1275,28.6741],[83.1227,28.6767],[83.1202,28.6754],[83.1185,28.6707],[83.125,28.664],[83.1232,28.6541],[83.1191,28.6497],[83.1151,28.6427],[83.1161,28.634],[83.1148,28.6308],[83.1088,28.6318],[83.0972,28.6353],[83.0903,28.6335],[83.0843,28.6309],[83.0809,28.6256],[83.0748,28.6238],[83.0673,28.6235],[83.0575,28.6201],[83.0536,28.6226],[83.051,28.6258],[83.0428,28.63],[83.0355,28.6257],[83.0248,28.6265],[83.0191,28.6217],[83.0137,28.622],[83.01,28.6236],[83.0058,28.6227],[83.0028,28.6238],[82.998,28.6236],[82.9938,28.6269],[82.9904,28.6259],[82.9859,28.6297],[82.9829,28.6308],[82.977,28.629],[82.9746,28.6259],[82.9721,28.6206],[82.9671,28.6154],[82.9631,28.6133],[82.9573,28.6115],[82.957,28.6081],[82.9528,28.5992],[82.9546,28.5931],[82.9594,28.5878],[82.9623,28.5819],[82.9726,28.5752],[82.9795,28.5751],[82.9819,28.572],[82.9857,28.5699],[82.9856,28.5641],[82.9827,28.56],[82.9802,28.5504],[82.9738,28.5423],[82.9658,28.5477],[82.964,28.5501],[82.9601,28.5518],[82.9557,28.5514],[82.9515,28.5559],[82.9477,28.5563],[82.9431,28.5582],[82.9406,28.5613],[82.9361,28.5626],[82.934,28.565],[82.9284,28.5671],[82.9205,28.567],[82.9162,28.5645],[82.9158,28.5589],[82.9137,28.5556],[82.9148,28.5527],[82.9118,28.5429],[82.9135,28.5378],[82.912,28.5354],[82.9117,28.5294],[82.9141,28.5276],[82.9018,28.519],[82.8951,28.5156],[82.8877,28.5148],[82.8782,28.516],[82.8776,28.5148],[82.8884,28.5066],[82.8901,28.5006],[82.8924,28.4966],[82.8988,28.49],[82.9008,28.489],[82.9057,28.4837],[82.9116,28.4809],[82.9118,28.4784],[82.9065,28.4758],[82.9005,28.4758],[82.8938,28.4786],[82.8868,28.4797],[82.8793,28.4764],[82.8787,28.4734],[82.8806,28.4681],[82.8828,28.4662],[82.8829,28.4613],[82.8866,28.4567],[82.8863,28.4525],[82.894,28.4477],[82.8991,28.448],[82.9061,28.443],[82.9104,28.4365],[82.9142,28.4344],[82.9123,28.4277],[82.9142,28.4233],[82.9182,28.4182],[82.9192,28.4092],[82.9159,28.4035],[82.9178,28.4019],[82.9227,28.4013],[82.9274,28.4022],[82.9332,28.4013],[82.9359,28.4021],[82.9384,28.3985],[82.9436,28.3985],[82.9421,28.3948],[82.9459,28.3916],[82.9473,28.3873],[82.9503,28.3842],[82.9481,28.3784],[82.9511,28.374],[82.9547,28.3723],[82.9567,28.3645],[82.9548,28.3602],[82.9613,28.3598],[82.9674,28.3577],[82.9719,28.3589],[82.9801,28.3594],[82.989,28.3532],[82.9935,28.3514],[82.9972,28.346],[83.0011,28.3364],[83.0034,28.3332],[83.0067,28.3326],[83.0103,28.3337],[83.0136,28.3325],[83.0182,28.3258],[83.0241,28.3252],[83.0338,28.3217],[83.0401,28.3223],[83.0435,28.3247],[83.048,28.3223],[83.0513,28.319],[83.0587,28.3176],[83.0612,28.3178],[83.0688,28.3114],[83.0688,28.3035],[83.0703,28.301],[83.0761,28.2975],[83.0791,28.2914],[83.0848,28.2894],[83.0898,28.2812],[83.0932,28.2776],[83.0969,28.2774],[83.0975,28.2738],[83.0955,28.269],[83.0955,28.2649],[83.0943,28.2571],[83.1011,28.2557],[83.1057,28.2523],[83.1115,28.252],[83.1165,28.2541],[83.1186,28.2566],[83.126,28.2567],[83.1278,28.2508],[83.1308,28.2502],[83.1351,28.2515],[83.1383,28.2546],[83.1453,28.2629],[83.1486,28.266],[83.1526,28.2677],[83.1554,28.2708],[83.1615,28.2674],[83.1629,28.2633],[83.1657,28.2618],[83.1676,28.2581],[83.1779,28.265],[83.1814,28.2692],[83.1854,28.2702],[83.1891,28.2653],[83.1932,28.2634],[83.1981,28.2588],[83.2011,28.2578],[83.205,28.2544],[83.2055,28.2524],[83.2119,28.2488],[83.2158,28.2478],[83.2158,28.2439],[83.2201,28.2408],[83.2219,28.2373],[83.2261,28.2351],[83.2259,28.2326],[83.2283,28.2311],[83.2333,28.2257],[83.2338,28.2219],[83.2399,28.2198],[83.2421,28.2199],[83.2442,28.2173],[83.2473,28.2169],[83.2518,28.2142],[83.2539,28.2112],[83.2555,28.2059],[83.2586,28.204],[83.259,28.2005],[83.267,28.1988],[83.2708,28.1952],[83.2707,28.192],[83.2739,28.1876],[83.2781,28.1911],[83.2801,28.1898],[83.2853,28.1909],[83.2875,28.1927],[83.2974,28.1929],[83.3015,28.1958],[83.3079,28.1977],[83.3107,28.1942],[83.314,28.193],[83.3165,28.1904],[83.325,28.1905],[83.3309,28.1891],[83.3382,28.1901],[83.3451,28.1937],[83.3505,28.1946],[83.3527,28.1978],[83.3627,28.1922],[83.3642,28.1864],[83.3692,28.1835],[83.37,28.1779],[83.3761,28.1737],[83.3842,28.1638],[83.3889,28.1671],[83.3938,28.1604],[83.3948,28.1559],[83.4004,28.1505],[83.4061,28.1485],[83.4073,28.1456],[83.4112,28.1441],[83.4115,28.1407],[83.4136,28.1378],[83.4185,28.1366],[83.4202,28.1282],[83.4237,28.1259],[83.4266,28.126],[83.4312,28.1291],[83.4359,28.1294],[83.4388,28.131],[83.4452,28.1251],[83.4511,28.1265],[83.4562,28.1318],[83.4585,28.1325],[83.4626,28.13],[83.4669,28.1322],[83.4737,28.1323],[83.4783,28.1302],[83.4761,28.1217],[83.4741,28.1191],[83.4778,28.1175],[83.4838,28.1164],[83.4857,28.1134],[83.4891,28.1135],[83.4946,28.1164],[83.4991,28.1173],[83.5004,28.1196],[83.5046,28.1234],[83.5058,28.126],[83.5104,28.127],[83.5157,28.1223],[83.5214,28.12],[83.5248,28.1209],[83.5322,28.1167],[83.5376,28.1199],[83.5443,28.1209],[83.5491,28.1195],[83.5545,28.1168],[83.5542,28.1137],[83.5551,28.1068],[83.5604,28.1045],[83.565,28.1008],[83.5652,28.0993],[83.5622,28.0945],[83.5628,28.0926],[83.5672,28.0898],[83.5726,28.0891],[83.5756,28.0871],[83.5767,28.0813],[83.5807,28.0775],[83.5716,28.0726],[83.5686,28.066],[83.5632,28.0649],[83.5612,28.0632],[83.564,28.0581],[83.5617,28.0529],[83.5617,28.0495],[83.5592,28.0436],[83.5637,28.0412],[83.564,28.0391],[83.5616,28.0358],[83.5646,28.0341],[83.5739,28.0325],[83.5779,28.0341],[83.5843,28.0261],[83.5906,28.0253],[83.5912,28.0216],[83.5949,28.0218],[83.5968,28.0203],[83.5988,28.0152],[83.6033,28.014],[83.6049,28.0121],[83.605,28.006],[83.6031,28.0023],[83.6033,27.9973],[83.5966,27.9914],[83.5934,27.9895],[83.585,27.9879],[83.584,27.9871],[83.5854,27.9799],[83.5801,27.9797],[83.5791,27.9763],[83.5768,27.9744],[83.5728,27.9759],[83.5685,27.976],[83.5605,27.9739],[83.5562,27.9742],[83.5543,27.9765],[83.55,27.9768],[83.5462,27.9714],[83.5412,27.9714],[83.5398,27.9701],[83.5344,27.9686],[83.531,27.9648],[83.5265,27.9664],[83.5227,27.964],[83.5093,27.9685],[83.5086,27.9701],[83.5001,27.977],[83.4931,27.9782],[83.4854,27.9821],[83.481,27.9805],[83.4783,27.9753],[83.4755,27.9746],[83.4661,27.9636],[83.4641,27.9603],[83.4624,27.9548],[83.4559,27.9499],[83.4499,27.9481],[83.4441,27.9454],[83.4429,27.9431],[83.4452,27.9388],[83.4404,27.9352],[83.4428,27.9322],[83.4481,27.9287],[83.453,27.9329],[83.4605,27.9344],[83.4675,27.9287],[83.4839,27.9227],[83.4862,27.9238],[83.4896,27.9287],[83.4927,27.9292],[83.4957,27.9275],[83.5013,27.9271],[83.5059,27.9286],[83.5087,27.9311],[83.5037,27.9355],[83.5034,27.9381],[83.5061,27.9403],[83.5091,27.9408],[83.5161,27.9377],[83.5231,27.9293],[83.5219,27.9259],[83.5241,27.9242],[83.5306,27.9322],[83.53,27.938],[83.5355,27.9382],[83.5372,27.9357],[83.5363,27.9313],[83.5385,27.9278],[83.5452,27.9293],[83.5483,27.9281],[83.5528,27.9296],[83.5599,27.9349],[83.5646,27.9343],[83.5672,27.9367],[83.5676,27.9404],[83.571,27.9431],[83.5732,27.9416],[83.5764,27.9373],[83.5763,27.9351],[83.5736,27.9321],[83.5746,27.9303],[83.593,27.9312],[83.597,27.9278],[83.5996,27.9237],[83.6032,27.9236],[83.6108,27.9252],[83.6147,27.9297],[83.6169,27.9307],[83.6198,27.9269],[83.6247,27.9263],[83.6267,27.9248],[83.6217,27.9193],[83.6224,27.9164],[83.627,27.9147],[83.6325,27.9148],[83.6333,27.9125],[83.6315,27.9102],[83.6333,27.9001],[83.6405,27.9023],[83.6448,27.8986],[83.6492,27.9024],[83.655,27.9025],[83.6577,27.9077],[83.6659,27.9198],[83.67,27.9243],[83.6757,27.9275],[83.6792,27.9266],[83.6822,27.923],[83.6797,27.921],[83.681,27.9174],[83.6835,27.9164],[83.6861,27.9182],[83.6877,27.9229],[83.6902,27.9238],[83.6957,27.9183],[83.6982,27.917],[83.7008,27.9184],[83.7111,27.9166],[83.7173,27.9201],[83.7205,27.9189],[83.7229,27.9141],[83.7274,27.911],[83.7332,27.9089],[83.735,27.9047],[83.7428,27.9002],[83.7463,27.8999],[83.746,27.9035],[83.7429,27.9043],[83.7447,27.908],[83.7507,27.9071],[83.7551,27.9037],[83.7582,27.9047],[83.7565,27.9094],[83.7623,27.91],[83.7665,27.907],[83.7694,27.9066],[83.7751,27.9034],[83.7814,27.8963],[83.7849,27.89],[83.7892,27.885],[83.798,27.882],[83.8041,27.8749],[83.8076,27.8732],[83.8161,27.8742],[83.8201,27.8775],[83.8237,27.8765],[83.8314,27.8717],[83.8393,27.8687],[83.8455,27.8685],[83.8474,27.8735],[83.8442,27.8783],[83.846,27.8819],[83.8506,27.8815],[83.8519,27.8796],[83.8517,27.8745],[83.8578,27.8735],[83.8604,27.8744],[83.8612,27.8774],[83.8603,27.8812],[83.8622,27.883],[83.8733,27.8856],[83.8776,27.8884],[83.8802,27.8876],[83.881,27.8824],[83.8842,27.8826],[83.8886,27.8854],[83.8924,27.8862],[83.8982,27.8832],[83.9101,27.8803],[83.9137,27.8771],[83.9105,27.8742],[83.9138,27.8711],[83.9206,27.8715],[83.9257,27.8683],[83.9322,27.8725],[83.9367,27.8776],[83.941,27.8774],[83.9452,27.8715],[83.9488,27.8694],[83.9516,27.8695],[83.9583,27.8731],[83.9685,27.8703],[83.9708,27.8726],[83.9731,27.8715],[83.9756,27.8673],[83.9809,27.8656],[83.9891,27.8668],[83.9943,27.8663],[83.9963,27.8647],[83.9978,27.8608],[83.9979,27.8561],[84.0009,27.8547],[84.0073,27.8547],[84.016,27.8515],[84.021,27.8511],[84.0216,27.8547],[84.0159,27.8571],[84.0174,27.8614],[84.0228,27.8612],[84.0275,27.8567],[84.0272,27.8537],[84.0225,27.8485],[84.0223,27.8436],[84.0203,27.8409],[84.0228,27.8368],[84.025,27.8353],[84.0266,27.8297],[84.0265,27.8262],[84.0247,27.8183],[84.0222,27.8191],[84.0203,27.8156],[84.0151,27.8117],[84.0124,27.8013],[84.0051,27.7957],[84.0004,27.7888],[83.9994,27.7845],[84.0001,27.7808],[83.9992,27.7747],[83.9942,27.7665],[83.9924,27.7536],[83.9943,27.7515],[83.9859,27.7481],[83.9814,27.7493],[83.9768,27.7476],[83.9721,27.7481],[83.9711,27.7498],[83.9647,27.7471],[83.9605,27.7483],[83.952,27.7467],[83.945,27.7442],[83.9283,27.7342],[83.925,27.7307],[83.9242,27.7269],[83.9215,27.7268],[83.919,27.7296],[83.916,27.7285],[83.9131,27.7311],[83.9065,27.7316],[83.9076,27.7348],[83.9043,27.7357],[83.9041,27.7319],[83.902,27.7304],[83.8985,27.7319],[83.896,27.7301],[83.8931,27.7313],[83.8888,27.7303],[83.8875,27.7323],[83.8806,27.7335],[83.8789,27.7353],[83.8757,27.7334],[83.8691,27.7347],[83.8667,27.734],[83.8599,27.7345],[83.8517,27.7333],[83.8453,27.7351],[83.8419,27.7312],[83.8441,27.7271],[83.8448,27.7158],[83.8489,27.7117],[83.8463,27.7095],[83.8428,27.7109],[83.8388,27.7109],[83.8336,27.714],[83.8253,27.7141],[83.8211,27.7107],[83.8157,27.7135],[83.8109,27.7144],[83.8093,27.7163],[83.8047,27.7183],[83.8014,27.7214],[83.7923,27.7219],[83.7866,27.7247],[83.7823,27.7251],[83.7733,27.7239],[83.763,27.7217],[83.7593,27.7224],[83.7564,27.7202],[83.7511,27.721],[83.7452,27.7192],[83.7394,27.7151],[83.7323,27.7142],[83.7295,27.7096],[83.7233,27.7101],[83.7188,27.7121],[83.7152,27.7153],[83.7064,27.7154],[83.6944,27.7163],[83.6916,27.7188],[83.682,27.721],[83.6828,27.7182],[83.69,27.7065],[83.6898,27.6982],[83.6919,27.6955],[83.6948,27.6943],[83.7009,27.6884],[83.7045,27.6821],[83.6994,27.6763],[83.6989,27.67],[83.6962,27.6631],[83.7016,27.6616],[83.7059,27.659],[83.7159,27.6635],[83.7205,27.6699],[83.7252,27.6725],[83.727,27.671],[83.7313,27.6708],[83.7333,27.6693],[83.7408,27.6697],[83.7448,27.6669],[83.7583,27.6675],[83.76,27.6626],[83.7632,27.6613],[83.7683,27.6666],[83.7755,27.6663],[83.7841,27.667],[83.7939,27.6664],[83.7997,27.6656],[83.8063,27.6629],[83.8119,27.6624],[83.81,27.6552],[83.8125,27.653],[83.81,27.6485],[83.807,27.6478],[83.8086,27.6412],[83.8103,27.64],[83.8097,27.6353],[83.8026,27.6324],[83.801,27.6295],[83.805,27.6234],[83.8052,27.6209],[83.7988,27.621],[83.7972,27.6187],[83.8,27.6126],[83.7979,27.61],[83.7943,27.6098],[83.7899,27.6067],[83.7906,27.6051],[83.8011,27.5962],[83.8062,27.597],[83.81,27.5937],[83.8082,27.5887],[83.8141,27.5893],[83.8201,27.5925],[83.8237,27.5921],[83.8311,27.5874],[83.8331,27.588],[83.8362,27.5858],[83.841,27.5742],[83.8395,27.572],[83.8316,27.5657],[83.8327,27.5598],[83.8373,27.5516],[83.8368,27.5463],[83.8419,27.5493],[83.8416,27.5563],[83.847,27.5604],[83.8507,27.5591],[83.8539,27.5507],[83.8584,27.5458],[83.862,27.5452],[83.8697,27.5419],[83.8719,27.5402],[83.8756,27.5349],[83.8788,27.5324],[83.8821,27.5273],[83.8827,27.5234],[83.8783,27.5204],[83.8765,27.516],[83.8757,27.5107],[83.8808,27.5078],[83.8869,27.5085],[83.8919,27.5059],[83.8973,27.5003],[83.8904,27.4988],[83.8864,27.4956],[83.8837,27.4962],[83.8803,27.4926],[83.8748,27.4897],[83.8781,27.485],[83.8819,27.4821],[83.8851,27.481],[83.8866,27.4727],[83.8859,27.4685],[83.8837,27.4641],[83.8898,27.4617],[83.8871,27.4551],[83.8877,27.4466],[83.8891,27.4436],[83.8927,27.4412],[83.8956,27.4378],[83.9088,27.44],[83.9166,27.4426],[83.9312,27.4496],[83.935,27.4509],[83.9394,27.4552],[83.9446,27.4658],[83.9437,27.4736],[83.9414,27.4789],[83.9385,27.4884],[83.9388,27.4916],[83.9411,27.4939],[83.9578,27.5004],[83.9665,27.5063],[83.9687,27.5098],[83.9694,27.5161],[83.9649,27.5233],[83.9565,27.5271],[83.9509,27.5265],[83.9477,27.5202],[83.9419,27.5158],[83.9354,27.5135],[83.9301,27.5131],[83.9256,27.5148],[83.922,27.5181],[83.9221,27.525],[83.9201,27.5264],[83.9188,27.5331],[83.92,27.5412],[83.9245,27.5446],[83.9323,27.5454],[83.9394,27.5421],[83.948,27.5402],[83.9549,27.5436],[83.9578,27.5485],[83.9692,27.5506],[83.9746,27.5496],[83.9814,27.5453],[83.9865,27.5437],[83.992,27.5435],[83.9979,27.5455],[84.0081,27.544],[84.0144,27.5399],[84.0254,27.5372],[84.0312,27.5373],[84.0365,27.5388],[84.0389,27.5406],[84.0418,27.5453],[84.0432,27.5509],[84.0457,27.5541],[84.0498,27.5563],[84.0525,27.5566],[84.0578,27.555],[84.0644,27.5514],[84.067,27.5518],[84.0709,27.5574],[84.0747,27.5596],[84.0835,27.5577],[84.0903,27.5547],[84.1007,27.5539],[84.1073,27.5518],[84.1147,27.5533],[84.1194,27.5564],[84.1198,27.56],[84.1256,27.5661],[84.1262,27.5714],[84.1291,27.5769],[84.1353,27.5846],[84.1417,27.5889],[84.1498,27.5974],[84.1598,27.6036],[84.168,27.6105],[84.1746,27.6178],[84.1908,27.6285],[84.195,27.6302],[84.2059,27.6384],[84.2182,27.6436],[84.2252,27.6445],[84.2306,27.6461],[84.235,27.6493],[84.2411,27.6519],[84.2508,27.6542],[84.2562,27.6511],[84.2585,27.6515],[84.2615,27.6559],[84.2702,27.6626],[84.2756,27.6636],[84.2924,27.6684],[84.297,27.6706],[84.3207,27.6844],[84.3238,27.6884],[84.3241,27.6923],[84.3299,27.6966],[84.3374,27.699],[84.3431,27.7021],[84.3487,27.7032],[84.3547,27.7012],[84.3604,27.698],[84.3626,27.6956],[84.3639,27.6903],[84.3697,27.6848],[84.3781,27.6813],[84.3805,27.6816],[84.387,27.6856],[84.3945,27.6891],[84.4082,27.6965],[84.428,27.7038],[84.4307,27.7059],[84.4307,27.7132],[84.4274,27.7227],[84.4257,27.7306],[84.422,27.7413],[84.4276,27.7425],[84.4331,27.7412],[84.4386,27.7441],[84.4479,27.7572],[84.4499,27.7591],[84.4571,27.7595],[84.4648,27.7532],[84.4686,27.7519],[84.472,27.7541],[84.4706,27.7609],[84.4674,27.7672],[84.46,27.7742],[84.4554,27.7765],[84.4484,27.7784],[84.4393,27.7785],[84.4341,27.7829],[84.4313,27.7869],[84.43,27.7907],[84.4307,27.8021],[84.4322,27.8124],[84.4353,27.8153],[84.4411,27.8175],[84.4438,27.822],[84.4458,27.8232],[84.4541,27.8204],[84.4649,27.8189],[84.4654,27.8241],[84.4743,27.8236],[84.4805,27.8216],[84.4886,27.8209],[84.4928,27.8194],[84.496,27.8209],[84.503,27.8197],[84.508,27.8169],[84.5127,27.8155],[84.518,27.8168],[84.5205,27.8219],[84.5208,27.8315],[84.525,27.8334],[84.5322,27.833],[84.5411,27.8334],[84.5457,27.8318],[84.5499,27.8329],[84.5552,27.8358],[84.5567,27.8385],[84.5582,27.8475],[84.557,27.8537],[84.5588,27.858],[84.5674,27.8589],[84.5734,27.8614],[84.577,27.8643],[84.5769,27.8709],[84.5805,27.8744],[84.59,27.8797],[84.596,27.8763],[84.6017,27.8761],[84.6049,27.8723],[84.6081,27.8716],[84.6131,27.8727],[84.6142,27.8759],[84.6199,27.8805],[84.6249,27.8797],[84.6274,27.8772],[84.6268,27.8735],[84.6285,27.8711],[84.6338,27.8689],[84.6337,27.8633],[84.636,27.8601],[84.6419,27.8598],[84.6463,27.8606],[84.6499,27.8583],[84.6469,27.8551],[84.6491,27.8527],[84.6548,27.8524],[84.6587,27.8511],[84.6607,27.849],[84.664,27.8406],[84.6633,27.8361],[84.6611,27.831],[84.6613,27.8287],[84.6675,27.8231],[84.668,27.8185],[84.6711,27.817],[84.6769,27.8159],[84.6851,27.8103],[84.6931,27.8095],[84.7071,27.8068],[84.708,27.8026],[84.7102,27.8008],[84.7138,27.8005],[84.7192,27.8035],[84.722,27.8012],[84.7273,27.8],[84.7295,27.7961],[84.7319,27.7957],[84.7367,27.7988],[84.7386,27.8039],[84.7505,27.8052],[84.7538,27.8065],[84.7563,27.809],[84.7566,27.8141],[84.7601,27.8169],[84.7646,27.8186],[84.7694,27.8151],[84.7693,27.8109],[84.7748,27.8085],[84.7819,27.8158],[84.7774,27.8185],[84.7737,27.8242],[84.7731,27.8295],[84.776,27.8353],[84.7704,27.8395],[84.7699,27.8429],[84.7676,27.8438],[84.768,27.8517],[84.7654,27.8538],[84.7657,27.858],[84.7637,27.8601],[84.7593,27.8594],[84.756,27.8618],[84.7542,27.8654],[84.7551,27.8695],[84.7525,27.8751],[84.747,27.8786],[84.7459,27.8805],[84.7485,27.8838],[84.7488,27.8865],[84.7415,27.89],[84.7367,27.8912],[84.7357,27.8934],[84.7376,27.897],[84.734,27.9041],[84.7332,27.9075],[84.7351,27.9154],[84.7342,27.917],[84.7331,27.9276],[84.7364,27.9285],[84.7342,27.9312],[84.7344,27.9339],[84.7395,27.9371],[84.7398,27.9437],[84.7421,27.9491],[84.7456,27.9531],[84.7465,27.9606],[84.7545,27.9624],[84.7582,27.9643],[84.7607,27.9672],[84.7692,27.9673],[84.7747,27.9714],[84.7752,27.9731],[84.7715,27.976],[84.7773,27.9779],[84.7788,27.9816],[84.7841,27.9833],[84.7849,27.9867],[84.7878,27.9891],[84.7881,27.9953],[84.7908,27.9982],[84.7969,27.9981],[84.7974,28.0024],[84.8039,28.0004],[84.8113,28.0029],[84.8133,28.0093],[84.8102,28.0139],[84.8101,28.0184],[84.8131,28.0225],[84.8134,28.0274],[84.8126,28.0315],[84.8095,28.0347],[84.8095,28.038],[84.8121,28.043],[84.8185,28.048],[84.8185,28.0543],[84.8206,28.0564],[84.8209,28.0632],[84.8244,28.0667],[84.8282,28.0761],[84.829,28.0805],[84.8315,28.0845],[84.8318,28.0896],[84.837,28.0945],[84.8378,28.1012],[84.8371,28.1041],[84.8425,28.1107],[84.8421,28.1141],[84.8444,28.1167],[84.8496,28.1185],[84.8547,28.1227],[84.859,28.1201],[84.863,28.1216],[84.8694,28.1205],[84.8715,28.1177],[84.881,28.1128],[84.8841,28.1095],[84.8854,28.1055],[84.8892,28.1034],[84.8924,28.1],[84.9001,28.1066],[84.9036,28.1052],[84.909,28.1047],[84.9163,28.1028],[84.9213,28.1059],[84.9208,28.116],[84.9288,28.1263],[84.9315,28.1255],[84.9354,28.1266],[84.9409,28.125],[84.9425,28.1226],[84.9484,28.1249],[84.9518,28.1242],[84.9572,28.1272],[84.9569,28.132],[84.9585,28.1338],[84.957,28.1392],[84.9542,28.1435],[84.9579,28.1479],[84.9572,28.1555],[84.9609,28.16],[84.9606,28.162],[84.9619,28.169],[84.9654,28.1737],[84.9641,28.1775],[84.968,28.1853],[84.9734,28.1891],[84.9711,28.1939],[84.9706,28.1991],[84.9675,28.2019],[84.9669,28.2053],[84.9621,28.2127],[84.9647,28.2174],[84.9673,28.219],[84.9691,28.2223],[84.9771,28.2267],[84.9826,28.2345],[84.9844,28.2355],[84.9896,28.2429],[84.9941,28.244],[84.9978,28.2405],[84.9991,28.2445],[85.0027,28.2481],[85.0008,28.2524],[85.0059,28.2556],[85.0097,28.2558],[85.0172,28.2582],[85.0214,28.2603],[85.0269,28.2615],[85.0312,28.2729],[85.0318,28.2793],[85.0349,28.2852],[85.0351,28.2874],[85.038,28.2919],[85.0371,28.2955],[85.0327,28.3022],[85.0332,28.3039],[85.0401,28.3104],[85.0427,28.3154],[85.0421,28.3178],[85.0467,28.3259],[85.053,28.327],[85.0661,28.3376],[85.0674,28.3393],[85.0805,28.3459],[85.0884,28.3464],[85.0952,28.3447],[85.108,28.3466]]]},"properties":{"Shape_Leng":10.7834974737,"Shape_Area":2.02426361486,"ADM1_EN":"4","ADM1_PCODE":"NP04","ADM1_REF":null,"ADM1ALT1EN":null,"ADM1ALT2EN":null,"ADM0_EN":"Nepal","ADM0_PCODE":"NP","date":"2017/11/15","validOn":"2019/04/30","validTo":null}},
{"type":"Feature","geometry":{"type":"Polygon","coordinates":[[[83.1454,28.7472],[83.1415,28.7464],[83.1378,28.7478],[83.1324,28.7481],[83.1277,28.746],[83.1214,28.7455],[83.115,28.7432],[83.1126,28.7468],[83.1081,28.7493],[83.1025,28.7536],[83.1023,28.7601],[83.0982,28.7666],[83.0952,28.7677],[83.0914,28.7721],[83.0805,28.7814],[83.0793,28.7862],[83.0757,28.7852],[83.0707,28.7823],[83.0691,28.7803],[83.0653,28.7839],[83.058,28.7858],[83.0456,28.7866],[83.0361,28.7928],[83.0319,28.7933],[83.0255,28.7924],[83.0228,28.7908],[83.0202,28.7923],[83.0123,28.799],[83.0057,28.7995],[82.9974,28.8039],[82.9907,28.8017],[82.9869,28.8026],[82.9814,28.8006],[82.9757,28.8036],[82.9738,28.8093],[82.9701,28.8116],[82.9682,28.8158],[82.9659,28.8166],[82.9658,28.8204],[82.9599,28.8199],[82.9509,28.8237],[82.9497,28.8277],[82.9472,28.829],[82.9435,28.8274],[82.9373,28.828],[82.9302,28.8271],[82.926,28.8276],[82.9176,28.8314],[82.9103,28.8311],[82.9049,28.8324],[82.9038,28.8296],[82.9004,28.8289],[82.8981,28.8255],[82.8956,28.8249],[82.8924,28.8267],[82.8881,28.8259],[82.884,28.827],[82.8796,28.8304],[82.8732,28.8312],[82.8682,28.8341],[82.864,28.8319],[82.8546,28.8322],[82.8471,28.827],[82.8428,28.8266],[82.8367,28.8314],[82.8328,28.8302],[82.8228,28.8306],[82.8203,28.8299],[82.8171,28.8313],[82.814,28.8287],[82.8066,28.8252],[82.7994,28.8207],[82.7968,28.8216],[82.7934,28.8199],[82.7815,28.8241],[82.7783,28.8196],[82.771,28.8146],[82.7675,28.8098],[82.7654,28.8101],[82.7636,28.8137],[82.7601,28.8161],[82.7594,28.8199],[82.7568,28.8211],[82.7531,28.8278],[82.7494,28.8305],[82.7465,28.8372],[82.7437,28.8409],[82.7418,28.8459],[82.7383,28.8461],[82.7361,28.848],[82.7292,28.8477],[82.7264,28.8464],[82.7237,28.8498],[82.7192,28.8498],[82.7121,28.8516],[82.7082,28.8541],[82.7047,28.8547],[82.7002,28.8595],[82.6999,28.8611],[82.6957,28.8647],[82.6925,28.8631],[82.6854,28.8614],[82.6785,28.8548],[82.6736,28.8526],[82.6694,28.8524],[82.6656,28.8539],[82.6617,28.858],[82.6585,28.8601],[82.6557,28.8648],[82.6561,28.8667],[82.6486,28.8692],[82.6442,28.8672],[82.638,28.86],[82.6368,28.8552],[82.6299,28.8534],[82.6284,28.8505],[82.6247,28.8468],[82.6265,28.8419],[82.6261,28.8392],[82.6177,28.8286],[82.6137,28.8266],[82.6139,28.8246],[82.6172,28.8194],[82.6201,28.8112],[82.6191,28.8083],[82.6148,28.8073],[82.6054,28.8013],[82.6031,28.7981],[82.5962,28.792],[82.5917,28.7916],[82.5893,28.7894],[82.5896,28.7861],[82.5863,28.7816],[82.5815,28.7807],[82.5772,28.7765],[82.5717,28.7739],[82.5674,28.7684],[82.5641,28.7658],[82.5649,28.7639],[82.5637,28.7587],[82.5666,28.7576],[82.567,28.754],[82.5654,28.7474],[82.5662,28.7444],[82.5699,28.7438],[82.575,28.7406],[82.5817,28.7412],[82.5901,28.74],[82.5956,28.7439],[82.6014,28.7429],[82.6024,28.7367],[82.6017,28.7345],[82.6058,28.7149],[82.6132,28.7124],[82.6154,28.7096],[82.6136,28.6991],[82.6124,28.6959],[82.6159,28.6915],[82.6147,28.6889],[82.6023,28.6864],[82.5998,28.6825],[82.601,28.6767],[82.5994,28.6729],[82.5998,28.6704],[82.5955,28.6675],[82.5925,28.6677],[82.5867,28.6639],[82.5811,28.6652],[82.5788,28.6646],[82.5748,28.6587],[82.5698,28.6544],[82.5644,28.6511],[82.5607,28.6466],[82.5537,28.6449],[82.5477,28.6463],[82.5388,28.6472],[82.5364,28.6502],[82.5338,28.65],[82.5279,28.6548],[82.5251,28.6551],[82.5215,28.6594],[82.5173,28.6612],[82.5128,28.6595],[82.5008,28.6645],[82.4985,28.6617],[82.4943,28.6625],[82.4899,28.6593],[82.4895,28.6556],[82.4909,28.6511],[82.4858,28.6406],[82.4891,28.6397],[82.4943,28.6363],[82.5061,28.6311],[82.5085,28.6277],[82.5184,28.6246],[82.5281,28.6247],[82.534,28.6235],[82.5401,28.6208],[82.5433,28.6226],[82.5441,28.6266],[82.5466,28.6273],[82.5493,28.6256],[82.5463,28.6207],[82.5459,28.6184],[82.5534,28.6155],[82.5612,28.6101],[82.568,28.6096],[82.5748,28.612],[82.5778,28.6146],[82.5806,28.6124],[82.5787,28.6022],[82.5805,28.5982],[82.5812,28.592],[82.5791,28.5898],[82.581,28.5872],[82.577,28.5837],[82.5751,28.5796],[82.5669,28.5778],[82.5601,28.5798],[82.5569,28.5797],[82.554,28.5817],[82.5471,28.5768],[82.5442,28.573],[82.5419,28.5719],[82.5356,28.571],[82.5333,28.5666],[82.5303,28.5639],[82.5291,28.5583],[82.5263,28.5582],[82.5202,28.5538],[82.5168,28.5546],[82.5145,28.5529],[82.509,28.5512],[82.4998,28.554],[82.4942,28.5537],[82.4922,28.5526],[82.4918,28.5485],[82.4941,28.5439],[82.493,28.5401],[82.491,28.5381],[82.4846,28.5355],[82.481,28.5314],[82.4666,28.5256],[82.4637,28.5217],[82.4598,28.521],[82.4478,28.5231],[82.4443,28.5229],[82.4377,28.5258],[82.4328,28.5262],[82.4302,28.5246],[82.4211,28.5272],[82.4185,28.5286],[82.4167,28.5245],[82.4158,28.5168],[82.4142,28.5134],[82.4119,28.513],[82.4105,28.5082],[82.4075,28.5037],[82.4118,28.4965],[82.4117,28.4927],[82.4093,28.4885],[82.4067,28.4877],[82.4053,28.4845],[82.4056,28.4782],[82.4013,28.4727],[82.4004,28.4698],[82.3966,28.4689],[82.3966,28.462],[82.3914,28.4581],[82.3867,28.4577],[82.3836,28.4561],[82.3738,28.4483],[82.3737,28.4461],[82.377,28.4359],[82.3769,28.4313],[82.3755,28.4295],[82.3692,28.4261],[82.3655,28.4262],[82.3577,28.4245],[82.3512,28.4239],[82.3514,28.418],[82.3539,28.4149],[82.3529,28.4115],[82.3564,28.4087],[82.361,28.4082],[82.3623,28.4055],[82.3656,28.4026],[82.3628,28.3954],[82.3636,28.3883],[82.3664,28.3871],[82.3682,28.3841],[82.3752,28.3774],[82.3827,28.374],[82.3836,28.3728],[82.3828,28.3647],[82.3807,28.3637],[82.3783,28.3601],[82.3793,28.3518],[82.3726,28.3483],[82.371,28.3462],[82.366,28.344],[82.3632,28.3409],[82.3642,28.3354],[82.3643,28.3298],[82.3674,28.33],[82.3672,28.3249],[82.3642,28.3218],[82.3639,28.3192],[82.3685,28.319],[82.3751,28.3164],[82.3775,28.3108],[82.3763,28.3047],[82.3806,28.2988],[82.3833,28.2921],[82.3864,28.2909],[82.3914,28.2853],[82.3953,28.283],[82.3955,28.2771],[82.3988,28.2723],[82.4003,28.2687],[82.4034,28.2652],[82.4035,28.2623],[82.4076,28.2591],[82.4103,28.2583],[82.4133,28.2539],[82.4184,28.2539],[82.4246,28.2513],[82.4267,28.2524],[82.4301,28.2496],[82.4365,28.2478],[82.4359,28.2444],[82.4274,28.2398],[82.4283,28.2311],[82.4249,28.2293],[82.4196,28.23],[82.4149,28.2247],[82.4071,28.2211],[82.4057,28.2157],[82.4024,28.2059],[82.4031,28.2022],[82.4018,28.1994],[82.4006,28.1926],[82.4032,28.1844],[82.3992,28.1802],[82.401,28.1774],[82.3986,28.1718],[82.3948,28.1713],[82.3939,28.1762],[82.3963,28.1803],[82.3967,28.1832],[82.3946,28.1851],[82.3925,28.1894],[82.3871,28.1886],[82.3787,28.1846],[82.37,28.1892],[82.3671,28.1899],[82.3631,28.1968],[82.3594,28.1987],[82.3541,28.2062],[82.3494,28.2072],[82.3464,28.2104],[82.3461,28.2164],[82.3403,28.2204],[82.3376,28.2236],[82.3291,28.2244],[82.3275,28.2253],[82.3199,28.2249],[82.313,28.2232],[82.3119,28.2288],[82.31,28.2317],[82.3055,28.2314],[82.3026,28.2324],[82.3012,28.237],[82.3014,28.2439],[82.2921,28.2468],[82.2873,28.2457],[82.2815,28.2483],[82.2755,28.2485],[82.2735,28.2468],[82.2644,28.2436],[82.258,28.2435],[82.2567,28.24],[82.2503,28.2391],[82.248,28.2396],[82.2437,28.238],[82.2332,28.24],[82.2274,28.2438],[82.2228,28.248],[82.2169,28.2496],[82.2124,28.247],[82.2073,28.246],[82.2026,28.2438],[82.1985,28.243],[82.1934,28.2472],[82.1824,28.2498],[82.1758,28.249],[82.1707,28.2517],[82.1684,28.2514],[82.164,28.2466],[82.1608,28.2418],[82.154,28.2412],[82.1523,28.2382],[82.1484,28.2391],[82.1438,28.2372],[82.1429,28.2411],[82.1343,28.249],[82.1333,28.2512],[82.1268,28.2543],[82.1231,28.254],[82.1178,28.2516],[82.1116,28.2546],[82.1083,28.2583],[82.1007,28.259],[82.0937,28.2547],[82.0915,28.2492],[82.0813,28.2486],[82.0779,28.2451],[82.0695,28.2392],[82.0687,28.2371],[82.0618,28.2407],[82.0543,28.2421],[82.0521,28.2411],[82.0459,28.2317],[82.0424,28.2305],[82.0404,28.2236],[82.0381,28.2193],[82.0357,28.2173],[82.0365,28.2149],[82.0309,28.2141],[82.0269,28.2085],[82.0265,28.2049],[82.023,28.2007],[82.0269,28.1973],[82.0296,28.1917],[82.0284,28.1859],[82.0225,28.1845],[82.019,28.1827],[82.0165,28.176],[82.0128,28.17],[82.0148,28.1657],[82.0139,28.1622],[82.0111,28.1607],[82.0122,28.1553],[82.0076,28.1511],[81.9982,28.1637],[81.9892,28.1704],[81.9838,28.1776],[81.9805,28.1778],[81.9787,28.1821],[81.9732,28.185],[81.9707,28.1824],[81.9653,28.1845],[81.9631,28.1882],[81.9642,28.1919],[81.9627,28.1944],[81.9546,28.1946],[81.9525,28.194],[81.949,28.1959],[81.9471,28.1989],[81.9385,28.2018],[81.938,28.2064],[81.9346,28.2081],[81.9314,28.2077],[81.9267,28.2095],[81.9278,28.2134],[81.9259,28.2174],[81.9209,28.2204],[81.9225,28.224],[81.9216,28.2269],[81.9189,28.2269],[81.9131,28.229],[81.9093,28.2323],[81.9037,28.2324],[81.8962,28.2335],[81.8886,28.2369],[81.8871,28.2404],[81.8829,28.2435],[81.8767,28.2392],[81.872,28.2398],[81.8638,28.2384],[81.8606,28.239],[81.8636,28.2434],[81.8649,28.2489],[81.8615,28.2551],[81.8539,28.2605],[81.8503,28.2658],[81.8451,28.2694],[81.8438,28.2718],[81.8381,28.2726],[81.8301,28.2747],[81.8262,28.277],[81.8221,28.2768],[81.8145,28.2788],[81.8092,28.2829],[81.8059,28.2825],[81.7981,28.2737],[81.7933,28.274],[81.7914,28.2779],[81.7922,28.2813],[81.7893,28.2883],[81.788,28.2934],[81.7852,28.2956],[81.7803,28.2952],[81.7765,28.298],[81.7738,28.2975],[81.7709,28.2999],[81.7674,28.3008],[81.7612,28.3092],[81.7538,28.3075],[81.7451,28.3133],[81.7435,28.3191],[81.7461,28.3237],[81.7464,28.3264],[81.7511,28.3309],[81.7521,28.3345],[81.7513,28.3377],[81.7517,28.3437],[81.7551,28.3505],[81.7578,28.353],[81.7601,28.3591],[81.7654,28.3654],[81.7667,28.3702],[81.7629,28.3711],[81.7588,28.37],[81.7548,28.3715],[81.7523,28.3744],[81.7468,28.3756],[81.742,28.3757],[81.733,28.3775],[81.7296,28.3788],[81.7244,28.3831],[81.7218,28.3824],[81.7162,28.3845],[81.7083,28.3912],[81.702,28.3938],[81.7003,28.3966],[81.6963,28.399],[81.6921,28.4031],[81.6919,28.4059],[81.6883,28.4105],[81.6834,28.4113],[81.6788,28.4151],[81.6743,28.4176],[81.6698,28.4134],[81.6667,28.4147],[81.6589,28.4153],[81.6563,28.4185],[81.6484,28.4228],[81.6439,28.4295],[81.6398,28.4323],[81.6316,28.4364],[81.6263,28.4445],[81.6216,28.4458],[81.6118,28.4545],[81.6081,28.4535],[81.6029,28.4582],[81.6003,28.4628],[81.596,28.4653],[81.5924,28.469],[81.5874,28.469],[81.5827,28.4741],[81.575,28.4783],[81.5728,28.4831],[81.5679,28.4856],[81.5634,28.4903],[81.5595,28.492],[81.5573,28.495],[81.553,28.4934],[81.5425,28.4952],[81.539,28.4946],[81.5394,28.5001],[81.5351,28.5051],[81.5305,28.5092],[81.5239,28.5116],[81.5201,28.5119],[81.5162,28.5136],[81.5117,28.5208],[81.5115,28.5248],[81.5087,28.5255],[81.5058,28.5285],[81.5011,28.5304],[81.4974,28.5336],[81.4917,28.5322],[81.4861,28.5392],[81.4788,28.539],[81.4742,28.542],[81.4723,28.5486],[81.4691,28.5485],[81.4664,28.5533],[81.4597,28.5543],[81.4532,28.5523],[81.4454,28.5543],[81.4423,28.5581],[81.4389,28.5589],[81.4347,28.5621],[81.4325,28.5661],[81.4333,28.5681],[81.4319,28.5754],[81.4302,28.5778],[81.4243,28.5778],[81.4218,28.5815],[81.4249,28.5871],[81.4204,28.5904],[81.4193,28.5938],[81.4168,28.5956],[81.4099,28.5956],[81.4004,28.6033],[81.4008,28.6069],[81.3944,28.6081],[81.3879,28.6107],[81.3794,28.6123],[81.3739,28.6167],[81.3705,28.6177],[81.3664,28.6225],[81.3625,28.6241],[81.3568,28.6234],[81.3503,28.6247],[81.3466,28.6246],[81.337,28.6294],[81.3277,28.6323],[81.3244,28.6352],[81.3169,28.6364],[81.3148,28.6439],[81.3109,28.6472],[81.3102,28.6511],[81.3124,28.6528],[81.3163,28.6524],[81.3166,28.6551],[81.3218,28.6635],[81.3211,28.6676],[81.3184,28.6697],[81.3086,28.6717],[81.3076,28.6729],[81.3016,28.6712],[81.3008,28.6738],[81.2942,28.6734],[81.291,28.6747],[81.2853,28.6733],[81.2854,28.6701],[81.2874,28.6635],[81.288,28.6539],[81.2877,28.6486],[81.2863,28.6455],[81.2817,28.639],[81.2771,28.6356],[81.2707,28.6296],[81.2706,28.6257],[81.2688,28.6179],[81.2611,28.6137],[81.2571,28.6083],[81.2487,28.5941],[81.2444,28.5906],[81.2404,28.5857],[81.2317,28.577],[81.219,28.567],[81.2046,28.5585],[81.1893,28.5455],[81.1845,28.5409],[81.1761,28.5316],[81.1675,28.5233],[81.1673,28.52],[81.1628,28.5134],[81.1619,28.5059],[81.1602,28.5015],[81.1528,28.5019],[81.1387,28.4915],[81.13,28.4822],[81.1211,28.4754],[81.1148,28.4726],[81.112,28.4691],[81.1105,28.4627],[81.1078,28.461],[81.0989,28.4594],[81.0955,28.4598],[81.0906,28.457],[81.0891,28.4535],[81.0893,28.45],[81.0859,28.4384],[81.085,28.4373],[81.0763,28.4324],[81.0698,28.4271],[81.0656,28.4225],[81.0614,28.4143],[81.0592,28.4085],[81.0646,28.4032],[81.0671,28.3996],[81.0674,28.3945],[81.0799,28.385],[81.0894,28.3822],[81.1386,28.373],[81.1487,28.3714],[81.1663,28.369],[81.2107,28.3606],[81.2135,28.3583],[81.2196,28.3449],[81.2346,28.3247],[81.2335,28.2983],[81.2328,28.289],[81.2521,28.2662],[81.2623,28.2547],[81.2861,28.2286],[81.292,28.2229],[81.2997,28.2199],[81.3141,28.2048],[81.3206,28.1973],[81.3198,28.1938],[81.3184,28.1824],[81.3248,28.1751],[81.3213,28.1689],[81.3143,28.1677],[81.3045,28.1686],[81.3023,28.1679],[81.302,28.1645],[81.3041,28.1626],[81.3098,28.1608],[81.3107,28.1556],[81.3202,28.1603],[81.328,28.1483],[81.3184,28.1453],[81.3155,28.137],[81.3181,28.1336],[81.3208,28.1339],[81.3345,28.1403],[81.3422,28.1396],[81.3714,28.1425],[81.3752,28.1487],[81.3768,28.1498],[81.3784,28.1556],[81.3772,28.1588],[81.3685,28.1611],[81.367,28.1654],[81.3694,28.1701],[81.3717,28.1715],[81.3752,28.177],[81.39,28.1738],[81.4149,28.1743],[81.4266,28.1707],[81.4291,28.1691],[81.4459,28.1614],[81.4471,28.1579],[81.446,28.156],[81.4502,28.1507],[81.45,28.1409],[81.4677,28.1273],[81.4727,28.1257],[81.4841,28.1183],[81.4798,28.1102],[81.4785,28.0914],[81.4785,28.0826],[81.4881,28.077],[81.5165,28.0634],[81.5474,28.0493],[81.5593,28.0423],[81.5755,28.0312],[81.5867,28.0249],[81.5986,28.02],[81.6193,28.0087],[81.6242,28.0016],[81.6281,28.0017],[81.6361,27.9975],[81.6393,27.9972],[81.6435,27.9939],[81.6631,27.992],[81.6933,27.9895],[81.6984,27.9883],[81.7252,27.9669],[81.776,27.9268],[81.8048,27.904],[81.8093,27.9033],[81.8137,27.9046],[81.8212,27.9035],[81.8255,27.9007],[81.831,27.8991],[81.8411,27.8905],[81.8477,27.8873],[81.8554,27.8814],[81.8661,27.875],[81.878,27.8657],[81.881,27.8611],[81.8856,27.8571],[81.8929,27.8561],[81.9022,27.8538],[81.9262,27.8598],[81.9259,27.8733],[81.9253,27.8756],[81.9301,27.8827],[81.9381,27.888],[81.9382,27.8938],[81.9478,27.9036],[81.951,27.9103],[81.9594,27.9165],[81.9618,27.9232],[81.9683,27.929],[81.9778,27.9286],[81.9913,27.9293],[82.0256,27.9252],[82.0452,27.9246],[82.0627,27.9218],[82.0711,27.9227],[82.0806,27.9092],[82.0902,27.8995],[82.0915,27.8947],[82.101,27.8862],[82.1141,27.8777],[82.1223,27.8659],[82.1234,27.8651],[82.1395,27.86],[82.1502,27.8581],[82.1545,27.8661],[82.1771,27.8548],[82.194,27.8483],[82.2086,27.843],[82.2306,27.8208],[82.2481,27.8128],[82.2528,27.8102],[82.2786,27.791],[82.304,27.7727],[82.3367,27.7549],[82.3672,27.7427],[82.3822,27.7206],[82.393,27.7099],[82.4018,27.7028],[82.4129,27.6983],[82.4273,27.6883],[82.4371,27.6851],[82.4488,27.6788],[82.4717,27.6765],[82.4733,27.6765],[82.4818,27.6827],[82.4841,27.6808],[82.4901,27.6813],[82.4925,27.6842],[82.5004,27.6851],[82.5165,27.6905],[82.531,27.6866],[82.539,27.6877],[82.5412,27.6858],[82.5495,27.6889],[82.5546,27.6885],[82.562,27.6918],[82.5768,27.6959],[82.585,27.6986],[82.5937,27.697],[82.6001,27.7043],[82.6051,27.706],[82.619,27.7025],[82.623,27.7049],[82.6276,27.7092],[82.6279,27.7116],[82.6386,27.7092],[82.6553,27.7133],[82.6643,27.7221],[82.6666,27.7157],[82.6717,27.7143],[82.6807,27.7138],[82.6893,27.7152],[82.6953,27.7184],[82.6995,27.7219],[82.702,27.7164],[82.7077,27.7174],[82.7061,27.7134],[82.7053,27.7058],[82.7072,27.6993],[82.7109,27.6946],[82.7158,27.6919],[82.7183,27.6875],[82.7149,27.6811],[82.7143,27.6772],[82.7163,27.6753],[82.716,27.6726],[82.7133,27.671],[82.7155,27.6669],[82.7118,27.6651],[82.7132,27.6631],[82.7199,27.6619],[82.7195,27.6578],[82.724,27.6592],[82.7307,27.6523],[82.7315,27.6488],[82.7287,27.6479],[82.7334,27.6428],[82.736,27.6434],[82.7379,27.6397],[82.7352,27.636],[82.7373,27.6308],[82.7339,27.6292],[82.7366,27.6265],[82.7333,27.6182],[82.7363,27.6115],[82.7361,27.6081],[82.7425,27.6045],[82.7455,27.6004],[82.745,27.5954],[82.7498,27.5939],[82.7549,27.5894],[82.7553,27.5863],[82.7525,27.5849],[82.7509,27.5799],[82.7511,27.5772],[82.7488,27.5758],[82.7478,27.5713],[82.7515,27.5657],[82.7492,27.5633],[82.744,27.5617],[82.7442,27.5586],[82.7466,27.5547],[82.7426,27.5545],[82.7383,27.5509],[82.738,27.5465],[82.7408,27.5449],[82.7419,27.5373],[82.7443,27.5304],[82.7495,27.5229],[82.7436,27.5207],[82.7422,27.5183],[82.7368,27.5181],[82.7372,27.5107],[82.7354,27.5087],[82.7358,27.5026],[82.7659,27.501],[82.7854,27.5003],[82.802,27.4966],[82.833,27.5021],[82.8491,27.4996],[82.8704,27.4987],[82.8799,27.4987],[82.9134,27.5014],[82.9295,27.5012],[82.9396,27.4914],[82.9448,27.4771],[82.9543,27.468],[82.9667,27.4643],[82.9863,27.4609],[83.0199,27.4539],[83.0342,27.4489],[83.0684,27.4514],[83.0749,27.4529],[83.1125,27.4545],[83.1221,27.4553],[83.1475,27.4566],[83.1645,27.4577],[83.1689,27.4573],[83.1755,27.4554],[83.1879,27.4545],[83.196,27.4461],[83.1997,27.4403],[83.2106,27.4244],[83.2177,27.4174],[83.2262,27.4117],[83.2402,27.4065],[83.2571,27.3943],[83.2723,27.3837],[83.2657,27.3656],[83.2728,27.3527],[83.2944,27.335],[83.2999,27.3346],[83.3048,27.3315],[83.3076,27.3336],[83.3123,27.332],[83.3155,27.3329],[83.3187,27.336],[83.3246,27.3369],[83.3271,27.3341],[83.3318,27.3328],[83.335,27.3338],[83.3376,27.3329],[83.3426,27.3347],[83.3448,27.3385],[83.3528,27.3407],[83.3512,27.3427],[83.3556,27.3447],[83.3595,27.3443],[83.3593,27.3482],[83.3578,27.3502],[83.3637,27.3544],[83.3687,27.3562],[83.3697,27.3582],[83.3742,27.3587],[83.3724,27.3638],[83.3729,27.3671],[83.3748,27.37],[83.3809,27.3703],[83.3855,27.3729],[83.3883,27.3764],[83.3865,27.3806],[83.3881,27.3835],[83.3855,27.3856],[83.3847,27.3896],[83.3891,27.3922],[83.3927,27.3958],[83.3961,27.3958],[83.3976,27.3981],[83.4035,27.4022],[83.4056,27.4056],[83.4074,27.4152],[83.4056,27.4189],[83.4018,27.4197],[83.4003,27.4215],[83.3959,27.4226],[83.3933,27.4248],[83.3903,27.4303],[83.3843,27.4363],[83.3864,27.4394],[83.384,27.4424],[83.39,27.445],[83.3917,27.4468],[83.3955,27.4465],[83.3988,27.4491],[83.4019,27.4573],[83.4,27.46],[83.3998,27.4637],[83.3956,27.4668],[83.3958,27.4695],[83.3907,27.4712],[83.389,27.4732],[83.3919,27.4754],[83.3919,27.4779],[83.3889,27.4797],[83.4209,27.4784],[83.4474,27.477],[83.5076,27.4744],[83.5175,27.4741],[83.5802,27.4711],[83.6148,27.4696],[83.6338,27.4612],[83.6785,27.4403],[83.6943,27.4331],[83.7355,27.4141],[83.7485,27.4079],[83.7908,27.3883],[83.83,27.3704],[83.8628,27.3467],[83.866,27.3478],[83.8714,27.3518],[83.8831,27.3562],[83.8906,27.3616],[83.8924,27.368],[83.8974,27.3702],[83.9035,27.3765],[83.9062,27.382],[83.9053,27.3898],[83.8964,27.3896],[83.8732,27.3921],[83.8756,27.406],[83.8713,27.413],[83.8703,27.4182],[83.8674,27.4247],[83.8674,27.4273],[83.8694,27.4297],[83.8802,27.4346],[83.8956,27.4378],[83.8927,27.4412],[83.8891,27.4436],[83.8877,27.4466],[83.8871,27.4551],[83.8898,27.4617],[83.8837,27.4641],[83.8859,27.4685],[83.8866,27.4727],[83.8851,27.481],[83.8819,27.4821],[83.8781,27.485],[83.8748,27.4897],[83.8803,27.4926],[83.8837,27.4962],[83.8864,27.4956],[83.8904,27.4988],[83.8973,27.5003],[83.8919,27.5059],[83.8869,27.5085],[83.8808,27.5078],[83.8757,27.5107],[83.8765,27.516],[83.8783,27.5204],[83.8827,27.5234],[83.8821,27.5273],[83.8788,27.5324],[83.8756,27.5349],[83.8719,27.5402],[83.8697,27.5419],[83.862,27.5452],[83.8584,27.5458],[83.8539,27.5507],[83.8507,27.5591],[83.847,27.5604],[83.8416,27.5563],[83.8419,27.5493],[83.8368,27.5463],[83.8373,27.5516],[83.8327,27.5598],[83.8316,27.5657],[83.8395,27.572],[83.841,27.5742],[83.8362,27.5858],[83.8331,27.588],[83.8311,27.5874],[83.8237,27.5921],[83.8201,27.5925],[83.8141,27.5893],[83.8082,27.5887],[83.81,27.5937],[83.8062,27.597],[83.8011,27.5962],[83.7906,27.6051],[83.7899,27.6067],[83.7943,27.6098],[83.7979,27.61],[83.8,27.6126],[83.7972,27.6187],[83.7988,27.621],[83.8052,27.6209],[83.805,27.6234],[83.801,27.6295],[83.8026,27.6324],[83.8097,27.6353],[83.8103,27.64],[83.8086,27.6412],[83.807,27.6478],[83.81,27.6485],[83.8125,27.653],[83.81,27.6552],[83.8119,27.6624],[83.8063,27.6629],[83.7997,27.6656],[83.7939,27.6664],[83.7841,27.667],[83.7755,27.6663],[83.7683,27.6666],[83.7632,27.6613],[83.76,27.6626],[83.7583,27.6675],[83.7448,27.6669],[83.7408,27.6697],[83.7333,27.6693],[83.7313,27.6708],[83.727,27.671],[83.7252,27.6725],[83.7205,27.6699],[83.7159,27.6635],[83.7059,27.659],[83.7016,27.6616],[83.6962,27.6631],[83.6989,27.67],[83.6994,27.6763],[83.7045,27.6821],[83.7009,27.6884],[83.6948,27.6943],[83.6919,27.6955],[83.6898,27.6982],[83.69,27.7065],[83.6828,27.7182],[83.682,27.721],[83.6916,27.7188],[83.6944,27.7163],[83.7064,27.7154],[83.7152,27.7153],[83.7188,27.7121],[83.7233,27.7101],[83.7295,27.7096],[83.7323,27.7142],[83.7394,27.7151],[83.7452,27.7192],[83.7511,27.721],[83.7564,27.7202],[83.7593,27.7224],[83.763,27.7217],[83.7733,27.7239],[83.7823,27.7251],[83.7866,27.7247],[83.7923,27.7219],[83.8014,27.7214],[83.8047,27.7183],[83.8093,27.7163],[83.8109,27.7144],[83.8157,27.7135],[83.8211,27.7107],[83.8253,27.7141],[83.8336,27.714],[83.8388,27.7109],[83.8428,27.7109],[83.8463,27.7095],[83.8489,27.7117],[83.8448,27.7158],[83.8441,27.7271],[83.8419,27.7312],[83.8453,27.7351],[83.8517,27.7333],[83.8599,27.7345],[83.8667,27.734],[83.8691,27.7347],[83.8757,27.7334],[83.8789,27.7353],[83.8806,27.7335],[83.8875,27.7323],[83.8888,27.7303],[83.8931,27.7313],[83.896,27.7301],[83.8985,27.7319],[83.902,27.7304],[83.9041,27.7319],[83.9043,27.7357],[83.9076,27.7348],[83.9065,27.7316],[83.9131,27.7311],[83.916,27.7285],[83.919,27.7296],[83.9215,27.7268],[83.9242,27.7269],[83.925,27.7307],[83.9283,27.7342],[83.945,27.7442],[83.952,27.7467],[83.9605,27.7483],[83.9647,27.7471],[83.9711,27.7498],[83.9721,27.7481],[83.9768,27.7476],[83.9814,27.7493],[83.9859,27.7481],[83.9943,27.7515],[83.9924,27.7536],[83.9942,27.7665],[83.9992,27.7747],[84.0001,27.7808],[83.9994,27.7845],[84.0004,27.7888],[84.0051,27.7957],[84.0124,27.8013],[84.0151,27.8117],[84.0203,27.8156],[84.0222,27.8191],[84.0247,27.8183],[84.0265,27.8262],[84.0266,27.8297],[84.025,27.8353],[84.0228,27.8368],[84.0203,27.8409],[84.0223,27.8436],[84.0225,27.8485],[84.0272,27.8537],[84.0275,27.8567],[84.0228,27.8612],[84.0174,27.8614],[84.0159,27.8571],[84.0216,27.8547],[84.021,27.8511],[84.016,27.8515],[84.0073,27.8547],[84.0009,27.8547],[83.9979,27.8561],[83.9978,27.8608],[83.9963,27.8647],[83.9943,27.8663],[83.9891,27.8668],[83.9809,27.8656],[83.9756,27.8673],[83.9731,27.8715],[83.9708,27.8726],[83.9685,27.8703],[83.9583,27.8731],[83.9516,27.8695],[83.9488,27.8694],[83.9452,27.8715],[83.941,27.8774],[83.9367,27.8776],[83.9322,27.8725],[83.9257,27.8683],[83.9206,27.8715],[83.9138,27.8711],[83.9105,27.8742],[83.9137,27.8771],[83.9101,27.8803],[83.8982,27.8832],[83.8924,27.8862],[83.8886,27.8854],[83.8842,27.8826],[83.881,27.8824],[83.8802,27.8876],[83.8776,27.8884],[83.8733,27.8856],[83.8622,27.883],[83.8603,27.8812],[83.8612,27.8774],[83.8604,27.8744],[83.8578,27.8735],[83.8517,27.8745],[83.8519,27.8796],[83.8506,27.8815],[83.846,27.8819],[83.8442,27.8783],[83.8474,27.8735],[83.8455,27.8685],[83.8393,27.8687],[83.8314,27.8717],[83.8237,27.8765],[83.8201,27.8775],[83.8161,27.8742],[83.8076,27.8732],[83.8041,27.8749],[83.798,27.882],[83.7892,27.885],[83.7849,27.89],[83.7814,27.8963],[83.7751,27.9034],[83.7694,27.9066],[83.7665,27.907],[83.7623,27.91],[83.7565,27.9094],[83.7582,27.9047],[83.7551,27.9037],[83.7507,27.9071],[83.7447,27.908],[83.7429,27.9043],[83.746,27.9035],[83.7463,27.8999],[83.7428,27.9002],[83.735,27.9047],[83.7332,27.9089],[83.7274,27.911],[83.7229,27.9141],[83.7205,27.9189],[83.7173,27.9201],[83.7111,27.9166],[83.7008,27.9184],[83.6982,27.917],[83.6957,27.9183],[83.6902,27.9238],[83.6877,27.9229],[83.6861,27.9182],[83.6835,27.9164],[83.681,27.9174],[83.6797,27.921],[83.6822,27.923],[83.6792,27.9266],[83.6757,27.9275],[83.67,27.9243],[83.6659,27.9198],[83.6577,27.9077],[83.655,27.9025],[83.6492,27.9024],[83.6448,27.8986],[83.6405,27.9023],[83.6333,27.9001],[83.6315,27.9102],[83.6333,27.9125],[83.6325,27.9148],[83.627,27.9147],[83.6224,27.9164],[83.6217,27.9193],[83.6267,27.9248],[83.6247,27.9263],[83.6198,27.9269],[83.6169,27.9307],[83.6147,27.9297],[83.6108,27.9252],[83.6032,27.9236],[83.5996,27.9237],[83.597,27.9278],[83.593,27.9312],[83.5746,27.9303],[83.5736,27.9321],[83.5763,27.9351],[83.5764,27.9373],[83.5732,27.9416],[83.571,27.9431],[83.5676,27.9404],[83.5672,27.9367],[83.5646,27.9343],[83.5599,27.9349],[83.5528,27.9296],[83.5483,27.9281],[83.5452,27.9293],[83.5385,27.9278],[83.5363,27.9313],[83.5372,27.9357],[83.5355,27.9382],[83.53,27.938],[83.5306,27.9322],[83.5241,27.9242],[83.5219,27.9259],[83.5231,27.9293],[83.5161,27.9377],[83.5091,27.9408],[83.5061,27.9403],[83.5034,27.9381],[83.5037,27.9355],[83.5087,27.9311],[83.5059,27.9286],[83.5013,27.9271],[83.4957,27.9275],[83.4927,27.9292],[83.4896,27.9287],[83.4862,27.9238],[83.4839,27.9227],[83.4675,27.9287],[83.4605,27.9344],[83.453,27.9329],[83.4481,27.9287],[83.4428,27.9322],[83.4404,27.9352],[83.4452,27.9388],[83.4429,27.9431],[83.4441,27.9454],[83.4499,27.9481],[83.4559,27.9499],[83.4624,27.9548],[83.4641,27.9603],[83.4661,27.9636],[83.4755,27.9746],[83.4783,27.9753],[83.481,27.9805],[83.4854,27.9821],[83.4931,27.9782],[83.5001,27.977],[83.5086,27.9701],[83.5093,27.9685],[83.5227,27.964],[83.5265,27.9664],[83.531,27.9648],[83.5344,27.9686],[83.5398,27.9701],[83.5412,27.9714],[83.5462,27.9714],[83.55,27.9768],[83.5543,27.9765],[83.5562,27.9742],[83.5605,27.9739],[83.5685,27.976],[83.5728,27.9759],[83.5768,27.9744],[83.5791,27.9763],[83.5801,27.9797],[83.5854,27.9799],[83.584,27.9871],[83.585,27.9879],[83.5934,27.9895],[83.5966,27.9914],[83.6033,27.9973],[83.6031,28.0023],[83.605,28.006],[83.6049,28.0121],[83.6033,28.014],[83.5988,28.0152],[83.5968,28.0203],[83.5949,28.0218],[83.5912,28.0216],[83.5906,28.0253],[83.5843,28.0261],[83.5779,28.0341],[83.5739,28.0325],[83.5646,28.0341],[83.5616,28.0358],[83.564,28.0391],[83.5637,28.0412],[83.5592,28.0436],[83.5617,28.0495],[83.5617,28.0529],[83.564,28.0581],[83.5612,28.0632],[83.5632,28.0649],[83.5686,28.066],[83.5716,28.0726],[83.5807,28.0775],[83.5767,28.0813],[83.5756,28.0871],[83.5726,28.0891],[83.5672,28.0898],[83.5628,28.0926],[83.5622,28.0945],[83.5652,28.0993],[83.565,28.1008],[83.5604,28.1045],[83.5551,28.1068],[83.5542,28.1137],[83.5545,28.1168],[83.5491,28.1195],[83.5443,28.1209],[83.5376,28.1199],[83.5322,28.1167],[83.5248,28.1209],[83.5214,28.12],[83.5157,28.1223],[83.5104,28.127],[83.5058,28.126],[83.5046,28.1234],[83.5004,28.1196],[83.4991,28.1173],[83.4946,28.1164],[83.4891,28.1135],[83.4857,28.1134],[83.4838,28.1164],[83.4778,28.1175],[83.4741,28.1191],[83.4761,28.1217],[83.4783,28.1302],[83.4737,28.1323],[83.4669,28.1322],[83.4626,28.13],[83.4585,28.1325],[83.4562,28.1318],[83.4511,28.1265],[83.4452,28.1251],[83.4388,28.131],[83.4359,28.1294],[83.4312,28.1291],[83.4266,28.126],[83.4237,28.1259],[83.4202,28.1282],[83.4185,28.1366],[83.4136,28.1378],[83.4115,28.1407],[83.4112,28.1441],[83.4073,28.1456],[83.4061,28.1485],[83.4004,28.1505],[83.3948,28.1559],[83.3938,28.1604],[83.3889,28.1671],[83.3842,28.1638],[83.3761,28.1737],[83.37,28.1779],[83.3692,28.1835],[83.3642,28.1864],[83.3627,28.1922],[83.3527,28.1978],[83.3505,28.1946],[83.3451,28.1937],[83.3382,28.1901],[83.3309,28.1891],[83.325,28.1905],[83.3165,28.1904],[83.314,28.193],[83.3107,28.1942],[83.3079,28.1977],[83.3015,28.1958],[83.2974,28.1929],[83.2875,28.1927],[83.2853,28.1909],[83.2801,28.1898],[83.2781,28.1911],[83.2739,28.1876],[83.2707,28.192],[83.2708,28.1952],[83.267,28.1988],[83.259,28.2005],[83.2586,28.204],[83.2555,28.2059],[83.2539,28.2112],[83.2518,28.2142],[83.2473,28.2169],[83.2442,28.2173],[83.2421,28.2199],[83.2399,28.2198],[83.2338,28.2219],[83.2333,28.2257],[83.2283,28.2311],[83.2259,28.2326],[83.2261,28.2351],[83.2219,28.2373],[83.2201,28.2408],[83.2158,28.2439],[83.2158,28.2478],[83.2119,28.2488],[83.2055,28.2524],[83.205,28.2544],[83.2011,28.2578],[83.1981,28.2588],[83.1932,28.2634],[83.1891,28.2653],[83.1854,28.2702],[83.1814,28.2692],[83.1779,28.265],[83.1676,28.2581],[83.1657,28.2618],[83.1629,28.2633],[83.1615,28.2674],[83.1554,28.2708],[83.1526,28.2677],[83.1486,28.266],[83.1453,28.2629],[83.1383,28.2546],[83.1351,28.2515],[83.1308,28.2502],[83.1278,28.2508],[83.126,28.2567],[83.1186,28.2566],[83.1165,28.2541],[83.1115,28.252],[83.1057,28.2523],[83.1011,28.2557],[83.0943,28.2571],[83.0955,28.2649],[83.0955,28.269],[83.0975,28.2738],[83.0969,28.2774],[83.0932,28.2776],[83.0898,28.2812],[83.0848,28.2894],[83.0791,28.2914],[83.0761,28.2975],[83.0703,28.301],[83.0688,28.3035],[83.0688,28.3114],[83.0612,28.3178],[83.0587,28.3176],[83.0513,28.319],[83.048,28.3223],[83.0435,28.3247],[83.0401,28.3223],[83.0338,28.3217],[83.0241,28.3252],[83.0182,28.3258],[83.0136,28.3325],[83.0103,28.3337],[83.0067,28.3326],[83.0034,28.3332],[83.0011,28.3364],[82.9972,28.346],[82.9935,28.3514],[82.989,28.3532],[82.9801,28.3594],[82.9719,28.3589],[82.9674,28.3577],[82.9613,28.3598],[82.9548,28.3602],[82.9567,28.3645],[82.9547,28.3723],[82.9511,28.374],[82.9481,28.3784],[82.9503,28.3842],[82.9473,28.3873],[82.9459,28.3916],[82.9421,28.3948],[82.9436,28.3985],[82.9384,28.3985],[82.9359,28.4021],[82.9332,28.4013],[82.9274,28.4022],[82.9227,28.4013],[82.9178,28.4019],[82.9159,28.4035],[82.9192,28.4092],[82.9182,28.4182],[82.9142,28.4233],[82.9123,28.4277],[82.9142,28.4344],[82.9104,28.4365],[82.9061,28.443],[82.8991,28.448],[82.894,28.4477],[82.8863,28.4525],[82.8866,28.4567],[82.8829,28.4613],[82.8828,28.4662],[82.8806,28.4681],[82.8787,28.4734],[82.8793,28.4764],[82.8868,28.4797],[82.8938,28.4786],[82.9005,28.4758],[82.9065,28.4758],[82.9118,28.4784],[82.9116,28.4809],[82.9057,28.4837],[82.9008,28.489],[82.8988,28.49],[82.8924,28.4966],[82.8901,28.5006],[82.8884,28.5066],[82.8776,28.5148],[82.8782,28.516],[82.8877,28.5148],[82.8951,28.5156],[82.9018,28.519],[82.9141,28.5276],[82.9117,28.5294],[82.912,28.5354],[82.9135,28.5378],[82.9118,28.5429],[82.9148,28.5527],[82.9137,28.5556],[82.9158,28.5589],[82.9162,28.5645],[82.9205,28.567],[82.9284,28.5671],[82.934,28.565],[82.9361,28.5626],[82.9406,28.5613],[82.9431,28.5582],[82.9477,28.5563],[82.9515,28.5559],[82.9557,28.5514],[82.9601,28.5518],[82.964,28.5501],[82.9658,28.5477],[82.9738,28.5423],[82.9802,28.5504],[82.9827,28.56],[82.9856,28.5641],[82.9857,28.5699],[82.9819,28.572],[82.9795,28.5751],[82.9726,28.5752],[82.9623,28.5819],[82.9594,28.5878],[82.9546,28.5931],[82.9528,28.5992],[82.957,28.6081],[82.9573,28.6115],[82.9631,28.6133],[82.9671,28.6154],[82.9721,28.6206],[82.9746,28.6259],[82.977,28.629],[82.9829,28.6308],[82.9859,28.6297],[82.9904,28.6259],[82.9938,28.6269],[82.998,28.6236],[83.0028,28.6238],[83.0058,28.6227],[83.01,28.6236],[83.0137,28.622],[83.0191,28.6217],[83.0248,28.6265],[83.0355,28.6257],[83.0428,28.63],[83.051,28.6258],[83.0536,28.6226],[83.0575,28.6201],[83.0673,28.6235],[83.0748,28.6238],[83.0809,28.6256],[83.0843,28.6309],[83.0903,28.6335],[83.0972,28.6353],[83.1088,28.6318],[83.1148,28.6308],[83.1161,28.634],[83.1151,28.6427],[83.1191,28.6497],[83.1232,28.6541],[83.125,28.664],[83.1185,28.6707],[83.1202,28.6754],[83.1227,28.6767],[83.1275,28.6741],[83.1348,28.6737],[83.1384,28.6751],[83.1463,28.6815],[83.1442,28.6879],[83.1424,28.6898],[83.144,28.6939],[83.1486,28.6949],[83.1525,28.7011],[83.15,28.7046],[83.1505,28.7131],[83.1487,28.7146],[83.1454,28.7209],[83.1459,28.723],[83.1443,28.7266],[83.1461,28.7306],[83.1427,28.7341],[83.1425,28.7402],[83.1437,28.7452],[83.1454,28.7472]]]},"properties":{"Shape_Leng":12.6247190802,"Shape_Area":1.76838057944,"ADM1_EN":"5","ADM1_PCODE":"NP05","ADM1_REF":null,"ADM1ALT1EN":null,"ADM1ALT2EN":null,"ADM0_EN":"Nepal","ADM0_PCODE":"NP","date":"2017/11/15","validOn":"2019/04/30","validTo":null}},
{"type":"Feature","geometry":{"type":"Polygon","coordinates":[[[83.6574,29.1762],[83.6549,29.1728],[83.6492,29.1684],[83.6461,29.1689],[83.644,29.1671],[83.6438,29.163],[83.6334,29.1585],[83.6296,29.1606],[83.6267,29.1656],[83.6228,29.1684],[83.6147,29.1714],[83.6144,29.1749],[83.6108,29.1805],[83.6075,29.1811],[83.6044,29.1782],[83.5962,29.175],[83.5886,29.1746],[83.5786,29.1789],[83.5761,29.1875],[83.57,29.1905],[83.5695,29.1968],[83.5723,29.1993],[83.5721,29.2026],[83.5654,29.2043],[83.5632,29.2061],[83.5601,29.2045],[83.5555,29.2041],[83.5524,29.2002],[83.5478,29.2015],[83.5404,29.2024],[83.5361,29.2039],[83.5342,29.2066],[83.5301,29.2097],[83.5305,29.2134],[83.5231,29.2167],[83.5203,29.2172],[83.5176,29.2215],[83.5182,29.2267],[83.5152,29.2281],[83.5165,29.2315],[83.5215,29.2354],[83.5224,29.2393],[83.5178,29.2406],[83.5195,29.2451],[83.5169,29.2468],[83.5142,29.2539],[83.5085,29.257],[83.5038,29.2562],[83.5035,29.2587],[83.4967,29.2628],[83.4938,29.2629],[83.4912,29.2653],[83.4936,29.273],[83.492,29.2753],[83.4876,29.2761],[83.4878,29.2798],[83.4788,29.2811],[83.4745,29.2783],[83.4707,29.2739],[83.4669,29.2738],[83.4626,29.2769],[83.4622,29.2825],[83.46,29.2862],[83.4551,29.2865],[83.4558,29.291],[83.4512,29.2933],[83.4516,29.2971],[83.4484,29.2993],[83.4437,29.2998],[83.4445,29.3038],[83.4438,29.307],[83.4382,29.3092],[83.44,29.3131],[83.4394,29.317],[83.4434,29.3212],[83.4445,29.3257],[83.4466,29.3291],[83.4428,29.335],[83.4449,29.3405],[83.4404,29.3479],[83.4369,29.3505],[83.4287,29.3499],[83.4272,29.3528],[83.4225,29.3567],[83.4173,29.3563],[83.4152,29.3591],[83.4169,29.3615],[83.4169,29.3649],[83.4132,29.3672],[83.415,29.3706],[83.4155,29.3761],[83.4119,29.3804],[83.4211,29.3834],[83.4236,29.387],[83.4213,29.3917],[83.4205,29.3975],[83.4261,29.4027],[83.4202,29.4059],[83.4162,29.4102],[83.4147,29.4203],[83.4047,29.4225],[83.3968,29.4215],[83.3911,29.4229],[83.3877,29.4225],[83.3802,29.4236],[83.3766,29.4276],[83.3715,29.4286],[83.3708,29.4344],[83.3646,29.4394],[83.3631,29.4458],[83.3662,29.4501],[83.362,29.4519],[83.3579,29.4508],[83.3536,29.4516],[83.3517,29.4587],[83.3489,29.4601],[83.3424,29.4659],[83.3441,29.4682],[83.3436,29.473],[83.3421,29.4749],[83.3477,29.4786],[83.3479,29.4848],[83.3455,29.4893],[83.3473,29.4921],[83.3453,29.4943],[83.3321,29.5],[83.3293,29.5036],[83.3258,29.5034],[83.3204,29.5046],[83.3159,29.509],[83.3116,29.5064],[83.3097,29.503],[83.3024,29.4998],[83.2934,29.5044],[83.2921,29.5028],[83.2821,29.4988],[83.2748,29.5031],[83.273,29.5066],[83.2685,29.5094],[83.2667,29.5135],[83.269,29.5174],[83.2688,29.5222],[83.2653,29.5258],[83.2639,29.533],[83.2595,29.5378],[83.2561,29.5392],[83.2542,29.5447],[83.2588,29.5512],[83.2556,29.5552],[83.2563,29.5575],[83.2639,29.555],[83.2671,29.5567],[83.2741,29.5545],[83.2794,29.558],[83.282,29.5575],[83.284,29.5629],[83.2779,29.569],[83.2698,29.5682],[83.2619,29.5733],[83.2609,29.5777],[83.2509,29.5776],[83.2466,29.5768],[83.2403,29.5777],[83.232,29.5779],[83.231,29.5803],[83.2145,29.5893],[83.2164,29.5933],[83.2163,29.5977],[83.2181,29.6016],[83.218,29.6055],[83.213,29.6057],[83.2076,29.6072],[83.2031,29.6075],[83.1993,29.6063],[83.1968,29.6112],[83.1914,29.6084],[83.1882,29.6087],[83.1863,29.6057],[83.1888,29.6009],[83.1884,29.5975],[83.1826,29.5941],[83.1754,29.5923],[83.1686,29.5957],[83.164,29.5944],[83.159,29.5982],[83.1599,29.6031],[83.1635,29.6091],[83.1638,29.6134],[83.1652,29.6157],[83.1619,29.6184],[83.1497,29.6239],[83.1456,29.6226],[83.1421,29.6249],[83.1357,29.6225],[83.1314,29.6179],[83.1203,29.6286],[83.1169,29.6248],[83.1165,29.6165],[83.1086,29.6169],[83.1054,29.6184],[83.1013,29.6144],[83.0897,29.6116],[83.0895,29.6085],[83.0915,29.6059],[83.0863,29.6028],[83.082,29.6065],[83.0694,29.61],[83.0678,29.6142],[83.0655,29.6163],[83.0663,29.6186],[83.0657,29.6259],[83.0621,29.6275],[83.0546,29.6268],[83.0503,29.6299],[83.0434,29.6309],[83.0416,29.638],[83.0375,29.6496],[83.0335,29.6542],[83.0239,29.6503],[83.0211,29.6507],[83.0211,29.6575],[83.0141,29.6605],[83.0138,29.665],[83.0116,29.6667],[83.0082,29.6725],[83.0006,29.6646],[82.9961,29.6649],[82.9917,29.6634],[82.9864,29.6682],[82.981,29.6673],[82.9755,29.6675],[82.9707,29.666],[82.9703,29.6642],[82.965,29.6625],[82.9572,29.6623],[82.9477,29.6686],[82.9468,29.6733],[82.941,29.6742],[82.9444,29.6811],[82.9447,29.6845],[82.9476,29.6873],[82.9485,29.6916],[82.943,29.6949],[82.9402,29.6986],[82.9345,29.7045],[82.9268,29.7007],[82.9196,29.7061],[82.915,29.7064],[82.9118,29.7027],[82.9084,29.7005],[82.9029,29.7011],[82.8982,29.7027],[82.8916,29.7016],[82.8879,29.6997],[82.8875,29.6949],[82.8862,29.6928],[82.8819,29.6917],[82.8772,29.6921],[82.8683,29.6863],[82.8607,29.6846],[82.8564,29.6866],[82.8496,29.6878],[82.8466,29.69],[82.8387,29.6918],[82.835,29.6897],[82.8312,29.6892],[82.8265,29.6899],[82.8186,29.6962],[82.8157,29.7024],[82.815,29.7056],[82.8203,29.7108],[82.8212,29.7162],[82.8179,29.7212],[82.8109,29.7218],[82.806,29.7215],[82.7976,29.7191],[82.7929,29.7201],[82.7821,29.7256],[82.7789,29.7252],[82.7743,29.7277],[82.7706,29.7284],[82.7629,29.7312],[82.7663,29.7338],[82.7667,29.7425],[82.7615,29.7475],[82.762,29.75],[82.7571,29.7621],[82.7522,29.7656],[82.748,29.7663],[82.7448,29.7695],[82.7393,29.7687],[82.7343,29.7706],[82.7278,29.7692],[82.724,29.7706],[82.7188,29.7662],[82.7158,29.7685],[82.7109,29.7689],[82.7073,29.7652],[82.6977,29.7617],[82.6933,29.7612],[82.6899,29.7635],[82.6892,29.7701],[82.6865,29.7735],[82.6944,29.7796],[82.6961,29.7818],[82.6941,29.7912],[82.701,29.7948],[82.7061,29.7925],[82.7091,29.7924],[82.713,29.7944],[82.7151,29.7971],[82.72,29.8002],[82.7263,29.802],[82.7289,29.8037],[82.7304,29.8088],[82.7347,29.8114],[82.7373,29.8145],[82.7329,29.8176],[82.7299,29.8228],[82.7271,29.8305],[82.727,29.8347],[82.7245,29.8375],[82.7194,29.839],[82.7153,29.8379],[82.7106,29.8388],[82.7039,29.8453],[82.7006,29.8531],[82.6972,29.8554],[82.6937,29.8536],[82.6906,29.854],[82.6865,29.8521],[82.6842,29.847],[82.6761,29.8433],[82.6728,29.8442],[82.6675,29.8431],[82.666,29.8411],[82.6623,29.8426],[82.6577,29.841],[82.6558,29.8384],[82.6484,29.8382],[82.6463,29.8362],[82.6392,29.8339],[82.6199,29.8382],[82.6189,29.842],[82.6218,29.8473],[82.6319,29.85],[82.6311,29.8559],[82.6332,29.8587],[82.6405,29.8629],[82.6428,29.8672],[82.6425,29.8702],[82.6377,29.8749],[82.6307,29.8777],[82.6205,29.8791],[82.6086,29.8845],[82.6024,29.8891],[82.6017,29.8928],[82.5959,29.9005],[82.5958,29.9034],[82.5901,29.909],[82.5884,29.9144],[82.5848,29.9213],[82.5799,29.9215],[82.5769,29.9247],[82.5717,29.927],[82.5702,29.9301],[82.5667,29.9325],[82.5654,29.9395],[82.5635,29.9433],[82.5648,29.9464],[82.5627,29.9495],[82.5631,29.9552],[82.5511,29.9603],[82.5491,29.9634],[82.5442,29.9645],[82.5357,29.9684],[82.5315,29.9712],[82.5293,29.971],[82.5259,29.9672],[82.5231,29.9618],[82.5188,29.9563],[82.5151,29.953],[82.5084,29.949],[82.5042,29.9482],[82.4993,29.946],[82.4948,29.9509],[82.4884,29.9533],[82.4859,29.9571],[82.4811,29.9591],[82.4786,29.962],[82.4739,29.9653],[82.4771,29.969],[82.4762,29.9737],[82.465,29.9788],[82.4617,29.9808],[82.4541,29.9794],[82.4469,29.9821],[82.4438,29.9855],[82.4322,29.989],[82.4237,29.9958],[82.4208,30.0042],[82.4168,30.0056],[82.4146,30.0086],[82.4087,30.011],[82.4066,30.0152],[82.401,30.0161],[82.3979,30.0226],[82.3929,30.0246],[82.3873,30.0205],[82.3837,30.0233],[82.3813,30.0274],[82.3759,30.0264],[82.3776,30.0204],[82.3757,30.0168],[82.3683,30.0137],[82.363,30.0104],[82.3619,30.0174],[82.3597,30.0213],[82.3548,30.0257],[82.3498,30.0248],[82.3443,30.0299],[82.3436,30.0368],[82.3378,30.0411],[82.3341,30.0469],[82.3259,30.048],[82.3207,30.0495],[82.3188,30.0479],[82.3186,30.0435],[82.3157,30.0403],[82.3111,30.0379],[82.3051,30.0374],[82.2895,30.0433],[82.2853,30.0473],[82.2855,30.0514],[82.2829,30.0559],[82.283,30.0596],[82.2787,30.0628],[82.2716,30.062],[82.266,30.0621],[82.2588,30.0651],[82.2566,30.068],[82.2525,30.0708],[82.2493,30.0745],[82.2441,30.0754],[82.2388,30.0719],[82.2333,30.0693],[82.2314,30.065],[82.2235,30.0665],[82.2189,30.0684],[82.2141,30.0677],[82.2112,30.0662],[82.2068,30.0675],[82.1995,30.0668],[82.1978,30.068],[82.1881,30.0697],[82.1823,30.0673],[82.1786,30.0673],[82.1719,30.0652],[82.1662,30.0761],[82.1659,30.0816],[82.1685,30.086],[82.1733,30.0867],[82.1771,30.0889],[82.1816,30.0967],[82.1791,30.1002],[82.1812,30.106],[82.1849,30.1104],[82.1793,30.1172],[82.1718,30.1176],[82.1708,30.122],[82.1769,30.1223],[82.1781,30.1272],[82.1819,30.1311],[82.187,30.1338],[82.1946,30.1354],[82.1973,30.1367],[82.1981,30.1433],[82.2003,30.1449],[82.2053,30.1521],[82.2055,30.1539],[82.1988,30.1573],[82.1952,30.1579],[82.1922,30.1601],[82.1824,30.1607],[82.1818,30.1663],[82.1854,30.1697],[82.1864,30.1763],[82.1842,30.1811],[82.187,30.1858],[82.1844,30.1908],[82.1789,30.1925],[82.1626,30.1893],[82.1588,30.1893],[82.1531,30.1919],[82.1522,30.1942],[82.1419,30.1976],[82.1381,30.2006],[82.1397,30.2024],[82.1326,30.207],[82.1323,30.2129],[82.1311,30.2146],[82.1334,30.2181],[82.1307,30.2222],[82.1265,30.2263],[82.1127,30.2248],[82.1094,30.226],[82.106,30.2318],[82.1004,30.2359],[82.0984,30.2393],[82.1053,30.2449],[82.1047,30.2484],[82.1075,30.2518],[82.1071,30.2546],[82.1128,30.257],[82.1171,30.2576],[82.1183,30.262],[82.1154,30.2642],[82.1172,30.2693],[82.1137,30.2752],[82.1102,30.2757],[82.1137,30.281],[82.1141,30.2845],[82.1164,30.2861],[82.1179,30.2912],[82.1162,30.2938],[82.1255,30.3018],[82.1254,30.3053],[82.1228,30.3101],[82.12,30.3189],[82.121,30.3218],[82.1187,30.3268],[82.114,30.3291],[82.112,30.3321],[82.1103,30.3388],[82.1113,30.3435],[82.109,30.3466],[82.1049,30.3496],[82.0992,30.3487],[82.0915,30.3516],[82.0896,30.3555],[82.0853,30.3592],[82.0817,30.3599],[82.0734,30.3587],[82.0696,30.3562],[82.0659,30.3554],[82.0645,30.351],[82.0653,30.3473],[82.0596,30.3447],[82.0592,30.3416],[82.0566,30.3401],[82.056,30.3336],[82.0414,30.3409],[82.0386,30.341],[82.0324,30.3377],[82.0305,30.3376],[82.0228,30.3423],[82.0212,30.3445],[82.016,30.3441],[82.0114,30.3426],[82.0115,30.3371],[82.0127,30.3325],[82.0119,30.33],[82.0082,30.3299],[82.0041,30.3281],[81.9981,30.3207],[81.9938,30.3222],[81.9874,30.3211],[81.9867,30.3255],[81.9824,30.3294],[81.974,30.3307],[81.9734,30.3328],[81.9692,30.3378],[81.9635,30.3389],[81.957,30.341],[81.9625,30.3471],[81.9622,30.3508],[81.96,30.3532],[81.9555,30.3536],[81.9493,30.3589],[81.9461,30.3572],[81.9446,30.3496],[81.9391,30.3475],[81.9234,30.349],[81.9191,30.3511],[81.9162,30.35],[81.9118,30.3513],[81.9096,30.3537],[81.9043,30.3533],[81.8957,30.3568],[81.8921,30.3575],[81.8884,30.3609],[81.8822,30.3608],[81.8785,30.3656],[81.8788,30.3685],[81.873,30.3724],[81.8712,30.3754],[81.8678,30.3773],[81.8621,30.3773],[81.8539,30.3794],[81.8498,30.3763],[81.8499,30.3731],[81.8455,30.374],[81.8402,30.3766],[81.8316,30.3749],[81.8258,30.3751],[81.8202,30.3778],[81.8149,30.3839],[81.8116,30.3842],[81.8088,30.3873],[81.8043,30.3863],[81.7963,30.3874],[81.7907,30.389],[81.7829,30.3854],[81.7741,30.3843],[81.7622,30.3891],[81.7511,30.3888],[81.7482,30.3897],[81.7447,30.3931],[81.7392,30.3934],[81.7375,30.3958],[81.7317,30.3983],[81.7294,30.4022],[81.7293,30.4092],[81.7243,30.4119],[81.7144,30.4118],[81.7066,30.4171],[81.6994,30.4198],[81.6952,30.4236],[81.6893,30.4255],[81.6723,30.4276],[81.6677,30.4302],[81.6644,30.4306],[81.661,30.4326],[81.6555,30.434],[81.6466,30.4398],[81.6396,30.4405],[81.6345,30.4449],[81.6253,30.4459],[81.6202,30.4473],[81.6179,30.4459],[81.6174,30.4423],[81.619,30.4337],[81.622,30.4257],[81.6213,30.4234],[81.6168,30.4209],[81.6118,30.4143],[81.6068,30.4122],[81.6024,30.4141],[81.5938,30.4153],[81.5875,30.4178],[81.5815,30.4238],[81.5743,30.4267],[81.5647,30.4298],[81.5609,30.4281],[81.5586,30.4236],[81.5578,30.416],[81.5596,30.4078],[81.552,30.4056],[81.5506,30.4013],[81.5507,30.3923],[81.5497,30.3847],[81.5509,30.3783],[81.5557,30.374],[81.5512,30.3699],[81.5465,30.3722],[81.5378,30.371],[81.5333,30.3718],[81.5259,30.3743],[81.5123,30.3795],[81.4967,30.3824],[81.4927,30.3811],[81.4878,30.382],[81.4817,30.3862],[81.4758,30.3891],[81.4726,30.3945],[81.4714,30.3992],[81.4655,30.4044],[81.4554,30.4069],[81.452,30.4116],[81.4472,30.4134],[81.4454,30.4157],[81.4392,30.4185],[81.4359,30.4131],[81.4332,30.4131],[81.4323,30.4168],[81.4277,30.4219],[81.4259,30.4207],[81.4138,30.4203],[81.4083,30.4213],[81.4061,30.4182],[81.4066,30.414],[81.403,30.4104],[81.4049,30.4049],[81.4007,30.3984],[81.4015,30.3956],[81.4067,30.3956],[81.4091,30.3934],[81.4119,30.3936],[81.4166,30.389],[81.4207,30.3883],[81.4207,30.3854],[81.4292,30.383],[81.4226,30.3763],[81.4201,30.3706],[81.4144,30.3709],[81.4122,30.3719],[81.4024,30.3704],[81.3974,30.3706],[81.3957,30.3674],[81.3997,30.3648],[81.3996,30.3573],[81.4058,30.3537],[81.4026,30.3436],[81.4058,30.3392],[81.4057,30.3364],[81.3991,30.3291],[81.3966,30.3232],[81.4027,30.3192],[81.4054,30.3161],[81.4147,30.3164],[81.4194,30.311],[81.4199,30.3084],[81.4233,30.3051],[81.4169,30.3026],[81.4115,30.2974],[81.4103,30.295],[81.402,30.2933],[81.4035,30.2861],[81.4018,30.2819],[81.4074,30.2832],[81.4152,30.2841],[81.4166,30.2817],[81.4151,30.2751],[81.4128,30.2704],[81.4107,30.2683],[81.4088,30.2616],[81.4,30.2558],[81.3953,30.2514],[81.392,30.2505],[81.3958,30.246],[81.3964,30.2418],[81.3903,30.2337],[81.3909,30.2305],[81.3938,30.2271],[81.397,30.2184],[81.3952,30.2143],[81.3965,30.209],[81.3951,30.2066],[81.3916,30.2056],[81.3742,30.1963],[81.371,30.1911],[81.3703,30.1866],[81.359,30.1828],[81.3572,30.1805],[81.3506,30.178],[81.3473,30.1733],[81.3413,30.1668],[81.3341,30.1604],[81.3321,30.1532],[81.3208,30.1528],[81.3168,30.152],[81.3095,30.1568],[81.3094,30.1607],[81.3065,30.1641],[81.3035,30.1632],[81.3044,30.1596],[81.2908,30.1577],[81.2875,30.1551],[81.2742,30.1546],[81.2648,30.1521],[81.2581,30.1513],[81.2563,30.1465],[81.2572,30.1438],[81.2645,30.1362],[81.2724,30.1333],[81.2742,30.1295],[81.2787,30.1247],[81.2825,30.123],[81.2847,30.1165],[81.2905,30.1122],[81.2883,30.1068],[81.2852,30.1051],[81.2886,30.0986],[81.2892,30.0948],[81.2872,30.0883],[81.289,30.0833],[81.286,30.0784],[81.2877,30.0757],[81.2875,30.0698],[81.2797,30.066],[81.2785,30.0607],[81.2746,30.0591],[81.2742,30.0546],[81.2714,30.0515],[81.272,30.0453],[81.2741,30.0443],[81.2817,30.0433],[81.2847,30.0375],[81.291,30.035],[81.3003,30.0333],[81.3062,30.0311],[81.3099,30.0329],[81.3151,30.0323],[81.3185,30.0257],[81.3318,30.0241],[81.3342,30.0227],[81.3465,30.0188],[81.3497,30.0167],[81.3571,30.0106],[81.3625,30.0096],[81.3681,30.0109],[81.3756,30.0092],[81.3766,30.0065],[81.382,30.0072],[81.3839,30.0136],[81.3902,30.0169],[81.3996,30.0181],[81.4021,30.0212],[81.4048,30.0197],[81.4126,30.0186],[81.4187,30.0131],[81.4248,30.0107],[81.4303,30.0076],[81.4336,30.0082],[81.4403,30.0069],[81.4445,30.003],[81.4545,30.0024],[81.4566,30.0014],[81.4632,29.9956],[81.4607,29.9869],[81.4636,29.9817],[81.4652,29.9809],[81.4701,29.9751],[81.4683,29.9712],[81.4687,29.9637],[81.4641,29.9579],[81.461,29.9577],[81.4528,29.9512],[81.4529,29.949],[81.4586,29.9426],[81.4548,29.9348],[81.4588,29.9321],[81.4602,29.9297],[81.4605,29.9236],[81.4627,29.9207],[81.4601,29.9176],[81.4617,29.9133],[81.458,29.9077],[81.4563,29.903],[81.4568,29.9005],[81.4645,29.8934],[81.4707,29.8898],[81.476,29.8905],[81.4789,29.8919],[81.4829,29.8916],[81.4888,29.8881],[81.4927,29.8872],[81.4948,29.8896],[81.5038,29.8928],[81.5118,29.9009],[81.5167,29.904],[81.5151,29.9074],[81.5121,29.9167],[81.5165,29.9224],[81.5283,29.9241],[81.5349,29.9276],[81.5422,29.9271],[81.5478,29.9236],[81.5503,29.9235],[81.5557,29.9271],[81.5596,29.9261],[81.5633,29.93],[81.5702,29.9335],[81.574,29.9345],[81.5776,29.9339],[81.5807,29.9362],[81.5868,29.936],[81.5913,29.9306],[81.5965,29.9313],[81.6026,29.9302],[81.6052,29.9325],[81.606,29.9372],[81.6129,29.9432],[81.6174,29.9391],[81.6215,29.9395],[81.6266,29.9384],[81.6344,29.9408],[81.637,29.9448],[81.6424,29.9475],[81.6463,29.948],[81.6517,29.9436],[81.6573,29.9434],[81.6654,29.9403],[81.6707,29.9407],[81.6754,29.9437],[81.6796,29.9452],[81.6874,29.9493],[81.6968,29.9427],[81.699,29.9387],[81.6975,29.9315],[81.7099,29.9264],[81.7096,29.9233],[81.7108,29.9143],[81.7162,29.9094],[81.7216,29.9116],[81.7269,29.9123],[81.7313,29.9108],[81.7339,29.9078],[81.7383,29.9083],[81.7426,29.9073],[81.7448,29.9085],[81.751,29.9091],[81.754,29.9084],[81.7618,29.9124],[81.7635,29.9111],[81.7694,29.9095],[81.7753,29.9112],[81.78,29.9111],[81.7826,29.9086],[81.7856,29.9104],[81.7887,29.9096],[81.7911,29.9068],[81.7992,29.9017],[81.7985,29.8965],[81.7938,29.8962],[81.7963,29.8904],[81.796,29.8823],[81.7967,29.8669],[81.7946,29.8623],[81.7916,29.8533],[81.7942,29.8488],[81.7892,29.8433],[81.7808,29.8393],[81.7832,29.8364],[81.7834,29.8305],[81.7823,29.8242],[81.7828,29.8223],[81.7792,29.8144],[81.7807,29.8105],[81.7804,29.8071],[81.7774,29.8022],[81.7737,29.7982],[81.7645,29.8018],[81.7582,29.7974],[81.7554,29.7968],[81.7513,29.798],[81.7467,29.7946],[81.7398,29.7925],[81.7402,29.7893],[81.7372,29.7847],[81.7371,29.7797],[81.7355,29.7754],[81.7302,29.7692],[81.7313,29.7625],[81.7327,29.7589],[81.7313,29.7552],[81.728,29.7508],[81.7265,29.744],[81.7283,29.7416],[81.7261,29.7366],[81.7265,29.7332],[81.7231,29.7297],[81.7199,29.7292],[81.715,29.724],[81.7126,29.7181],[81.7126,29.7142],[81.7086,29.7029],[81.7087,29.7003],[81.7041,29.6934],[81.7025,29.6874],[81.6973,29.6804],[81.6973,29.6763],[81.6991,29.6704],[81.6997,29.6612],[81.7019,29.6567],[81.7017,29.6494],[81.7003,29.6475],[81.7036,29.6447],[81.7001,29.6432],[81.7035,29.6407],[81.7029,29.6372],[81.7066,29.6354],[81.7095,29.6324],[81.7104,29.6263],[81.7128,29.6255],[81.7158,29.6209],[81.7204,29.6206],[81.7203,29.6168],[81.7231,29.6153],[81.7279,29.615],[81.7333,29.6106],[81.735,29.6078],[81.7385,29.6062],[81.7505,29.6049],[81.7555,29.606],[81.7605,29.6052],[81.7625,29.6062],[81.7703,29.6065],[81.7738,29.6058],[81.7757,29.6017],[81.7779,29.5998],[81.7839,29.5973],[81.7897,29.5967],[81.791,29.5938],[81.7899,29.5897],[81.7944,29.5841],[81.7986,29.576],[81.7979,29.5734],[81.799,29.5592],[81.7976,29.5522],[81.7936,29.5478],[81.7904,29.5406],[81.7901,29.5377],[81.793,29.5313],[81.7909,29.5291],[81.7857,29.5284],[81.7824,29.5248],[81.7811,29.5205],[81.7779,29.5182],[81.7772,29.5157],[81.7805,29.5113],[81.7797,29.5088],[81.7749,29.5081],[81.7692,29.5094],[81.7625,29.5054],[81.7675,29.5034],[81.7716,29.5037],[81.7801,29.5012],[81.7829,29.5024],[81.788,29.5],[81.7878,29.4975],[81.7938,29.4894],[81.7954,29.4881],[81.7992,29.4812],[81.8036,29.4756],[81.8055,29.4689],[81.807,29.4665],[81.8069,29.4631],[81.8082,29.4564],[81.8053,29.4527],[81.8032,29.4474],[81.8036,29.4423],[81.8054,29.4394],[81.8018,29.4312],[81.799,29.4292],[81.7988,29.421],[81.7967,29.4146],[81.7977,29.4125],[81.7964,29.4085],[81.7978,29.4074],[81.795,29.4025],[81.7945,29.3994],[81.7905,29.396],[81.7893,29.389],[81.7843,29.3892],[81.7768,29.3914],[81.7718,29.391],[81.7688,29.3923],[81.7669,29.3905],[81.7665,29.3858],[81.7619,29.3868],[81.7582,29.3823],[81.7565,29.3757],[81.7534,29.3725],[81.7497,29.3666],[81.7492,29.3623],[81.7525,29.3524],[81.7504,29.3487],[81.7474,29.3467],[81.7459,29.3397],[81.7397,29.334],[81.7299,29.3352],[81.7224,29.3325],[81.7117,29.3307],[81.7032,29.3306],[81.6998,29.3295],[81.6939,29.3255],[81.6909,29.3206],[81.6824,29.32],[81.6783,29.3215],[81.67,29.3169],[81.6644,29.3194],[81.6562,29.3197],[81.6543,29.3214],[81.6484,29.3212],[81.6464,29.3236],[81.6466,29.3281],[81.6425,29.3318],[81.6419,29.3345],[81.644,29.3434],[81.6441,29.3544],[81.6431,29.3562],[81.6387,29.3563],[81.6383,29.3615],[81.6347,29.3644],[81.6276,29.3662],[81.6265,29.3685],[81.6175,29.3707],[81.6115,29.3702],[81.6092,29.3675],[81.6038,29.367],[81.5999,29.3656],[81.5929,29.3661],[81.5812,29.3645],[81.5732,29.3608],[81.5733,29.3552],[81.5705,29.3497],[81.5665,29.3492],[81.5609,29.3517],[81.5565,29.3562],[81.5504,29.3496],[81.5506,29.3458],[81.5482,29.3393],[81.5405,29.3323],[81.5359,29.3312],[81.5317,29.3274],[81.5289,29.3261],[81.5239,29.3151],[81.5181,29.315],[81.5163,29.3124],[81.5111,29.3127],[81.508,29.3146],[81.5038,29.3032],[81.5,29.2973],[81.4958,29.2936],[81.4908,29.2906],[81.4877,29.2868],[81.4839,29.2796],[81.4729,29.2749],[81.4682,29.2719],[81.4779,29.264],[81.4871,29.2634],[81.4912,29.2617],[81.4948,29.2572],[81.4932,29.2523],[81.4952,29.2449],[81.4982,29.2415],[81.4982,29.2389],[81.4948,29.2363],[81.491,29.2309],[81.4876,29.2279],[81.4866,29.2255],[81.4857,29.2108],[81.4823,29.2013],[81.4847,29.1928],[81.49,29.1866],[81.4902,29.1813],[81.4868,29.1759],[81.4885,29.1714],[81.4953,29.1689],[81.4954,29.16],[81.497,29.1548],[81.4991,29.1518],[81.5123,29.1514],[81.5138,29.1532],[81.5183,29.1536],[81.5247,29.1528],[81.5333,29.1466],[81.533,29.141],[81.5344,29.1377],[81.5398,29.1343],[81.5524,29.1286],[81.562,29.1275],[81.561,29.125],[81.5536,29.1212],[81.5493,29.118],[81.5478,29.1155],[81.5411,29.11],[81.5358,29.1064],[81.5314,29.1062],[81.5247,29.1048],[81.5222,29.1029],[81.5212,29.0998],[81.5173,29.096],[81.5148,29.0955],[81.5099,29.0907],[81.4995,29.0908],[81.4973,29.0891],[81.4933,29.0883],[81.4831,29.0832],[81.4718,29.0796],[81.4688,29.0775],[81.4674,29.0726],[81.4678,29.0688],[81.4647,29.0657],[81.4593,29.0647],[81.4533,29.0598],[81.4441,29.0538],[81.443,29.047],[81.4387,29.0394],[81.4325,29.0372],[81.43,29.0295],[81.4255,29.023],[81.419,29.0225],[81.4154,29.0172],[81.4149,29.0139],[81.4161,29.0093],[81.419,29.0043],[81.4173,29.0006],[81.4108,28.996],[81.4146,28.995],[81.4162,28.9915],[81.4205,28.9873],[81.4215,28.9835],[81.4247,28.9808],[81.4253,28.9765],[81.4226,28.9713],[81.4247,28.9658],[81.4284,28.9642],[81.431,28.9585],[81.4372,28.9567],[81.4416,28.96],[81.4448,28.9559],[81.445,28.9477],[81.4439,28.9418],[81.4448,28.9403],[81.4502,28.9397],[81.455,28.9349],[81.4559,28.9311],[81.4618,28.9292],[81.4665,28.9289],[81.4709,28.9227],[81.4736,28.9169],[81.4807,28.9091],[81.4829,28.9034],[81.4862,28.8991],[81.4917,28.8942],[81.4978,28.8904],[81.503,28.8893],[81.5084,28.8902],[81.5101,28.8839],[81.5166,28.873],[81.5219,28.8702],[81.5281,28.8593],[81.5317,28.8564],[81.5378,28.8427],[81.5381,28.8361],[81.5437,28.8302],[81.544,28.8283],[81.5491,28.8186],[81.5517,28.8162],[81.5539,28.8072],[81.5569,28.8002],[81.5569,28.7976],[81.562,28.7933],[81.5662,28.7914],[81.5748,28.7834],[81.5793,28.7808],[81.5816,28.7747],[81.5806,28.7719],[81.582,28.7651],[81.5813,28.7592],[81.5783,28.7555],[81.5724,28.7555],[81.5649,28.7539],[81.554,28.7501],[81.5411,28.7484],[81.5301,28.7491],[81.5224,28.7483],[81.521,28.7518],[81.5287,28.7552],[81.5351,28.7611],[81.5343,28.764],[81.5313,28.7676],[81.5285,28.7738],[81.5251,28.7759],[81.5197,28.7764],[81.5155,28.7805],[81.5159,28.7881],[81.5186,28.7961],[81.5232,28.7997],[81.5222,28.8036],[81.5179,28.807],[81.5126,28.8082],[81.5081,28.8111],[81.5043,28.8162],[81.4982,28.8213],[81.4957,28.8263],[81.494,28.8332],[81.4908,28.8371],[81.491,28.8405],[81.488,28.8424],[81.4823,28.8427],[81.4725,28.8499],[81.4657,28.8517],[81.4628,28.854],[81.4666,28.8596],[81.4673,28.8627],[81.4659,28.8695],[81.4622,28.8752],[81.4629,28.8813],[81.4651,28.8832],[81.467,28.8874],[81.4666,28.8911],[81.4634,28.8947],[81.4575,28.8953],[81.4402,28.9007],[81.4355,28.9047],[81.4347,28.9077],[81.4308,28.9108],[81.4262,28.9092],[81.4196,28.9105],[81.4154,28.9139],[81.4136,28.914],[81.4033,28.909],[81.3959,28.9089],[81.3936,28.908],[81.389,28.9033],[81.387,28.8996],[81.3835,28.8986],[81.3761,28.8937],[81.3695,28.8915],[81.3611,28.8908],[81.3575,28.8899],[81.3491,28.89],[81.3423,28.8927],[81.3389,28.8957],[81.337,28.9007],[81.3371,28.9053],[81.3342,28.9083],[81.3242,28.9081],[81.3212,28.9142],[81.3157,28.9204],[81.3093,28.9204],[81.3032,28.9254],[81.2982,28.9253],[81.2917,28.9227],[81.2866,28.9229],[81.2835,28.9216],[81.2817,28.9188],[81.2758,28.9163],[81.2718,28.9067],[81.2675,28.9032],[81.2629,28.9024],[81.2604,28.9036],[81.2558,28.9082],[81.2517,28.9137],[81.2439,28.9152],[81.2403,28.913],[81.2391,28.9086],[81.2366,28.906],[81.2181,28.9063],[81.2099,28.908],[81.2042,28.9081],[81.2011,28.9098],[81.1985,28.9135],[81.1942,28.9163],[81.1837,28.9151],[81.1766,28.9186],[81.1688,28.9215],[81.1642,28.9259],[81.1605,28.9282],[81.1554,28.9337],[81.1468,28.9382],[81.1417,28.9458],[81.1347,28.9472],[81.1314,28.9499],[81.1273,28.9566],[81.1207,28.9626],[81.1125,28.9658],[81.1064,28.9661],[81.1011,28.9639],[81.0966,28.9644],[81.089,28.9678],[81.0809,28.9677],[81.0731,28.97],[81.0644,28.9704],[81.057,28.9733],[81.0523,28.9774],[81.0482,28.978],[81.0464,28.9744],[81.0425,28.9706],[81.0376,28.9677],[81.0293,28.9639],[81.0245,28.9562],[81.0189,28.9522],[81.0134,28.9555],[81.0076,28.9575],[81.0043,28.9574],[80.9986,28.9549],[80.9925,28.948],[80.9871,28.9439],[80.9823,28.9415],[80.9811,28.9388],[80.9863,28.9347],[80.9972,28.9292],[81.0062,28.9279],[81.0133,28.9233],[81.0216,28.9195],[81.0259,28.9116],[81.0304,28.9081],[81.0315,28.9037],[81.034,28.8985],[81.0405,28.8887],[81.0447,28.8869],[81.0475,28.884],[81.0515,28.8769],[81.0576,28.8736],[81.0613,28.874],[81.0667,28.8773],[81.0708,28.8777],[81.0739,28.8752],[81.072,28.8665],[81.0747,28.8638],[81.0892,28.8629],[81.0927,28.8561],[81.0978,28.8506],[81.1018,28.8453],[81.1066,28.848],[81.1124,28.8498],[81.1255,28.8514],[81.1276,28.8578],[81.127,28.8618],[81.1291,28.8652],[81.1353,28.8712],[81.1406,28.8732],[81.145,28.871],[81.1451,28.8625],[81.1492,28.8527],[81.1518,28.8491],[81.1572,28.8455],[81.1577,28.8439],[81.1531,28.8336],[81.1527,28.831],[81.1564,28.8286],[81.1632,28.8338],[81.1663,28.8352],[81.1741,28.835],[81.1781,28.8281],[81.1818,28.8251],[81.187,28.8231],[81.1956,28.8213],[81.2011,28.8174],[81.2051,28.8175],[81.2076,28.8224],[81.2052,28.8272],[81.1952,28.8331],[81.1984,28.8423],[81.2,28.8516],[81.1987,28.8575],[81.2002,28.8627],[81.2046,28.8634],[81.2078,28.8604],[81.2083,28.8573],[81.206,28.8553],[81.2059,28.8509],[81.2108,28.845],[81.2138,28.843],[81.2187,28.8418],[81.2243,28.8389],[81.2264,28.8352],[81.2304,28.8334],[81.2338,28.8295],[81.2296,28.826],[81.2294,28.8182],[81.231,28.8156],[81.2409,28.8124],[81.2423,28.8104],[81.2391,28.8031],[81.2292,28.7997],[81.2261,28.7971],[81.2278,28.7912],[81.233,28.7858],[81.2368,28.7843],[81.2457,28.782],[81.249,28.7766],[81.2507,28.7705],[81.2492,28.7654],[81.247,28.7617],[81.2511,28.7548],[81.2596,28.7502],[81.2611,28.7459],[81.2606,28.7428],[81.2564,28.7349],[81.2561,28.73],[81.2608,28.7289],[81.2674,28.729],[81.2723,28.7274],[81.2732,28.7245],[81.2733,28.7177],[81.267,28.7063],[81.2678,28.7028],[81.2717,28.7021],[81.2743,28.6996],[81.2804,28.6964],[81.2817,28.6904],[81.2844,28.6826],[81.2853,28.6733],[81.291,28.6747],[81.2942,28.6734],[81.3008,28.6738],[81.3016,28.6712],[81.3076,28.6729],[81.3086,28.6717],[81.3184,28.6697],[81.3211,28.6676],[81.3218,28.6635],[81.3166,28.6551],[81.3163,28.6524],[81.3124,28.6528],[81.3102,28.6511],[81.3109,28.6472],[81.3148,28.6439],[81.3169,28.6364],[81.3244,28.6352],[81.3277,28.6323],[81.337,28.6294],[81.3466,28.6246],[81.3503,28.6247],[81.3568,28.6234],[81.3625,28.6241],[81.3664,28.6225],[81.3705,28.6177],[81.3739,28.6167],[81.3794,28.6123],[81.3879,28.6107],[81.3944,28.6081],[81.4008,28.6069],[81.4004,28.6033],[81.4099,28.5956],[81.4168,28.5956],[81.4193,28.5938],[81.4204,28.5904],[81.4249,28.5871],[81.4218,28.5815],[81.4243,28.5778],[81.4302,28.5778],[81.4319,28.5754],[81.4333,28.5681],[81.4325,28.5661],[81.4347,28.5621],[81.4389,28.5589],[81.4423,28.5581],[81.4454,28.5543],[81.4532,28.5523],[81.4597,28.5543],[81.4664,28.5533],[81.4691,28.5485],[81.4723,28.5486],[81.4742,28.542],[81.4788,28.539],[81.4861,28.5392],[81.4917,28.5322],[81.4974,28.5336],[81.5011,28.5304],[81.5058,28.5285],[81.5087,28.5255],[81.5115,28.5248],[81.5117,28.5208],[81.5162,28.5136],[81.5201,28.5119],[81.5239,28.5116],[81.5305,28.5092],[81.5351,28.5051],[81.5394,28.5001],[81.539,28.4946],[81.5425,28.4952],[81.553,28.4934],[81.5573,28.495],[81.5595,28.492],[81.5634,28.4903],[81.5679,28.4856],[81.5728,28.4831],[81.575,28.4783],[81.5827,28.4741],[81.5874,28.469],[81.5924,28.469],[81.596,28.4653],[81.6003,28.4628],[81.6029,28.4582],[81.6081,28.4535],[81.6118,28.4545],[81.6216,28.4458],[81.6263,28.4445],[81.6316,28.4364],[81.6398,28.4323],[81.6439,28.4295],[81.6484,28.4228],[81.6563,28.4185],[81.6589,28.4153],[81.6667,28.4147],[81.6698,28.4134],[81.6743,28.4176],[81.6788,28.4151],[81.6834,28.4113],[81.6883,28.4105],[81.6919,28.4059],[81.6921,28.4031],[81.6963,28.399],[81.7003,28.3966],[81.702,28.3938],[81.7083,28.3912],[81.7162,28.3845],[81.7218,28.3824],[81.7244,28.3831],[81.7296,28.3788],[81.733,28.3775],[81.742,28.3757],[81.7468,28.3756],[81.7523,28.3744],[81.7548,28.3715],[81.7588,28.37],[81.7629,28.3711],[81.7667,28.3702],[81.7654,28.3654],[81.7601,28.3591],[81.7578,28.353],[81.7551,28.3505],[81.7517,28.3437],[81.7513,28.3377],[81.7521,28.3345],[81.7511,28.3309],[81.7464,28.3264],[81.7461,28.3237],[81.7435,28.3191],[81.7451,28.3133],[81.7538,28.3075],[81.7612,28.3092],[81.7674,28.3008],[81.7709,28.2999],[81.7738,28.2975],[81.7765,28.298],[81.7803,28.2952],[81.7852,28.2956],[81.788,28.2934],[81.7893,28.2883],[81.7922,28.2813],[81.7914,28.2779],[81.7933,28.274],[81.7981,28.2737],[81.8059,28.2825],[81.8092,28.2829],[81.8145,28.2788],[81.8221,28.2768],[81.8262,28.277],[81.8301,28.2747],[81.8381,28.2726],[81.8438,28.2718],[81.8451,28.2694],[81.8503,28.2658],[81.8539,28.2605],[81.8615,28.2551],[81.8649,28.2489],[81.8636,28.2434],[81.8606,28.239],[81.8638,28.2384],[81.872,28.2398],[81.8767,28.2392],[81.8829,28.2435],[81.8871,28.2404],[81.8886,28.2369],[81.8962,28.2335],[81.9037,28.2324],[81.9093,28.2323],[81.9131,28.229],[81.9189,28.2269],[81.9216,28.2269],[81.9225,28.224],[81.9209,28.2204],[81.9259,28.2174],[81.9278,28.2134],[81.9267,28.2095],[81.9314,28.2077],[81.9346,28.2081],[81.938,28.2064],[81.9385,28.2018],[81.9471,28.1989],[81.949,28.1959],[81.9525,28.194],[81.9546,28.1946],[81.9627,28.1944],[81.9642,28.1919],[81.9631,28.1882],[81.9653,28.1845],[81.9707,28.1824],[81.9732,28.185],[81.9787,28.1821],[81.9805,28.1778],[81.9838,28.1776],[81.9892,28.1704],[81.9982,28.1637],[82.0076,28.1511],[82.0122,28.1553],[82.0111,28.1607],[82.0139,28.1622],[82.0148,28.1657],[82.0128,28.17],[82.0165,28.176],[82.019,28.1827],[82.0225,28.1845],[82.0284,28.1859],[82.0296,28.1917],[82.0269,28.1973],[82.023,28.2007],[82.0265,28.2049],[82.0269,28.2085],[82.0309,28.2141],[82.0365,28.2149],[82.0357,28.2173],[82.0381,28.2193],[82.0404,28.2236],[82.0424,28.2305],[82.0459,28.2317],[82.0521,28.2411],[82.0543,28.2421],[82.0618,28.2407],[82.0687,28.2371],[82.0695,28.2392],[82.0779,28.2451],[82.0813,28.2486],[82.0915,28.2492],[82.0937,28.2547],[82.1007,28.259],[82.1083,28.2583],[82.1116,28.2546],[82.1178,28.2516],[82.1231,28.254],[82.1268,28.2543],[82.1333,28.2512],[82.1343,28.249],[82.1429,28.2411],[82.1438,28.2372],[82.1484,28.2391],[82.1523,28.2382],[82.154,28.2412],[82.1608,28.2418],[82.164,28.2466],[82.1684,28.2514],[82.1707,28.2517],[82.1758,28.249],[82.1824,28.2498],[82.1934,28.2472],[82.1985,28.243],[82.2026,28.2438],[82.2073,28.246],[82.2124,28.247],[82.2169,28.2496],[82.2228,28.248],[82.2274,28.2438],[82.2332,28.24],[82.2437,28.238],[82.248,28.2396],[82.2503,28.2391],[82.2567,28.24],[82.258,28.2435],[82.2644,28.2436],[82.2735,28.2468],[82.2755,28.2485],[82.2815,28.2483],[82.2873,28.2457],[82.2921,28.2468],[82.3014,28.2439],[82.3012,28.237],[82.3026,28.2324],[82.3055,28.2314],[82.31,28.2317],[82.3119,28.2288],[82.313,28.2232],[82.3199,28.2249],[82.3275,28.2253],[82.3291,28.2244],[82.3376,28.2236],[82.3403,28.2204],[82.3461,28.2164],[82.3464,28.2104],[82.3494,28.2072],[82.3541,28.2062],[82.3594,28.1987],[82.3631,28.1968],[82.3671,28.1899],[82.37,28.1892],[82.3787,28.1846],[82.3871,28.1886],[82.3925,28.1894],[82.3946,28.1851],[82.3967,28.1832],[82.3963,28.1803],[82.3939,28.1762],[82.3948,28.1713],[82.3986,28.1718],[82.401,28.1774],[82.3992,28.1802],[82.4032,28.1844],[82.4006,28.1926],[82.4018,28.1994],[82.4031,28.2022],[82.4024,28.2059],[82.4057,28.2157],[82.4071,28.2211],[82.4149,28.2247],[82.4196,28.23],[82.4249,28.2293],[82.4283,28.2311],[82.4274,28.2398],[82.4359,28.2444],[82.4365,28.2478],[82.4301,28.2496],[82.4267,28.2524],[82.4246,28.2513],[82.4184,28.2539],[82.4133,28.2539],[82.4103,28.2583],[82.4076,28.2591],[82.4035,28.2623],[82.4034,28.2652],[82.4003,28.2687],[82.3988,28.2723],[82.3955,28.2771],[82.3953,28.283],[82.3914,28.2853],[82.3864,28.2909],[82.3833,28.2921],[82.3806,28.2988],[82.3763,28.3047],[82.3775,28.3108],[82.3751,28.3164],[82.3685,28.319],[82.3639,28.3192],[82.3642,28.3218],[82.3672,28.3249],[82.3674,28.33],[82.3643,28.3298],[82.3642,28.3354],[82.3632,28.3409],[82.366,28.344],[82.371,28.3462],[82.3726,28.3483],[82.3793,28.3518],[82.3783,28.3601],[82.3807,28.3637],[82.3828,28.3647],[82.3836,28.3728],[82.3827,28.374],[82.3752,28.3774],[82.3682,28.3841],[82.3664,28.3871],[82.3636,28.3883],[82.3628,28.3954],[82.3656,28.4026],[82.3623,28.4055],[82.361,28.4082],[82.3564,28.4087],[82.3529,28.4115],[82.3539,28.4149],[82.3514,28.418],[82.3512,28.4239],[82.3577,28.4245],[82.3655,28.4262],[82.3692,28.4261],[82.3755,28.4295],[82.3769,28.4313],[82.377,28.4359],[82.3737,28.4461],[82.3738,28.4483],[82.3836,28.4561],[82.3867,28.4577],[82.3914,28.4581],[82.3966,28.462],[82.3966,28.4689],[82.4004,28.4698],[82.4013,28.4727],[82.4056,28.4782],[82.4053,28.4845],[82.4067,28.4877],[82.4093,28.4885],[82.4117,28.4927],[82.4118,28.4965],[82.4075,28.5037],[82.4105,28.5082],[82.4119,28.513],[82.4142,28.5134],[82.4158,28.5168],[82.4167,28.5245],[82.4185,28.5286],[82.4211,28.5272],[82.4302,28.5246],[82.4328,28.5262],[82.4377,28.5258],[82.4443,28.5229],[82.4478,28.5231],[82.4598,28.521],[82.4637,28.5217],[82.4666,28.5256],[82.481,28.5314],[82.4846,28.5355],[82.491,28.5381],[82.493,28.5401],[82.4941,28.5439],[82.4918,28.5485],[82.4922,28.5526],[82.4942,28.5537],[82.4998,28.554],[82.509,28.5512],[82.5145,28.5529],[82.5168,28.5546],[82.5202,28.5538],[82.5263,28.5582],[82.5291,28.5583],[82.5303,28.5639],[82.5333,28.5666],[82.5356,28.571],[82.5419,28.5719],[82.5442,28.573],[82.5471,28.5768],[82.554,28.5817],[82.5569,28.5797],[82.5601,28.5798],[82.5669,28.5778],[82.5751,28.5796],[82.577,28.5837],[82.581,28.5872],[82.5791,28.5898],[82.5812,28.592],[82.5805,28.5982],[82.5787,28.6022],[82.5806,28.6124],[82.5778,28.6146],[82.5748,28.612],[82.568,28.6096],[82.5612,28.6101],[82.5534,28.6155],[82.5459,28.6184],[82.5463,28.6207],[82.5493,28.6256],[82.5466,28.6273],[82.5441,28.6266],[82.5433,28.6226],[82.5401,28.6208],[82.534,28.6235],[82.5281,28.6247],[82.5184,28.6246],[82.5085,28.6277],[82.5061,28.6311],[82.4943,28.6363],[82.4891,28.6397],[82.4858,28.6406],[82.4909,28.6511],[82.4895,28.6556],[82.4899,28.6593],[82.4943,28.6625],[82.4985,28.6617],[82.5008,28.6645],[82.5128,28.6595],[82.5173,28.6612],[82.5215,28.6594],[82.5251,28.6551],[82.5279,28.6548],[82.5338,28.65],[82.5364,28.6502],[82.5388,28.6472],[82.5477,28.6463],[82.5537,28.6449],[82.5607,28.6466],[82.5644,28.6511],[82.5698,28.6544],[82.5748,28.6587],[82.5788,28.6646],[82.5811,28.6652],[82.5867,28.6639],[82.5925,28.6677],[82.5955,28.6675],[82.5998,28.6704],[82.5994,28.6729],[82.601,28.6767],[82.5998,28.6825],[82.6023,28.6864],[82.6147,28.6889],[82.6159,28.6915],[82.6124,28.6959],[82.6136,28.6991],[82.6154,28.7096],[82.6132,28.7124],[82.6058,28.7149],[82.6017,28.7345],[82.6024,28.7367],[82.6014,28.7429],[82.5956,28.7439],[82.5901,28.74],[82.5817,28.7412],[82.575,28.7406],[82.5699,28.7438],[82.5662,28.7444],[82.5654,28.7474],[82.567,28.754],[82.5666,28.7576],[82.5637,28.7587],[82.5649,28.7639],[82.5641,28.7658],[82.5674,28.7684],[82.5717,28.7739],[82.5772,28.7765],[82.5815,28.7807],[82.5863,28.7816],[82.5896,28.7861],[82.5893,28.7894],[82.5917,28.7916],[82.5962,28.792],[82.6031,28.7981],[82.6054,28.8013],[82.6148,28.8073],[82.6191,28.8083],[82.6201,28.8112],[82.6172,28.8194],[82.6139,28.8246],[82.6137,28.8266],[82.6177,28.8286],[82.6261,28.8392],[82.6265,28.8419],[82.6247,28.8468],[82.6284,28.8505],[82.6299,28.8534],[82.6368,28.8552],[82.638,28.86],[82.6442,28.8672],[82.6486,28.8692],[82.6561,28.8667],[82.6557,28.8648],[82.6585,28.8601],[82.6617,28.858],[82.6656,28.8539],[82.6694,28.8524],[82.6736,28.8526],[82.6785,28.8548],[82.6854,28.8614],[82.6925,28.8631],[82.6957,28.8647],[82.6999,28.8611],[82.7002,28.8595],[82.7047,28.8547],[82.7082,28.8541],[82.7121,28.8516],[82.7192,28.8498],[82.7237,28.8498],[82.7264,28.8464],[82.7292,28.8477],[82.7361,28.848],[82.7383,28.8461],[82.7418,28.8459],[82.7437,28.8409],[82.7465,28.8372],[82.7494,28.8305],[82.7531,28.8278],[82.7568,28.8211],[82.7594,28.8199],[82.7601,28.8161],[82.7636,28.8137],[82.7654,28.8101],[82.7675,28.8098],[82.771,28.8146],[82.7783,28.8196],[82.7815,28.8241],[82.7934,28.8199],[82.7968,28.8216],[82.7994,28.8207],[82.8066,28.8252],[82.814,28.8287],[82.8171,28.8313],[82.8203,28.8299],[82.8228,28.8306],[82.8328,28.8302],[82.8367,28.8314],[82.8428,28.8266],[82.8471,28.827],[82.8546,28.8322],[82.864,28.8319],[82.8682,28.8341],[82.8732,28.8312],[82.8796,28.8304],[82.884,28.827],[82.8881,28.8259],[82.8924,28.8267],[82.8956,28.8249],[82.8981,28.8255],[82.9004,28.8289],[82.9038,28.8296],[82.9049,28.8324],[82.9103,28.8311],[82.9176,28.8314],[82.926,28.8276],[82.9302,28.8271],[82.9373,28.828],[82.9435,28.8274],[82.9472,28.829],[82.9497,28.8277],[82.9509,28.8237],[82.9599,28.8199],[82.9658,28.8204],[82.9659,28.8166],[82.9682,28.8158],[82.9701,28.8116],[82.9738,28.8093],[82.9757,28.8036],[82.9814,28.8006],[82.9869,28.8026],[82.9907,28.8017],[82.9974,28.8039],[83.0057,28.7995],[83.0123,28.799],[83.0202,28.7923],[83.0228,28.7908],[83.0255,28.7924],[83.0319,28.7933],[83.0361,28.7928],[83.0456,28.7866],[83.058,28.7858],[83.0653,28.7839],[83.0691,28.7803],[83.0707,28.7823],[83.0757,28.7852],[83.0793,28.7862],[83.0805,28.7814],[83.0914,28.7721],[83.0952,28.7677],[83.0982,28.7666],[83.1023,28.7601],[83.1025,28.7536],[83.1081,28.7493],[83.1126,28.7468],[83.115,28.7432],[83.1214,28.7455],[83.1277,28.746],[83.1324,28.7481],[83.1378,28.7478],[83.1415,28.7464],[83.1454,28.7472],[83.1541,28.7478],[83.1633,28.7465],[83.167,28.7451],[83.1737,28.7443],[83.1862,28.7437],[83.1977,28.7377],[83.1989,28.7361],[83.2064,28.7326],[83.21,28.732],[83.2182,28.7352],[83.2225,28.7402],[83.2293,28.7429],[83.2372,28.7396],[83.2394,28.7349],[83.2448,28.7327],[83.248,28.7304],[83.2594,28.7262],[83.264,28.7264],[83.2706,28.7252],[83.2769,28.722],[83.282,28.7257],[83.2941,28.7299],[83.2985,28.732],[83.3083,28.7326],[83.3124,28.7354],[83.3201,28.7362],[83.3247,28.7378],[83.3313,28.7382],[83.3459,28.7356],[83.3507,28.7359],[83.3563,28.7337],[83.362,28.7342],[83.3641,28.7368],[83.3743,28.7445],[83.3767,28.7491],[83.3777,28.754],[83.3834,28.7565],[83.3885,28.7631],[83.4003,28.7608],[83.4104,28.7607],[83.427,28.7664],[83.4416,28.7697],[83.4461,28.769],[83.4539,28.7723],[83.4588,28.7763],[83.4612,28.7801],[83.4702,28.7818],[83.4779,28.782],[83.4835,28.7829],[83.4844,28.787],[83.4869,28.7906],[83.4868,28.7961],[83.4881,28.8009],[83.4876,28.8043],[83.4855,28.8081],[83.4851,28.8123],[83.4801,28.8172],[83.4797,28.8242],[83.4827,28.8296],[83.4833,28.8337],[83.4807,28.8361],[83.4817,28.8447],[83.4844,28.8458],[83.4926,28.8464],[83.498,28.8427],[83.5018,28.8462],[83.5021,28.8518],[83.5063,28.8577],[83.5058,28.8659],[83.5031,28.8717],[83.4995,28.8773],[83.502,28.8793],[83.5069,28.8854],[83.5152,28.89],[83.5204,28.8964],[83.524,28.8993],[83.5273,28.9035],[83.5286,28.9087],[83.5328,28.9096],[83.5399,28.915],[83.5416,28.9179],[83.5462,28.9219],[83.5495,28.9269],[83.5565,28.9338],[83.5579,28.9379],[83.5572,28.9425],[83.5587,28.9449],[83.5616,28.9453],[83.567,28.9434],[83.5722,28.9488],[83.5749,28.954],[83.579,28.9551],[83.5826,28.9613],[83.5817,28.965],[83.5855,28.9678],[83.5871,28.9714],[83.5866,28.9759],[83.589,28.9808],[83.5921,28.9837],[83.5985,28.9858],[83.6029,28.9826],[83.6043,28.9804],[83.6091,28.9803],[83.6102,28.983],[83.615,28.9878],[83.6156,28.9927],[83.6145,28.998],[83.617,29.0062],[83.6143,29.0099],[83.6122,29.0151],[83.6165,29.0186],[83.6141,29.0224],[83.6153,29.0266],[83.6127,29.0339],[83.6126,29.0362],[83.6161,29.0404],[83.619,29.0458],[83.6182,29.0552],[83.6204,29.0605],[83.6266,29.0625],[83.631,29.0625],[83.6313,29.0665],[83.6295,29.0722],[83.6307,29.0811],[83.6234,29.0883],[83.6203,29.0896],[83.615,29.0944],[83.6164,29.0985],[83.6206,29.0979],[83.6225,29.1007],[83.6259,29.1028],[83.6288,29.1066],[83.6363,29.1074],[83.6462,29.1042],[83.6499,29.1045],[83.6526,29.1093],[83.6506,29.1148],[83.6517,29.1196],[83.655,29.1219],[83.6626,29.1248],[83.6676,29.1234],[83.6766,29.1239],[83.6789,29.1251],[83.6797,29.1306],[83.675,29.1371],[83.6765,29.1473],[83.6728,29.1525],[83.6633,29.1558],[83.6621,29.1652],[83.6658,29.1689],[83.6625,29.1735],[83.6574,29.1762]]]},"properties":{"Shape_Leng":13.9836465051,"Shape_Area":2.85212850943,"ADM1_EN":"6","ADM1_PCODE":"NP06","ADM1_REF":null,"ADM1ALT1EN":null,"ADM1ALT2EN":null,"ADM0_EN":"Nepal","ADM0_PCODE":"NP","date":"2017/11/15","validOn":"2019/04/30","validTo":null}},
{"type":"Feature","geometry":{"type":"Polygon","coordinates":[[[81.2853,28.6733],[81.2844,28.6826],[81.2817,28.6904],[81.2804,28.6964],[81.2743,28.6996],[81.2717,28.7021],[81.2678,28.7028],[81.267,28.7063],[81.2733,28.7177],[81.2732,28.7245],[81.2723,28.7274],[81.2674,28.729],[81.2608,28.7289],[81.2561,28.73],[81.2564,28.7349],[81.2606,28.7428],[81.2611,28.7459],[81.2596,28.7502],[81.2511,28.7548],[81.247,28.7617],[81.2492,28.7654],[81.2507,28.7705],[81.249,28.7766],[81.2457,28.782],[81.2368,28.7843],[81.233,28.7858],[81.2278,28.7912],[81.2261,28.7971],[81.2292,28.7997],[81.2391,28.8031],[81.2423,28.8104],[81.2409,28.8124],[81.231,28.8156],[81.2294,28.8182],[81.2296,28.826],[81.2338,28.8295],[81.2304,28.8334],[81.2264,28.8352],[81.2243,28.8389],[81.2187,28.8418],[81.2138,28.843],[81.2108,28.845],[81.2059,28.8509],[81.206,28.8553],[81.2083,28.8573],[81.2078,28.8604],[81.2046,28.8634],[81.2002,28.8627],[81.1987,28.8575],[81.2,28.8516],[81.1984,28.8423],[81.1952,28.8331],[81.2052,28.8272],[81.2076,28.8224],[81.2051,28.8175],[81.2011,28.8174],[81.1956,28.8213],[81.187,28.8231],[81.1818,28.8251],[81.1781,28.8281],[81.1741,28.835],[81.1663,28.8352],[81.1632,28.8338],[81.1564,28.8286],[81.1527,28.831],[81.1531,28.8336],[81.1577,28.8439],[81.1572,28.8455],[81.1518,28.8491],[81.1492,28.8527],[81.1451,28.8625],[81.145,28.871],[81.1406,28.8732],[81.1353,28.8712],[81.1291,28.8652],[81.127,28.8618],[81.1276,28.8578],[81.1255,28.8514],[81.1124,28.8498],[81.1066,28.848],[81.1018,28.8453],[81.0978,28.8506],[81.0927,28.8561],[81.0892,28.8629],[81.0747,28.8638],[81.072,28.8665],[81.0739,28.8752],[81.0708,28.8777],[81.0667,28.8773],[81.0613,28.874],[81.0576,28.8736],[81.0515,28.8769],[81.0475,28.884],[81.0447,28.8869],[81.0405,28.8887],[81.034,28.8985],[81.0315,28.9037],[81.0304,28.9081],[81.0259,28.9116],[81.0216,28.9195],[81.0133,28.9233],[81.0062,28.9279],[80.9972,28.9292],[80.9863,28.9347],[80.9811,28.9388],[80.9823,28.9415],[80.9871,28.9439],[80.9925,28.948],[80.9986,28.9549],[81.0043,28.9574],[81.0076,28.9575],[81.0134,28.9555],[81.0189,28.9522],[81.0245,28.9562],[81.0293,28.9639],[81.0376,28.9677],[81.0425,28.9706],[81.0464,28.9744],[81.0482,28.978],[81.0523,28.9774],[81.057,28.9733],[81.0644,28.9704],[81.0731,28.97],[81.0809,28.9677],[81.089,28.9678],[81.0966,28.9644],[81.1011,28.9639],[81.1064,28.9661],[81.1125,28.9658],[81.1207,28.9626],[81.1273,28.9566],[81.1314,28.9499],[81.1347,28.9472],[81.1417,28.9458],[81.1468,28.9382],[81.1554,28.9337],[81.1605,28.9282],[81.1642,28.9259],[81.1688,28.9215],[81.1766,28.9186],[81.1837,28.9151],[81.1942,28.9163],[81.1985,28.9135],[81.2011,28.9098],[81.2042,28.9081],[81.2099,28.908],[81.2181,28.9063],[81.2366,28.906],[81.2391,28.9086],[81.2403,28.913],[81.2439,28.9152],[81.2517,28.9137],[81.2558,28.9082],[81.2604,28.9036],[81.2629,28.9024],[81.2675,28.9032],[81.2718,28.9067],[81.2758,28.9163],[81.2817,28.9188],[81.2835,28.9216],[81.2866,28.9229],[81.2917,28.9227],[81.2982,28.9253],[81.3032,28.9254],[81.3093,28.9204],[81.3157,28.9204],[81.3212,28.9142],[81.3242,28.9081],[81.3342,28.9083],[81.3371,28.9053],[81.337,28.9007],[81.3389,28.8957],[81.3423,28.8927],[81.3491,28.89],[81.3575,28.8899],[81.3611,28.8908],[81.3695,28.8915],[81.3761,28.8937],[81.3835,28.8986],[81.387,28.8996],[81.389,28.9033],[81.3936,28.908],[81.3959,28.9089],[81.4033,28.909],[81.4136,28.914],[81.4154,28.9139],[81.4196,28.9105],[81.4262,28.9092],[81.4308,28.9108],[81.4347,28.9077],[81.4355,28.9047],[81.4402,28.9007],[81.4575,28.8953],[81.4634,28.8947],[81.4666,28.8911],[81.467,28.8874],[81.4651,28.8832],[81.4629,28.8813],[81.4622,28.8752],[81.4659,28.8695],[81.4673,28.8627],[81.4666,28.8596],[81.4628,28.854],[81.4657,28.8517],[81.4725,28.8499],[81.4823,28.8427],[81.488,28.8424],[81.491,28.8405],[81.4908,28.8371],[81.494,28.8332],[81.4957,28.8263],[81.4982,28.8213],[81.5043,28.8162],[81.5081,28.8111],[81.5126,28.8082],[81.5179,28.807],[81.5222,28.8036],[81.5232,28.7997],[81.5186,28.7961],[81.5159,28.7881],[81.5155,28.7805],[81.5197,28.7764],[81.5251,28.7759],[81.5285,28.7738],[81.5313,28.7676],[81.5343,28.764],[81.5351,28.7611],[81.5287,28.7552],[81.521,28.7518],[81.5224,28.7483],[81.5301,28.7491],[81.5411,28.7484],[81.554,28.7501],[81.5649,28.7539],[81.5724,28.7555],[81.5783,28.7555],[81.5813,28.7592],[81.582,28.7651],[81.5806,28.7719],[81.5816,28.7747],[81.5793,28.7808],[81.5748,28.7834],[81.5662,28.7914],[81.562,28.7933],[81.5569,28.7976],[81.5569,28.8002],[81.5539,28.8072],[81.5517,28.8162],[81.5491,28.8186],[81.544,28.8283],[81.5437,28.8302],[81.5381,28.8361],[81.5378,28.8427],[81.5317,28.8564],[81.5281,28.8593],[81.5219,28.8702],[81.5166,28.873],[81.5101,28.8839],[81.5084,28.8902],[81.503,28.8893],[81.4978,28.8904],[81.4917,28.8942],[81.4862,28.8991],[81.4829,28.9034],[81.4807,28.9091],[81.4736,28.9169],[81.4709,28.9227],[81.4665,28.9289],[81.4618,28.9292],[81.4559,28.9311],[81.455,28.9349],[81.4502,28.9397],[81.4448,28.9403],[81.4439,28.9418],[81.445,28.9477],[81.4448,28.9559],[81.4416,28.96],[81.4372,28.9567],[81.431,28.9585],[81.4284,28.9642],[81.4247,28.9658],[81.4226,28.9713],[81.4253,28.9765],[81.4247,28.9808],[81.4215,28.9835],[81.4205,28.9873],[81.4162,28.9915],[81.4146,28.995],[81.4108,28.996],[81.4173,29.0006],[81.419,29.0043],[81.4161,29.0093],[81.4149,29.0139],[81.4154,29.0172],[81.419,29.0225],[81.4255,29.023],[81.43,29.0295],[81.4325,29.0372],[81.4387,29.0394],[81.443,29.047],[81.4441,29.0538],[81.4533,29.0598],[81.4593,29.0647],[81.4647,29.0657],[81.4678,29.0688],[81.4674,29.0726],[81.4688,29.0775],[81.4718,29.0796],[81.4831,29.0832],[81.4933,29.0883],[81.4973,29.0891],[81.4995,29.0908],[81.5099,29.0907],[81.5148,29.0955],[81.5173,29.096],[81.5212,29.0998],[81.5222,29.1029],[81.5247,29.1048],[81.5314,29.1062],[81.5358,29.1064],[81.5411,29.11],[81.5478,29.1155],[81.5493,29.118],[81.5536,29.1212],[81.561,29.125],[81.562,29.1275],[81.5524,29.1286],[81.5398,29.1343],[81.5344,29.1377],[81.533,29.141],[81.5333,29.1466],[81.5247,29.1528],[81.5183,29.1536],[81.5138,29.1532],[81.5123,29.1514],[81.4991,29.1518],[81.497,29.1548],[81.4954,29.16],[81.4953,29.1689],[81.4885,29.1714],[81.4868,29.1759],[81.4902,29.1813],[81.49,29.1866],[81.4847,29.1928],[81.4823,29.2013],[81.4857,29.2108],[81.4866,29.2255],[81.4876,29.2279],[81.491,29.2309],[81.4948,29.2363],[81.4982,29.2389],[81.4982,29.2415],[81.4952,29.2449],[81.4932,29.2523],[81.4948,29.2572],[81.4912,29.2617],[81.4871,29.2634],[81.4779,29.264],[81.4682,29.2719],[81.4729,29.2749],[81.4839,29.2796],[81.4877,29.2868],[81.4908,29.2906],[81.4958,29.2936],[81.5,29.2973],[81.5038,29.3032],[81.508,29.3146],[81.5111,29.3127],[81.5163,29.3124],[81.5181,29.315],[81.5239,29.3151],[81.5289,29.3261],[81.5317,29.3274],[81.5359,29.3312],[81.5405,29.3323],[81.5482,29.3393],[81.5506,29.3458],[81.5504,29.3496],[81.5565,29.3562],[81.5609,29.3517],[81.5665,29.3492],[81.5705,29.3497],[81.5733,29.3552],[81.5732,29.3608],[81.5812,29.3645],[81.5929,29.3661],[81.5999,29.3656],[81.6038,29.367],[81.6092,29.3675],[81.6115,29.3702],[81.6175,29.3707],[81.6265,29.3685],[81.6276,29.3662],[81.6347,29.3644],[81.6383,29.3615],[81.6387,29.3563],[81.6431,29.3562],[81.6441,29.3544],[81.644,29.3434],[81.6419,29.3345],[81.6425,29.3318],[81.6466,29.3281],[81.6464,29.3236],[81.6484,29.3212],[81.6543,29.3214],[81.6562,29.3197],[81.6644,29.3194],[81.67,29.3169],[81.6783,29.3215],[81.6824,29.32],[81.6909,29.3206],[81.6939,29.3255],[81.6998,29.3295],[81.7032,29.3306],[81.7117,29.3307],[81.7224,29.3325],[81.7299,29.3352],[81.7397,29.334],[81.7459,29.3397],[81.7474,29.3467],[81.7504,29.3487],[81.7525,29.3524],[81.7492,29.3623],[81.7497,29.3666],[81.7534,29.3725],[81.7565,29.3757],[81.7582,29.3823],[81.7619,29.3868],[81.7665,29.3858],[81.7669,29.3905],[81.7688,29.3923],[81.7718,29.391],[81.7768,29.3914],[81.7843,29.3892],[81.7893,29.389],[81.7905,29.396],[81.7945,29.3994],[81.795,29.4025],[81.7978,29.4074],[81.7964,29.4085],[81.7977,29.4125],[81.7967,29.4146],[81.7988,29.421],[81.799,29.4292],[81.8018,29.4312],[81.8054,29.4394],[81.8036,29.4423],[81.8032,29.4474],[81.8053,29.4527],[81.8082,29.4564],[81.8069,29.4631],[81.807,29.4665],[81.8055,29.4689],[81.8036,29.4756],[81.7992,29.4812],[81.7954,29.4881],[81.7938,29.4894],[81.7878,29.4975],[81.788,29.5],[81.7829,29.5024],[81.7801,29.5012],[81.7716,29.5037],[81.7675,29.5034],[81.7625,29.5054],[81.7692,29.5094],[81.7749,29.5081],[81.7797,29.5088],[81.7805,29.5113],[81.7772,29.5157],[81.7779,29.5182],[81.7811,29.5205],[81.7824,29.5248],[81.7857,29.5284],[81.7909,29.5291],[81.793,29.5313],[81.7901,29.5377],[81.7904,29.5406],[81.7936,29.5478],[81.7976,29.5522],[81.799,29.5592],[81.7979,29.5734],[81.7986,29.576],[81.7944,29.5841],[81.7899,29.5897],[81.791,29.5938],[81.7897,29.5967],[81.7839,29.5973],[81.7779,29.5998],[81.7757,29.6017],[81.7738,29.6058],[81.7703,29.6065],[81.7625,29.6062],[81.7605,29.6052],[81.7555,29.606],[81.7505,29.6049],[81.7385,29.6062],[81.735,29.6078],[81.7333,29.6106],[81.7279,29.615],[81.7231,29.6153],[81.7203,29.6168],[81.7204,29.6206],[81.7158,29.6209],[81.7128,29.6255],[81.7104,29.6263],[81.7095,29.6324],[81.7066,29.6354],[81.7029,29.6372],[81.7035,29.6407],[81.7001,29.6432],[81.7036,29.6447],[81.7003,29.6475],[81.7017,29.6494],[81.7019,29.6567],[81.6997,29.6612],[81.6991,29.6704],[81.6973,29.6763],[81.6973,29.6804],[81.7025,29.6874],[81.7041,29.6934],[81.7087,29.7003],[81.7086,29.7029],[81.7126,29.7142],[81.7126,29.7181],[81.715,29.724],[81.7199,29.7292],[81.7231,29.7297],[81.7265,29.7332],[81.7261,29.7366],[81.7283,29.7416],[81.7265,29.744],[81.728,29.7508],[81.7313,29.7552],[81.7327,29.7589],[81.7313,29.7625],[81.7302,29.7692],[81.7355,29.7754],[81.7371,29.7797],[81.7372,29.7847],[81.7402,29.7893],[81.7398,29.7925],[81.7467,29.7946],[81.7513,29.798],[81.7554,29.7968],[81.7582,29.7974],[81.7645,29.8018],[81.7737,29.7982],[81.7774,29.8022],[81.7804,29.8071],[81.7807,29.8105],[81.7792,29.8144],[81.7828,29.8223],[81.7823,29.8242],[81.7834,29.8305],[81.7832,29.8364],[81.7808,29.8393],[81.7892,29.8433],[81.7942,29.8488],[81.7916,29.8533],[81.7946,29.8623],[81.7967,29.8669],[81.796,29.8823],[81.7963,29.8904],[81.7938,29.8962],[81.7985,29.8965],[81.7992,29.9017],[81.7911,29.9068],[81.7887,29.9096],[81.7856,29.9104],[81.7826,29.9086],[81.78,29.9111],[81.7753,29.9112],[81.7694,29.9095],[81.7635,29.9111],[81.7618,29.9124],[81.754,29.9084],[81.751,29.9091],[81.7448,29.9085],[81.7426,29.9073],[81.7383,29.9083],[81.7339,29.9078],[81.7313,29.9108],[81.7269,29.9123],[81.7216,29.9116],[81.7162,29.9094],[81.7108,29.9143],[81.7096,29.9233],[81.7099,29.9264],[81.6975,29.9315],[81.699,29.9387],[81.6968,29.9427],[81.6874,29.9493],[81.6796,29.9452],[81.6754,29.9437],[81.6707,29.9407],[81.6654,29.9403],[81.6573,29.9434],[81.6517,29.9436],[81.6463,29.948],[81.6424,29.9475],[81.637,29.9448],[81.6344,29.9408],[81.6266,29.9384],[81.6215,29.9395],[81.6174,29.9391],[81.6129,29.9432],[81.606,29.9372],[81.6052,29.9325],[81.6026,29.9302],[81.5965,29.9313],[81.5913,29.9306],[81.5868,29.936],[81.5807,29.9362],[81.5776,29.9339],[81.574,29.9345],[81.5702,29.9335],[81.5633,29.93],[81.5596,29.9261],[81.5557,29.9271],[81.5503,29.9235],[81.5478,29.9236],[81.5422,29.9271],[81.5349,29.9276],[81.5283,29.9241],[81.5165,29.9224],[81.5121,29.9167],[81.5151,29.9074],[81.5167,29.904],[81.5118,29.9009],[81.5038,29.8928],[81.4948,29.8896],[81.4927,29.8872],[81.4888,29.8881],[81.4829,29.8916],[81.4789,29.8919],[81.476,29.8905],[81.4707,29.8898],[81.4645,29.8934],[81.4568,29.9005],[81.4563,29.903],[81.458,29.9077],[81.4617,29.9133],[81.4601,29.9176],[81.4627,29.9207],[81.4605,29.9236],[81.4602,29.9297],[81.4588,29.9321],[81.4548,29.9348],[81.4586,29.9426],[81.4529,29.949],[81.4528,29.9512],[81.461,29.9577],[81.4641,29.9579],[81.4687,29.9637],[81.4683,29.9712],[81.4701,29.9751],[81.4652,29.9809],[81.4636,29.9817],[81.4607,29.9869],[81.4632,29.9956],[81.4566,30.0014],[81.4545,30.0024],[81.4445,30.003],[81.4403,30.0069],[81.4336,30.0082],[81.4303,30.0076],[81.4248,30.0107],[81.4187,30.0131],[81.4126,30.0186],[81.4048,30.0197],[81.4021,30.0212],[81.3996,30.0181],[81.3902,30.0169],[81.3839,30.0136],[81.382,30.0072],[81.3766,30.0065],[81.3756,30.0092],[81.3681,30.0109],[81.3625,30.0096],[81.3571,30.0106],[81.3497,30.0167],[81.3465,30.0188],[81.3342,30.0227],[81.3318,30.0241],[81.3185,30.0257],[81.3151,30.0323],[81.3099,30.0329],[81.3062,30.0311],[81.3003,30.0333],[81.291,30.035],[81.2847,30.0375],[81.2817,30.0433],[81.2741,30.0443],[81.272,30.0453],[81.264,30.0433],[81.2608,30.0396],[81.25,30.0386],[81.2427,30.0337],[81.2374,30.0316],[81.2483,30.0269],[81.2533,30.0236],[81.2537,30.0197],[81.2454,30.0112],[81.2419,30.0126],[81.2363,30.011],[81.2316,30.0077],[81.2261,30.0081],[81.2175,30.0073],[81.2142,30.014],[81.2107,30.0156],[81.2077,30.0204],[81.2039,30.022],[81.1985,30.0218],[81.1948,30.0229],[81.1905,30.0174],[81.184,30.0108],[81.1805,30.014],[81.1775,30.0151],[81.171,30.0144],[81.1648,30.0107],[81.1548,30.0119],[81.1492,30.0116],[81.1449,30.0158],[81.1426,30.0166],[81.1334,30.016],[81.1239,30.0203],[81.122,30.0289],[81.1177,30.0344],[81.1108,30.0357],[81.1081,30.039],[81.1065,30.0445],[81.0992,30.0477],[81.0943,30.0527],[81.0912,30.0543],[81.0942,30.0578],[81.0957,30.0617],[81.0989,30.0646],[81.1012,30.0752],[81.1056,30.0774],[81.1087,30.0862],[81.1077,30.0888],[81.1046,30.0912],[81.102,30.0971],[81.0983,30.1],[81.0941,30.1007],[81.0887,30.099],[81.084,30.0993],[81.0812,30.1005],[81.0843,30.1064],[81.0845,30.1171],[81.0819,30.1217],[81.0784,30.1243],[81.0787,30.1271],[81.0829,30.1358],[81.0818,30.1383],[81.0832,30.1481],[81.0788,30.152],[81.0769,30.1551],[81.0662,30.1574],[81.0641,30.1589],[81.0616,30.1678],[81.0567,30.1703],[81.0565,30.1727],[81.0535,30.1754],[81.0511,30.1795],[81.0456,30.1795],[81.0429,30.183],[81.0437,30.1854],[81.0425,30.1936],[81.0337,30.1969],[81.0349,30.202],[81.0434,30.2047],[81.0455,30.2068],[81.0451,30.2101],[81.04,30.2154],[81.0363,30.2163],[81.0334,30.2187],[81.0289,30.2202],[81.0299,30.2242],[81.0259,30.2268],[81.0289,30.233],[81.0264,30.2347],[81.0207,30.2348],[81.0192,30.2363],[81.01,30.24],[81.0053,30.2407],[80.9981,30.2451],[80.9887,30.2467],[80.9854,30.2461],[80.9821,30.244],[80.9769,30.2381],[80.9625,30.2378],[80.947,30.2355],[80.9433,30.2362],[80.935,30.2347],[80.9279,30.2358],[80.9212,30.2316],[80.9196,30.228],[80.9154,30.2244],[80.9102,30.2232],[80.9038,30.2171],[80.902,30.2139],[80.8965,30.2113],[80.8942,30.2061],[80.8909,30.2033],[80.8893,30.1998],[80.884,30.1943],[80.8855,30.1882],[80.8801,30.1812],[80.8753,30.1789],[80.8713,30.1758],[80.8682,30.1757],[80.8629,30.1689],[80.867,30.1666],[80.8715,30.1607],[80.871,30.1532],[80.8732,30.1479],[80.8736,30.1442],[80.8761,30.1411],[80.8761,30.1388],[80.8787,30.1325],[80.878,30.1292],[80.8741,30.1262],[80.868,30.1253],[80.8626,30.1209],[80.859,30.1213],[80.8543,30.1188],[80.8466,30.1169],[80.8431,30.1139],[80.8419,30.1104],[80.8458,30.107],[80.8453,30.1023],[80.8361,30.0972],[80.8284,30.0975],[80.8263,30.1],[80.8218,30.0998],[80.819,30.0969],[80.8144,30.0952],[80.8097,30.0908],[80.8063,30.09],[80.8017,30.0856],[80.7995,30.0809],[80.7951,30.0778],[80.7863,30.0662],[80.784,30.0616],[80.7795,30.0567],[80.775,30.0541],[80.7656,30.0519],[80.761,30.0491],[80.7588,30.0455],[80.7594,30.0435],[80.756,30.0401],[80.7557,30.0309],[80.7582,30.028],[80.7574,30.0233],[80.7542,30.0204],[80.7516,30.0126],[80.7477,30.0066],[80.742,30.003],[80.7386,29.9997],[80.735,29.9994],[80.7273,30.0004],[80.7196,30.0003],[80.7162,29.9964],[80.7124,29.9902],[80.7077,29.9868],[80.7046,29.9857],[80.7006,29.98],[80.6907,29.9747],[80.6875,29.9702],[80.6833,29.9661],[80.6828,29.9631],[80.678,29.9589],[80.6732,29.9569],[80.6714,29.9574],[80.6589,29.9561],[80.6569,29.9552],[80.6487,29.9559],[80.6408,29.9597],[80.6393,29.9621],[80.6303,29.9652],[80.6253,29.9637],[80.6226,29.9642],[80.6164,29.9611],[80.6083,29.9585],[80.6044,29.959],[80.5953,29.9529],[80.5905,29.9484],[80.5884,29.9443],[80.5815,29.9363],[80.5789,29.932],[80.5783,29.9282],[80.5743,29.9235],[80.5715,29.9163],[80.5698,29.909],[80.5712,29.9055],[80.5715,29.8995],[80.5727,29.8959],[80.5703,29.8914],[80.5665,29.8802],[80.565,29.878],[80.5605,29.8748],[80.5568,29.8696],[80.5616,29.8661],[80.5544,29.8615],[80.5545,29.8596],[80.5515,29.8563],[80.5535,29.8533],[80.5514,29.8498],[80.5494,29.8503],[80.5444,29.8465],[80.5398,29.8474],[80.538,29.8456],[80.5359,29.8387],[80.532,29.8387],[80.527,29.8329],[80.5239,29.8321],[80.524,29.8292],[80.5218,29.827],[80.5074,29.8231],[80.5048,29.819],[80.5018,29.8179],[80.4975,29.8116],[80.5003,29.8092],[80.4953,29.8043],[80.4944,29.7968],[80.4925,29.7954],[80.4829,29.7964],[80.4796,29.7957],[80.4777,29.7973],[80.4648,29.8022],[80.4534,29.8022],[80.4499,29.7995],[80.4442,29.7991],[80.4399,29.8017],[80.4366,29.8059],[80.4345,29.8059],[80.4302,29.799],[80.422,29.7961],[80.4161,29.7957],[80.4132,29.7918],[80.4076,29.7912],[80.4063,29.7895],[80.4069,29.7836],[80.4046,29.7827],[80.4039,29.777],[80.4002,29.7742],[80.3986,29.7682],[80.3964,29.7651],[80.3977,29.7603],[80.3961,29.7583],[80.3911,29.7604],[80.3863,29.7593],[80.3849,29.7562],[80.3865,29.7514],[80.373,29.7492],[80.3681,29.7506],[80.3659,29.7478],[80.3642,29.7401],[80.3688,29.7356],[80.3696,29.7335],[80.366,29.729],[80.3665,29.724],[80.3692,29.7215],[80.3749,29.7209],[80.3755,29.7182],[80.3721,29.7153],[80.3747,29.7124],[80.3747,29.7088],[80.3772,29.7025],[80.3793,29.7016],[80.3808,29.688],[80.3853,29.6851],[80.3834,29.6785],[80.3855,29.6735],[80.3896,29.6716],[80.3894,29.6674],[80.3918,29.6638],[80.3978,29.6631],[80.3982,29.6589],[80.4011,29.6585],[80.4049,29.66],[80.4072,29.6591],[80.4111,29.6535],[80.4138,29.6542],[80.4165,29.6505],[80.4145,29.6479],[80.4141,29.6447],[80.416,29.6416],[80.4202,29.6393],[80.4197,29.6332],[80.4212,29.6302],[80.419,29.627],[80.4107,29.625],[80.4081,29.62],[80.4081,29.6148],[80.406,29.6121],[80.4078,29.6104],[80.4091,29.6033],[80.4083,29.5959],[80.4033,29.5896],[80.3982,29.587],[80.3966,29.5847],[80.3915,29.5816],[80.3903,29.5746],[80.388,29.5718],[80.3788,29.5704],[80.379,29.5615],[80.376,29.5613],[80.372,29.5629],[80.3624,29.5628],[80.3641,29.5566],[80.3573,29.5551],[80.3494,29.5554],[80.3428,29.5529],[80.3457,29.5484],[80.3414,29.5417],[80.3443,29.54],[80.3491,29.5402],[80.3517,29.5369],[80.3566,29.5346],[80.3581,29.5325],[80.3552,29.5275],[80.3493,29.525],[80.3486,29.5229],[80.3497,29.5189],[80.3454,29.5137],[80.3414,29.51],[80.3355,29.5127],[80.3321,29.5128],[80.3309,29.5082],[80.3288,29.5054],[80.3152,29.5],[80.3131,29.4976],[80.3145,29.4926],[80.3143,29.4865],[80.3131,29.4845],[80.3061,29.4856],[80.3032,29.487],[80.3009,29.4906],[80.2961,29.4879],[80.2966,29.4842],[80.2931,29.4789],[80.2871,29.4774],[80.2881,29.4721],[80.2905,29.4701],[80.2921,29.4665],[80.2966,29.4604],[80.3013,29.4571],[80.3026,29.4531],[80.2974,29.4508],[80.2939,29.4537],[80.2898,29.4508],[80.2861,29.4517],[80.28,29.4513],[80.2791,29.4539],[80.2807,29.4568],[80.2792,29.4585],[80.2755,29.4584],[80.2714,29.4569],[80.27,29.4538],[80.2732,29.4532],[80.2673,29.4486],[80.2576,29.4517],[80.2557,29.4481],[80.2461,29.4468],[80.2439,29.4455],[80.2431,29.4411],[80.2474,29.4369],[80.2475,29.4324],[80.2441,29.4235],[80.2442,29.4203],[80.246,29.4161],[80.2417,29.4116],[80.248,29.4064],[80.2531,29.4045],[80.2577,29.4009],[80.2642,29.3972],[80.2718,29.3952],[80.2757,29.3915],[80.273,29.3879],[80.2752,29.3829],[80.2782,29.3805],[80.2786,29.3781],[80.2744,29.3766],[80.2712,29.3732],[80.272,29.3705],[80.2712,29.3645],[80.2721,29.363],[80.2788,29.3601],[80.2799,29.3542],[80.2792,29.3504],[80.2802,29.3463],[80.2835,29.3419],[80.2898,29.3375],[80.2914,29.3348],[80.291,29.3307],[80.2963,29.3242],[80.3097,29.3221],[80.3165,29.3157],[80.3171,29.3129],[80.316,29.3089],[80.3183,29.3047],[80.318,29.3017],[80.3111,29.2911],[80.3062,29.289],[80.3044,29.2853],[80.3046,29.2776],[80.3041,29.2729],[80.3017,29.2646],[80.2994,29.2623],[80.3003,29.255],[80.2987,29.249],[80.3004,29.2455],[80.2992,29.2401],[80.2956,29.2375],[80.2908,29.2319],[80.2913,29.2292],[80.2961,29.2214],[80.2942,29.2107],[80.2975,29.2056],[80.2932,29.1972],[80.2881,29.1951],[80.2837,29.1977],[80.2812,29.2017],[80.2751,29.2071],[80.2642,29.2061],[80.2618,29.2064],[80.2585,29.2094],[80.2571,29.2179],[80.2549,29.2206],[80.2492,29.2214],[80.2471,29.2193],[80.2469,29.2148],[80.2446,29.2125],[80.2442,29.2096],[80.2411,29.2042],[80.242,29.2004],[80.2509,29.195],[80.258,29.1874],[80.2605,29.1767],[80.2607,29.1738],[80.2585,29.1705],[80.2584,29.1658],[80.2664,29.1527],[80.2719,29.1467],[80.2729,29.1435],[80.2692,29.1406],[80.2602,29.14],[80.2562,29.1392],[80.253,29.137],[80.2504,29.1312],[80.2464,29.1271],[80.2444,29.1271],[80.2406,29.1243],[80.2353,29.1191],[80.2318,29.1185],[80.2169,29.1214],[80.2098,29.1219],[80.2059,29.1251],[80.2035,29.1294],[80.1967,29.1308],[80.1847,29.1373],[80.1823,29.1364],[80.1782,29.1286],[80.1738,29.1267],[80.1711,29.127],[80.1666,29.1246],[80.166,29.1201],[80.164,29.117],[80.1522,29.1083],[80.1501,29.1061],[80.1445,29.103],[80.1286,29.0611],[80.1366,29.0589],[80.1265,29.0318],[80.1315,29.0304],[80.1247,29.0131],[80.1364,29.0096],[80.1357,29.0073],[80.1269,29.0061],[80.118,28.9817],[80.1003,28.9865],[80.0962,28.9753],[80.0762,28.9437],[80.0586,28.9165],[80.0594,28.9083],[80.0628,28.8631],[80.0648,28.8374],[80.0751,28.8244],[80.1182,28.8288],[80.1386,28.8139],[80.159,28.794],[80.1714,28.7821],[80.2039,28.763],[80.2162,28.7554],[80.2349,28.7593],[80.2373,28.7571],[80.246,28.7561],[80.2507,28.7579],[80.2596,28.7517],[80.2638,28.7471],[80.2652,28.7436],[80.2646,28.7379],[80.2624,28.7334],[80.2563,28.7294],[80.267,28.7209],[80.2753,28.7112],[80.2781,28.7098],[80.2905,28.7116],[80.297,28.7098],[80.299,28.7065],[80.3085,28.7045],[80.3174,28.6999],[80.3208,28.695],[80.3228,28.6865],[80.3213,28.6813],[80.326,28.6699],[80.326,28.6664],[80.3374,28.6608],[80.3534,28.6504],[80.3545,28.6478],[80.3608,28.645],[80.3577,28.6425],[80.3593,28.637],[80.3622,28.6351],[80.3677,28.6353],[80.3764,28.6284],[80.3835,28.6307],[80.3871,28.6307],[80.4047,28.6349],[80.4148,28.6392],[80.4185,28.6391],[80.4241,28.6372],[80.4325,28.6373],[80.4381,28.6351],[80.44,28.631],[80.4444,28.6284],[80.4494,28.6291],[80.4539,28.6269],[80.4563,28.6237],[80.4606,28.6217],[80.4625,28.6173],[80.4607,28.6147],[80.4626,28.6126],[80.4662,28.6008],[80.4689,28.5947],[80.4718,28.5903],[80.4717,28.5827],[80.4758,28.5832],[80.4792,28.5855],[80.4815,28.5852],[80.4838,28.5821],[80.4888,28.5798],[80.4956,28.5748],[80.4999,28.5698],[80.5051,28.5691],[80.5075,28.5672],[80.5155,28.557],[80.5174,28.5521],[80.52,28.5543],[80.5228,28.5529],[80.5306,28.5717],[80.53,28.5749],[80.5257,28.5733],[80.5218,28.5768],[80.5149,28.616],[80.5114,28.6238],[80.5105,28.6298],[80.5036,28.6653],[80.5062,28.671],[80.5167,28.6773],[80.5399,28.6907],[80.5501,28.6916],[80.5687,28.688],[80.5905,28.6798],[80.5802,28.6613],[80.5976,28.656],[80.5898,28.6478],[80.6063,28.6524],[80.6116,28.6394],[80.6333,28.6374],[80.6416,28.6433],[80.6513,28.634],[80.6677,28.6419],[80.6708,28.6284],[80.6796,28.6205],[80.6774,28.6044],[80.6957,28.6035],[80.6903,28.5871],[80.704,28.5788],[80.7147,28.5679],[80.7249,28.5747],[80.7387,28.5659],[80.7385,28.5743],[80.7681,28.5656],[80.7696,28.5498],[80.7828,28.5468],[80.7893,28.5436],[80.7893,28.5425],[80.7846,28.5293],[80.7891,28.5244],[80.7998,28.5212],[80.8155,28.5207],[80.83,28.5118],[80.8364,28.5054],[80.8436,28.4998],[80.8445,28.4955],[80.8553,28.4972],[80.8656,28.4896],[80.8616,28.5042],[80.8759,28.5098],[80.8858,28.5072],[80.8962,28.5057],[80.8998,28.5006],[80.9087,28.4976],[80.9069,28.4897],[80.9015,28.4859],[80.9058,28.4658],[80.9108,28.4611],[80.9157,28.4577],[80.9144,28.4676],[80.9196,28.4638],[80.9176,28.4598],[80.9306,28.4577],[80.9324,28.4631],[80.9426,28.4685],[80.9453,28.4662],[80.9324,28.4588],[80.9448,28.4548],[80.9518,28.4555],[80.9518,28.4476],[80.9641,28.4497],[80.9671,28.4571],[80.9799,28.4553],[80.9649,28.4448],[80.9681,28.4429],[80.9653,28.4378],[80.9792,28.4344],[80.9779,28.4426],[80.9892,28.4417],[80.9998,28.4541],[81.0175,28.4517],[81.0132,28.4389],[81.0193,28.4317],[81.0296,28.4386],[81.0338,28.428],[81.0168,28.4158],[81.0211,28.4104],[81.0324,28.3988],[81.0349,28.4134],[81.046,28.4101],[81.0674,28.3945],[81.0671,28.3996],[81.0646,28.4032],[81.0592,28.4085],[81.0614,28.4143],[81.0656,28.4225],[81.0698,28.4271],[81.0763,28.4324],[81.085,28.4373],[81.0859,28.4384],[81.0893,28.45],[81.0891,28.4535],[81.0906,28.457],[81.0955,28.4598],[81.0989,28.4594],[81.1078,28.461],[81.1105,28.4627],[81.112,28.4691],[81.1148,28.4726],[81.1211,28.4754],[81.13,28.4822],[81.1387,28.4915],[81.1528,28.5019],[81.1602,28.5015],[81.1619,28.5059],[81.1628,28.5134],[81.1673,28.52],[81.1675,28.5233],[81.1761,28.5316],[81.1845,28.5409],[81.1893,28.5455],[81.2046,28.5585],[81.219,28.567],[81.2317,28.577],[81.2404,28.5857],[81.2444,28.5906],[81.2487,28.5941],[81.2571,28.6083],[81.2611,28.6137],[81.2688,28.6179],[81.2706,28.6257],[81.2707,28.6296],[81.2771,28.6356],[81.2817,28.639],[81.2863,28.6455],[81.2877,28.6486],[81.288,28.6539],[81.2874,28.6635],[81.2854,28.6701],[81.2853,28.6733]]]},"properties":{"Shape_Leng":9.83059281555,"Shape_Area":1.8343545222,"ADM1_EN":"7","ADM1_PCODE":"NP07","ADM1_REF":null,"ADM1ALT1EN":null,"ADM1ALT2EN":null,"ADM0_EN":"Nepal","ADM0_PCODE":"NP","date":"2017/11/15","validOn":"2019/04/30","validTo":null}}
]}