{"type":"FeatureCollection", "features": [
{"type":"Feature","geometry":{"type":"Polygon","coordinates":[[[87.668,27.8066],[87.6656,27.8224],[87.6723,27.8298],[87.6721,27.8346],[87.6615,27.8364],[87.6496,27.8335],[87.6447,27.8348],[87.6351,27.8324],[87.6351,27.8252],[87.6299,27.8212],[87.6199,27.819],[87.6167,27.8117],[87.6135,27.8106],[87.6092,27.8176],[87.6035,27.821],[87.5936,27.8192],[87.5915,27.8276],[87.5937,27.8318],[87.5885,27.8495],[87.5813,27.8618],[87.5735,27.8614],[87.565,27.8668],[87.5547,27.8649],[87.5531,27.8576],[87.5468,27.8487],[87.538,27.8427],[87.5347,27.8452],[87.5233,27.8433],[87.5105,27.8469],[87.4945,27.8441],[87.4926,27.8462],[87.4783,27.8395],[87.4737,27.8343],[87.4609,27.8252],[87.4523,27.8221],[87.4414,27.825],[87.4274,27.8307],[87.4142,27.8336],[87.4132,27.8391],[87.4337,27.8415],[87.4357,27.846],[87.4285,27.8519],[87.4282,27.8586],[87.4217,27.8603],[87.4099,27.8564],[87.4044,27.8514],[87.3902,27.8489],[87.3748,27.8441],[87.3632,27.8286],[87.3578,27.8272],[87.3505,27.8302],[87.348,27.8276],[87.3407,27.8297],[87.3325,27.8269],[87.3202,27.8263],[87.307,27.8352],[87.3066,27.8429],[87.2873,27.8443],[87.2677,27.8506],[87.2593,27.8488],[87.2563,27.8452],[87.2412,27.8392],[87.2318,27.8265],[87.2261,27.8225],[87.2203,27.8233],[87.1957,27.8197],[87.1856,27.822],[87.1753,27.8211],[87.1592,27.8242],[87.1562,27.8286],[87.1435,27.8367],[87.1286,27.8348],[87.1244,27.8391],[87.1184,27.8401],[87.1142,27.8451],[87.1106,27.8545],[87.11,27.8737],[87.1073,27.8775],[87.0913,27.8824],[87.0845,27.8992],[87.0803,27.9026],[87.0811,27.9149],[87.0683,27.9237],[87.0559,27.9264],[87.0528,27.934],[87.0492,27.9371],[87.0416,27.9502],[87.0272,27.9496],[87.0182,27.9575],[87.012,27.9534],[86.9947,27.9546],[86.9858,27.9492],[86.9756,27.9541],[86.9519,27.9566],[86.9359,27.9623],[86.9356,27.9774],[86.9284,27.9841],[86.9278,27.9876],[86.9205,27.9888],[86.912,27.9928],[86.8924,27.9967],[86.8838,28.0028],[86.8736,28.013],[86.875,28.0219],[86.8699,28.025],[86.8565,28.0279],[86.8507,28.0247],[86.8499,28.0197],[86.8383,28.0151],[86.8305,28.015],[86.8227,28.0195],[86.8143,28.0188],[86.8075,28.023],[86.7925,28.0187],[86.783,28.0261],[86.7827,28.0312],[86.7754,28.0378],[86.7615,28.0348],[86.7554,28.0377],[86.7496,28.0454],[86.7496,28.051],[86.7539,28.0547],[86.7556,28.0647],[86.7586,28.069],[86.7674,28.0745],[86.7558,28.0791],[86.7499,28.0856],[86.751,28.0941],[86.7407,28.1035],[86.7291,28.1034],[86.7179,28.1077],[86.7134,28.1058],[86.6915,28.1084],[86.6829,28.1034],[86.6711,28.1007],[86.6636,28.0948],[86.6604,28.0809],[86.6524,28.0746],[86.6414,28.0732],[86.6372,28.0705],[86.628,28.074],[86.6184,28.0733],[86.6108,28.0758],[86.605,28.0873],[86.6104,28.0919],[86.6049,28.1017],[86.5918,28.1043],[86.5908,28.1078],[86.5768,28.1128],[86.5707,28.1116],[86.5648,28.1069],[86.5645,28.1009],[86.569,28.0942],[86.5667,28.0862],[86.5621,28.0825],[86.5611,28.0772],[86.5678,28.0687],[86.5606,28.0632],[86.5582,28.0565],[86.5513,28.0505],[86.5389,28.0506],[86.5358,28.0464],[86.5358,28.0379],[86.5312,28.024],[86.5246,28.0166],[86.522,28.0044],[86.5187,27.9987],[86.5182,27.9898],[86.5152,27.9845],[86.5211,27.9713],[86.5149,27.9687],[86.518,27.9564],[86.5206,27.9529],[86.5223,27.9438],[86.5262,27.9396],[86.5369,27.9414],[86.5412,27.9354],[86.5502,27.9302],[86.5522,27.9189],[86.5558,27.9116],[86.5567,27.9024],[86.5542,27.8988],[86.557,27.8853],[86.5537,27.878],[86.5565,27.8569],[86.5526,27.8481],[86.5516,27.8414],[86.5428,27.8146],[86.5448,27.8109],[86.5488,27.8112],[86.5695,27.8037],[86.568,27.7993],[86.5712,27.7951],[86.5686,27.787],[86.5683,27.776],[86.5663,27.7702],[86.5685,27.7623],[86.5752,27.7543],[86.5653,27.7491],[86.5657,27.7447],[86.5607,27.7382],[86.5593,27.7283],[86.5534,27.7106],[86.5427,27.7013],[86.5414,27.6829],[86.539,27.6783],[86.5404,27.67],[86.535,27.6623],[86.5296,27.6593],[86.5286,27.6501],[86.5186,27.6466],[86.5094,27.6399],[86.5064,27.6291],[86.5023,27.6201],[86.4949,27.6135],[86.487,27.6169],[86.479,27.6155],[86.4721,27.6168],[86.4372,27.61],[86.4326,27.604],[86.4223,27.598],[86.4204,27.5911],[86.4102,27.5842],[86.4006,27.583],[86.3901,27.5722],[86.3842,27.5715],[86.3787,27.5678],[86.3711,27.5562],[86.3731,27.5517],[86.3609,27.5395],[86.36,27.5293],[86.358,27.526],[86.3407,27.5198],[86.3356,27.5106],[86.3284,27.5043],[86.3274,27.5],[86.3211,27.4978],[86.3179,27.4922],[86.3054,27.4822],[86.2978,27.479],[86.2945,27.4703],[86.2875,27.4662],[86.2791,27.4639],[86.2653,27.4548],[86.2589,27.4428],[86.2582,27.4353],[86.2503,27.4242],[86.2498,27.4191],[86.2436,27.4179],[86.2399,27.4124],[86.2378,27.4034],[86.2301,27.3976],[86.2293,27.3884],[86.2268,27.3828],[86.2271,27.3703],[86.2216,27.3623],[86.2242,27.3601],[86.2195,27.3525],[86.2181,27.3336],[86.2213,27.3228],[86.2308,27.3199],[86.236,27.3074],[86.2404,27.3028],[86.2382,27.2951],[86.2425,27.288],[86.2339,27.2815],[86.2137,27.2635],[86.2066,27.2537],[86.2059,27.25],[86.2259,27.2387],[86.2315,27.2371],[86.2414,27.2406],[86.2443,27.2459],[86.2507,27.2479],[86.258,27.253],[86.2594,27.2575],[86.2795,27.2499],[86.286,27.2459],[86.2903,27.2454],[86.2979,27.2379],[86.3085,27.2369],[86.3107,27.2336],[86.3183,27.2311],[86.3434,27.2287],[86.3454,27.2188],[86.3424,27.2099],[86.3473,27.2018],[86.3612,27.2008],[86.3711,27.1922],[86.3791,27.1937],[86.3824,27.1919],[86.3861,27.1828],[86.3922,27.1796],[86.3805,27.1652],[86.3728,27.1507],[86.3706,27.1406],[86.3627,27.1391],[86.3579,27.143],[86.3436,27.1446],[86.3388,27.1363],[86.3376,27.1274],[86.3331,27.1169],[86.3269,27.1096],[86.3156,27.1106],[86.3088,27.1086],[86.3136,27.1026],[86.3273,27.0989],[86.3343,27.0995],[86.3428,27.106],[86.3573,27.104],[86.3607,27.0837],[86.3578,27.0814],[86.3536,27.07],[86.3493,27.0642],[86.3659,27.0534],[86.3665,27.0419],[86.3692,27.0374],[86.3817,27.0311],[86.3765,27.0226],[86.3755,27.0032],[86.369,27],[86.3706,26.9951],[86.3669,26.9786],[86.3554,26.9643],[86.3485,26.9634],[86.3189,26.9634],[86.3102,26.9601],[86.2951,26.9504],[86.2836,26.9468],[86.2821,26.9372],[86.2787,26.9329],[86.2669,26.9279],[86.262,26.9188],[86.2616,26.9141],[86.2548,26.9112],[86.2486,26.9148],[86.2443,26.9053],[86.2385,26.903],[86.2269,26.9037],[86.2245,26.8988],[86.2263,26.8925],[86.2233,26.8882],[86.2183,26.8959],[86.206,26.8997],[86.2023,26.9052],[86.1943,26.9039],[86.1892,26.9061],[86.1734,26.9196],[86.1609,26.9257],[86.1598,26.9296],[86.1583,26.9186],[86.1631,26.914],[86.1709,26.9133],[86.1763,26.9078],[86.1815,26.8993],[86.1871,26.9002],[86.1898,26.8942],[86.1969,26.8937],[86.2022,26.8901],[86.2213,26.8815],[86.2298,26.8803],[86.2432,26.8663],[86.2494,26.8636],[86.2592,26.8723],[86.2706,26.8778],[86.2736,26.8822],[86.2888,26.8862],[86.301,26.8855],[86.3163,26.8788],[86.344,26.8795],[86.3525,26.8777],[86.3677,26.8721],[86.3719,26.8798],[86.3765,26.8837],[86.3769,26.8883],[86.3794,26.8968],[86.3853,26.9025],[86.3851,26.9079],[86.4035,26.9079],[86.416,26.9065],[86.4306,26.9022],[86.4358,26.8979],[86.4477,26.8912],[86.4593,26.8871],[86.4768,26.8869],[86.4819,26.8882],[86.4798,26.8826],[86.4841,26.8695],[86.4902,26.8678],[86.4956,26.8598],[86.4991,26.8563],[86.507,26.8559],[86.5087,26.8466],[86.5134,26.8428],[86.5209,26.8418],[86.5219,26.8315],[86.5398,26.8316],[86.5421,26.8351],[86.5544,26.8349],[86.557,26.8303],[86.554,26.8241],[86.5557,26.8143],[86.5527,26.8131],[86.5483,26.8031],[86.5381,26.7955],[86.5337,26.7885],[86.5387,26.784],[86.5506,26.7816],[86.5538,26.7863],[86.56,26.7899],[86.5678,26.7878],[86.5674,26.7825],[86.5803,26.784],[86.5796,26.7754],[86.5606,26.7534],[86.5557,26.7468],[86.5763,26.7392],[86.5741,26.7328],[86.576,26.7202],[86.5854,26.712],[86.5836,26.7078],[86.5857,26.7013],[86.5934,26.6969],[86.6012,26.6974],[86.6135,26.689],[86.619,26.6947],[86.63,26.69],[86.6366,26.6982],[86.6459,26.6968],[86.6519,26.6894],[86.659,26.6912],[86.6665,26.7023],[86.6735,26.6965],[86.6731,26.6931],[86.6874,26.6878],[86.6942,26.6899],[86.7011,26.6979],[86.7052,26.699],[86.7081,26.7064],[86.7207,26.7065],[86.7299,26.7093],[86.7408,26.7115],[86.7453,26.7009],[86.7556,26.6949],[86.7661,26.6945],[86.778,26.7021],[86.7868,26.7045],[86.804,26.7125],[86.8157,26.7075],[86.8212,26.709],[86.8258,26.7139],[86.8304,26.7123],[86.8378,26.7108],[86.8424,26.704],[86.8426,26.6981],[86.8461,26.6928],[86.8509,26.6914],[86.864,26.7014],[86.8682,26.7006],[86.8692,26.71],[86.8731,26.712],[86.8874,26.7117],[86.8923,26.72],[86.9065,26.7317],[86.906,26.735],[86.913,26.7389],[86.9113,26.7459],[86.9111,26.7589],[86.916,26.7601],[86.9241,26.7662],[86.9275,26.7636],[86.9303,26.7571],[86.9272,26.7496],[86.935,26.7404],[86.9469,26.7326],[86.9517,26.7318],[86.9663,26.7356],[86.9734,26.7296],[86.9781,26.7189],[86.9839,26.7162],[86.9866,26.7098],[86.987,26.7032],[86.9933,26.6982],[87.0056,26.7085],[87.0124,26.7105],[87.0155,26.7004],[87.0168,26.6889],[87.0132,26.6826],[87.0153,26.6697],[87.0095,26.6666],[87.0047,26.656],[86.9974,26.6537],[86.9936,26.6492],[86.991,26.6355],[86.9879,26.6286],[86.9813,26.6249],[86.9893,26.6127],[86.9913,26.6027],[86.9869,26.5952],[86.9859,26.5836],[86.9942,26.5759],[86.9906,26.5685],[86.9755,26.5561],[86.9687,26.5463],[86.9593,26.5423],[86.9533,26.5369],[86.9357,26.5332],[86.9261,26.5227],[86.9183,26.5094],[86.9203,26.5041],[86.9141,26.4989],[86.9065,26.488],[86.9323,26.4893],[86.9309,26.4965],[86.9351,26.5164],[86.947,26.5168],[86.9492,26.5206],[86.9618,26.52],[86.9637,26.5235],[86.9775,26.5197],[86.9818,26.5248],[86.9933,26.5228],[87.0177,26.5318],[87.0226,26.5398],[87.0448,26.568],[87.0471,26.587],[87.0742,26.5855],[87.0744,26.584],[87.0755,26.577],[87.0746,26.5604],[87.0751,26.5416],[87.0784,26.537],[87.0823,26.5229],[87.0843,26.5122],[87.0901,26.4711],[87.094,26.45],[87.1115,26.4368],[87.1415,26.4146],[87.1649,26.4037],[87.1748,26.403],[87.1915,26.4052],[87.1889,26.4139],[87.2138,26.4128],[87.2135,26.409],[87.2232,26.4035],[87.2313,26.4134],[87.2476,26.4139],[87.2523,26.4092],[87.2587,26.4108],[87.2686,26.4051],[87.2669,26.3853],[87.2684,26.3735],[87.2749,26.3723],[87.2924,26.3731],[87.3038,26.3659],[87.3148,26.3711],[87.3159,26.3673],[87.3244,26.3599],[87.3394,26.3511],[87.3435,26.3474],[87.3502,26.3513],[87.3608,26.3607],[87.3558,26.3718],[87.3589,26.3879],[87.3713,26.4077],[87.3786,26.4067],[87.391,26.4187],[87.4216,26.4224],[87.4303,26.4221],[87.4455,26.4327],[87.4648,26.4389],[87.4691,26.4401],[87.4935,26.436],[87.5189,26.4306],[87.5393,26.4207],[87.55,26.4182],[87.5553,26.4054],[87.5761,26.3957],[87.586,26.3933],[87.59,26.3925],[87.5896,26.3818],[87.6097,26.3808],[87.6146,26.3898],[87.63,26.3935],[87.6544,26.3932],[87.6528,26.4055],[87.6808,26.4155],[87.6802,26.4351],[87.6818,26.4351],[87.6946,26.4353],[87.701,26.4279],[87.7137,26.427],[87.7208,26.4221],[87.7264,26.4153],[87.7254,26.4122],[87.7362,26.4075],[87.7416,26.4173],[87.75,26.4175],[87.7563,26.4078],[87.7672,26.41],[87.7698,26.418],[87.7784,26.4241],[87.7762,26.431],[87.7792,26.4474],[87.7852,26.454],[87.7915,26.4689],[87.814,26.4615],[87.8322,26.4499],[87.8307,26.4398],[87.8512,26.4362],[87.8535,26.445],[87.8639,26.4486],[87.8607,26.456],[87.8605,26.463],[87.866,26.4676],[87.8881,26.4762],[87.8907,26.4864],[87.9026,26.4771],[87.9089,26.4643],[87.9122,26.4575],[87.9012,26.4485],[87.9254,26.4466],[87.9284,26.4412],[87.9206,26.4351],[87.9189,26.4304],[87.9286,26.4274],[87.9298,26.4176],[87.934,26.418],[87.9571,26.4048],[87.9683,26.3968],[87.9942,26.3922],[87.9945,26.3722],[87.9981,26.3658],[88.0024,26.3662],[88.0102,26.3608],[88.0324,26.3646],[88.0298,26.3709],[88.0309,26.3786],[88.0349,26.3881],[88.0405,26.3936],[88.0475,26.3956],[88.0502,26.4008],[88.0555,26.4007],[88.0634,26.4096],[88.0718,26.4075],[88.0726,26.4135],[88.0812,26.4198],[88.0912,26.4339],[88.0984,26.4392],[88.0996,26.4503],[88.0945,26.4627],[88.1036,26.4646],[88.1092,26.4731],[88.1043,26.4783],[88.1037,26.4835],[88.1083,26.4892],[88.1022,26.4964],[88.1013,26.5054],[88.0973,26.515],[88.1057,26.5186],[88.1075,26.5277],[88.1064,26.5347],[88.1141,26.5449],[88.108,26.5504],[88.108,26.5606],[88.1114,26.557],[88.1158,26.5647],[88.1148,26.5711],[88.1234,26.5754],[88.1328,26.5734],[88.1299,26.5816],[88.1345,26.5929],[88.1325,26.601],[88.1414,26.6059],[88.1446,26.6255],[88.1495,26.6293],[88.16,26.6325],[88.1606,26.6398],[88.1657,26.6457],[88.1675,26.67],[88.1667,26.6782],[88.1704,26.6837],[88.1697,26.6992],[88.1791,26.71],[88.1846,26.7192],[88.1849,26.7272],[88.1874,26.7307],[88.1897,26.7506],[88.1906,26.7714],[88.1875,26.7828],[88.1802,26.8033],[88.1809,26.8176],[88.1751,26.8256],[88.1766,26.8336],[88.1702,26.8374],[88.1732,26.8445],[88.17,26.8495],[88.1763,26.8519],[88.1749,26.8682],[88.1692,26.8701],[88.1643,26.8806],[88.1555,26.8848],[88.139,26.8984],[88.1476,26.9152],[88.1486,26.9207],[88.142,26.9285],[88.1404,26.933],[88.1313,26.9391],[88.1231,26.9503],[88.1257,26.9598],[88.1263,26.9706],[88.1333,26.9804],[88.1381,26.9846],[88.1314,26.9874],[88.1208,26.9871],[88.1117,26.9926],[88.1018,27.0034],[88.0951,27.0041],[88.0911,27.0078],[88.0911,27.0153],[88.0863,27.0225],[88.0858,27.0283],[88.08,27.0351],[88.0719,27.031],[88.0619,27.0289],[88.0524,27.0342],[88.0402,27.0363],[88.0302,27.0507],[88.0286,27.057],[88.0211,27.0699],[88.0186,27.0767],[88.0235,27.0821],[88.0237,27.0874],[88.0184,27.0883],[88.0146,27.0968],[88.006,27.1041],[87.9978,27.1032],[87.9942,27.1051],[87.9912,27.1184],[87.9938,27.1305],[88.0012,27.1333],[88.0033,27.1399],[88.0096,27.1429],[88.0129,27.1547],[88.0138,27.1657],[88.0213,27.1725],[88.0151,27.1773],[88.018,27.1995],[88.0144,27.2038],[88.0182,27.2105],[88.0151,27.2165],[88.0215,27.2247],[88.0218,27.2356],[88.0268,27.2417],[88.0328,27.2546],[88.0343,27.2641],[88.0329,27.2718],[88.0356,27.2814],[88.0343,27.2859],[88.0417,27.2916],[88.0474,27.2934],[88.0436,27.3012],[88.0477,27.3098],[88.0511,27.3124],[88.0551,27.3242],[88.0627,27.3282],[88.0691,27.336],[88.0641,27.3446],[88.0602,27.3554],[88.0528,27.3584],[88.0444,27.3699],[88.0476,27.3798],[88.0467,27.3843],[88.0484,27.3951],[88.0509,27.3999],[88.0532,27.4127],[88.0697,27.425],[88.0823,27.4263],[88.0812,27.4318],[88.0706,27.438],[88.0705,27.439],[88.0751,27.4452],[88.0698,27.4493],[88.0697,27.4576],[88.0631,27.4609],[88.0588,27.4677],[88.0511,27.4722],[88.0466,27.4782],[88.0472,27.4981],[88.0522,27.5035],[88.0575,27.5044],[88.0635,27.5132],[88.0599,27.5158],[88.0626,27.5234],[88.0679,27.5293],[88.0617,27.5325],[88.0635,27.5398],[88.0711,27.5461],[88.0715,27.555],[88.0758,27.5566],[88.0837,27.5646],[88.0779,27.5715],[88.0877,27.5899],[88.0963,27.5978],[88.1082,27.6023],[88.1163,27.6104],[88.1179,27.6207],[88.1221,27.627],[88.1199,27.6295],[88.1233,27.6392],[88.1225,27.6448],[88.1339,27.6551],[88.1385,27.6565],[88.1472,27.6654],[88.1494,27.6788],[88.1574,27.6904],[88.151,27.7017],[88.152,27.7079],[88.158,27.7172],[88.1573,27.7292],[88.161,27.7406],[88.1724,27.7414],[88.1812,27.7468],[88.1793,27.7577],[88.186,27.7667],[88.1846,27.7762],[88.1979,27.7862],[88.1999,27.7906],[88.1964,27.796],[88.1908,27.7992],[88.1878,27.8105],[88.1758,27.8204],[88.19,27.825],[88.1978,27.8359],[88.2039,27.8372],[88.1984,27.8543],[88.191,27.8536],[88.188,27.8565],[88.1812,27.8564],[88.1752,27.8631],[88.1655,27.8688],[88.1565,27.8706],[88.1514,27.8765],[88.1428,27.8779],[88.1377,27.8814],[88.1288,27.8813],[88.1146,27.8681],[88.0984,27.867],[88.0936,27.8712],[88.0921,27.8872],[88.0858,27.8956],[88.0746,27.8935],[88.0672,27.8861],[88.0609,27.8882],[88.0568,27.8961],[88.0444,27.8997],[88.0392,27.9043],[88.0299,27.9052],[88.0244,27.8965],[88.0179,27.8984],[88.0036,27.8974],[87.9936,27.8893],[87.9859,27.8874],[87.9691,27.893],[87.9587,27.9086],[87.9443,27.9096],[87.9332,27.9177],[87.9225,27.9157],[87.9104,27.9167],[87.902,27.9114],[87.8905,27.9099],[87.8796,27.9145],[87.8685,27.9105],[87.8629,27.9237],[87.8566,27.9285],[87.8619,27.9364],[87.8591,27.9482],[87.8501,27.9463],[87.8437,27.9502],[87.8367,27.9514],[87.832,27.9471],[87.8271,27.9343],[87.8298,27.929],[87.8277,27.9207],[87.8162,27.9212],[87.8081,27.9132],[87.8062,27.9084],[87.7964,27.9027],[87.7884,27.9001],[87.7827,27.8897],[87.7781,27.8753],[87.7812,27.8716],[87.7812,27.8657],[87.7706,27.8608],[87.7617,27.8485],[87.7567,27.8365],[87.7476,27.8359],[87.7364,27.8189],[87.7389,27.8128],[87.7279,27.8051],[87.7214,27.8086],[87.7098,27.8114],[87.6965,27.8106],[87.6897,27.8121],[87.6761,27.8074],[87.668,27.8066]]]},"properties":{"ADM1_PCODE":"NP01","ADM1_EN":"1"}},
{"type":"Feature","geometry":{"type":"Polygon","coordinates":[[[86.7453,26.7009],[86.7408,26.7115],[86.7299,26.7093],[86.7207,26.7065],[86.7081,26.7064],[86.7052,26.699],[86.7011,26.6979],[86.6942,26.6899],[86.6874,26.6878],[86.6731,26.6931],[86.6735,26.6965],[86.6665,26.7023],[86.659,26.6912],[86.6519,26.6894],[86.6459,26.6968],[86.6366,26.6982],[86.63,26.69],[86.619,26.6947],[86.6135,26.689],[86.6012,26.6974],[86.5934,26.6969],[86.5857,26.7013],[86.5836,26.7078],[86.5854,26.712],[86.576,26.7202],[86.5741,26.7328],[86.5763,26.7392],[86.5557,26.7468],[86.5606,26.7534],[86.5796,26.7754],[86.5803,26.784],[86.5674,26.7825],[86.5678,26.7878],[86.56,26.7899],[86.5538,26.7863],[86.5506,26.7816],[86.5387,26.784],[86.5337,26.7885],[86.5381,26.7955],[86.5483,26.8031],[86.5527,26.8131],[86.5557,26.8143],[86.554,26.8241],[86.557,26.8303],[86.5544,26.8349],[86.5421,26.8351],[86.5398,26.8316],[86.5219,26.8315],[86.5209,26.8418],[86.5134,26.8428],[86.5087,26.8466],[86.507,26.8559],[86.4991,26.8563],[86.4956,26.8598],[86.4902,26.8678],[86.4841,26.8695],[86.4798,26.8826],[86.4819,26.8882],[86.4768,26.8869],[86.4593,26.8871],[86.4477,26.8912],[86.4358,26.8979],[86.4306,26.9022],[86.416,26.9065],[86.4035,26.9079],[86.3851,26.9079],[86.3853,26.9025],[86.3794,26.8968],[86.3769,26.8883],[86.3765,26.8837],[86.3719,26.8798],[86.3677,26.8721],[86.3525,26.8777],[86.344,26.8795],[86.3163,26.8788],[86.301,26.8855],[86.2888,26.8862],[86.2736,26.8822],[86.2706,26.8778],[86.2592,26.8723],[86.2494,26.8636],[86.2432,26.8663],[86.2298,26.8803],[86.2213,26.8815],[86.2022,26.8901],[86.1969,26.8937],[86.1898,26.8942],[86.1871,26.9002],[86.1815,26.8993],[86.1763,26.9078],[86.1709,26.9133],[86.1631,26.914],[86.1583,26.9186],[86.1598,26.9296],[86.1609,26.9257],[86.1734,26.9196],[86.1892,26.9061],[86.1943,26.9039],[86.2023,26.9052],[86.206,26.8997],[86.2183,26.8959],[86.2233,26.8882],[86.2263,26.8925],[86.2245,26.8988],[86.2269,26.9037],[86.2385,26.903],[86.2443,26.9053],[86.2486,26.9148],[86.2548,26.9112],[86.2616,26.9141],[86.262,26.9188],[86.2598,26.9207],[86.2576,26.9322],[86.2432,26.94],[86.2349,26.9502],[86.2311,26.9489],[86.2214,26.9562],[86.2117,26.9658],[86.2016,26.9699],[86.1936,26.9783],[86.1787,26.9863],[86.1659,26.9913],[86.1563,26.9936],[86.1427,26.999],[86.1284,27.0066],[86.1021,27.017],[86.089,27.0189],[86.0529,27.0186],[86.0276,27.0201],[86.0148,27.0184],[86.0076,27.0217],[86.0033,27.0209],[85.994,27.0245],[85.9882,27.0327],[85.9799,27.0414],[85.9721,27.0536],[85.972,27.0607],[85.9685,27.0667],[85.9645,27.0791],[85.9579,27.0839],[85.9525,27.0836],[85.9464,27.0918],[85.9382,27.1099],[85.9404,27.1211],[85.9323,27.125],[85.9162,27.1295],[85.9079,27.1335],[85.8852,27.1461],[85.8643,27.1271],[85.856,27.1376],[85.8407,27.1444],[85.8369,27.1491],[85.8421,27.1523],[85.8458,27.1597],[85.833,27.1669],[85.8276,27.1681],[85.8182,27.161],[85.8138,27.1614],[85.795,27.1689],[85.7909,27.1732],[85.7761,27.1781],[85.7707,27.1821],[85.744,27.1877],[85.7278,27.1946],[85.7201,27.1879],[85.7073,27.1847],[85.7006,27.1858],[85.6924,27.1775],[85.6883,27.1761],[85.684,27.169],[85.6734,27.1662],[85.6647,27.1559],[85.6583,27.1548],[85.6461,27.1429],[85.6437,27.1418],[85.6357,27.141],[85.6306,27.1371],[85.6251,27.1404],[85.6151,27.1414],[85.6069,27.1394],[85.6026,27.1432],[85.597,27.1403],[85.5913,27.1426],[85.5809,27.1431],[85.5732,27.1368],[85.5713,27.1431],[85.56,27.1442],[85.5516,27.142],[85.5398,27.1483],[85.5331,27.1407],[85.5235,27.1406],[85.5182,27.1424],[85.5033,27.1432],[85.498,27.1462],[85.4918,27.1543],[85.5054,27.1733],[85.4974,27.1734],[85.4963,27.1696],[85.4885,27.1641],[85.4748,27.1615],[85.4697,27.1654],[85.4595,27.1658],[85.4552,27.1681],[85.4556,27.1771],[85.4517,27.1802],[85.4504,27.1865],[85.4384,27.1872],[85.4362,27.1899],[85.4265,27.1927],[85.4205,27.1898],[85.4115,27.1967],[85.4011,27.1965],[85.3995,27.2059],[85.3954,27.2101],[85.3861,27.2073],[85.3788,27.2118],[85.3751,27.2097],[85.3648,27.2125],[85.3616,27.2108],[85.35,27.222],[85.3412,27.2193],[85.3351,27.2227],[85.3181,27.2276],[85.3096,27.2315],[85.303,27.2302],[85.2953,27.2326],[85.2829,27.2309],[85.2716,27.2278],[85.2631,27.2267],[85.2592,27.2304],[85.2513,27.2461],[85.2412,27.2483],[85.234,27.2431],[85.2174,27.2465],[85.2114,27.2449],[85.2047,27.25],[85.1993,27.2453],[85.1844,27.247],[85.1777,27.2534],[85.1723,27.2552],[85.1705,27.2595],[85.1582,27.2618],[85.1478,27.2722],[85.147,27.2827],[85.1397,27.2892],[85.1289,27.2923],[85.1273,27.3013],[85.1235,27.3016],[85.1201,27.3162],[85.108,27.3188],[85.0971,27.3322],[85.0941,27.3417],[85.0953,27.3483],[85.0936,27.3563],[85.0893,27.3606],[85.0727,27.3641],[85.0688,27.3606],[85.063,27.3609],[85.059,27.3654],[85.0462,27.3601],[85.0378,27.3572],[85.0334,27.3603],[85.0067,27.3526],[85.0031,27.3555],[85.0014,27.3651],[84.9899,27.3614],[84.9824,27.3613],[84.9778,27.3561],[84.9717,27.356],[84.9641,27.3624],[84.9599,27.3592],[84.9566,27.3661],[84.9496,27.3613],[84.9381,27.3662],[84.9283,27.364],[84.9236,27.3705],[84.9163,27.3725],[84.9112,27.3767],[84.9046,27.3744],[84.9008,27.3773],[84.8995,27.3844],[84.8906,27.389],[84.8848,27.3876],[84.881,27.3958],[84.874,27.3988],[84.8703,27.3973],[84.8539,27.3985],[84.8535,27.4035],[84.8463,27.4118],[84.8359,27.4175],[84.8278,27.4193],[84.8177,27.4187],[84.8127,27.4157],[84.8108,27.4235],[84.7934,27.4374],[84.7868,27.4351],[84.7768,27.4384],[84.7708,27.4369],[84.7513,27.4373],[84.7455,27.4418],[84.7418,27.4402],[84.7362,27.4438],[84.73,27.4439],[84.7274,27.4436],[84.7213,27.4339],[84.7216,27.4314],[84.6928,27.4323],[84.68,27.4291],[84.6669,27.4292],[84.6639,27.4328],[84.6488,27.4291],[84.6452,27.4425],[84.6373,27.4442],[84.6303,27.4506],[84.6114,27.452],[84.6024,27.4514],[84.5856,27.4559],[84.5782,27.4537],[84.5753,27.4585],[84.5674,27.4629],[84.5598,27.4581],[84.558,27.4413],[84.5535,27.4369],[84.55,27.4265],[84.5502,27.4176],[84.5418,27.4187],[84.5363,27.4123],[84.5471,27.4097],[84.549,27.4044],[84.538,27.4031],[84.5376,27.3937],[84.5416,27.3874],[84.5326,27.3808],[84.522,27.3838],[84.5062,27.3809],[84.5039,27.3763],[84.4977,27.3765],[84.4901,27.3713],[84.486,27.3659],[84.488,27.3583],[84.5059,27.3545],[84.5203,27.3524],[84.5229,27.3534],[84.5357,27.3499],[84.5672,27.3473],[84.5886,27.3411],[84.6108,27.3362],[84.621,27.3376],[84.6249,27.3353],[84.6343,27.3229],[84.6452,27.306],[84.6551,27.2889],[84.6786,27.2463],[84.6874,27.2262],[84.6917,27.2223],[84.6918,27.2174],[84.6868,27.2124],[84.6894,27.2089],[84.6828,27.2007],[84.6857,27.1969],[84.6846,27.1836],[84.683,27.175],[84.6776,27.1713],[84.6826,27.1673],[84.6789,27.1629],[84.6837,27.159],[84.6829,27.1509],[84.6857,27.1434],[84.6807,27.1348],[84.6811,27.1272],[84.6778,27.1232],[84.6791,27.1149],[84.6746,27.1136],[84.673,27.107],[84.6769,27.1],[84.6723,27.0979],[84.6684,27.0875],[84.6577,27.0841],[84.6588,27.0789],[84.6493,27.0756],[84.6453,27.0599],[84.6485,27.0511],[84.645,27.0462],[84.6821,27.032],[84.7036,27.0268],[84.7118,27.0212],[84.7162,27.0212],[84.7256,27.0134],[84.7352,27.0135],[84.7589,27.0026],[84.7644,27.0087],[84.7669,27.0127],[84.7755,27.0174],[84.7848,27.0139],[84.7863,27.0079],[84.791,27.0084],[84.7885,26.9983],[84.796,26.9957],[84.8012,27.0033],[84.8077,27.006],[84.8099,27.0117],[84.8198,27.0205],[84.8319,27.0193],[84.8406,27.0138],[84.8569,27.008],[84.8534,27.0028],[84.8597,26.9976],[84.861,26.9877],[84.8684,26.9835],[84.8908,26.9772],[84.8943,26.972],[84.8988,26.9724],[84.9121,26.9677],[84.9315,26.9684],[84.9457,26.9636],[84.9553,26.9596],[84.9648,26.96],[84.9693,26.9555],[84.9805,26.94],[84.9798,26.9368],[84.9784,26.9317],[84.9724,26.9287],[84.9739,26.9153],[85.0011,26.9121],[85.0039,26.9096],[84.9949,26.903],[85.0075,26.8944],[85.0554,26.8888],[85.0604,26.885],[85.058,26.8815],[85.0476,26.8784],[85.0443,26.8749],[85.0311,26.8746],[85.0288,26.8662],[85.0307,26.8538],[85.0596,26.8489],[85.0589,26.8528],[85.0766,26.8557],[85.0868,26.8547],[85.0916,26.8598],[85.0879,26.8643],[85.092,26.8686],[85.0983,26.8668],[85.1017,26.8708],[85.1134,26.8722],[85.1259,26.8711],[85.1374,26.8676],[85.1422,26.8709],[85.1559,26.8704],[85.1703,26.8682],[85.1786,26.8689],[85.1921,26.8698],[85.1948,26.8665],[85.1929,26.8468],[85.195,26.8385],[85.1934,26.8309],[85.1869,26.8218],[85.1792,26.8149],[85.179,26.8094],[85.1847,26.8006],[85.1816,26.7978],[85.1888,26.7906],[85.1943,26.7912],[85.197,26.7855],[85.1939,26.7818],[85.1997,26.7693],[85.214,26.7576],[85.2366,26.7623],[85.25,26.7601],[85.2596,26.7561],[85.2625,26.7549],[85.2861,26.753],[85.3078,26.7518],[85.3216,26.7486],[85.3284,26.7443],[85.3366,26.7412],[85.3573,26.7597],[85.3638,26.7628],[85.3733,26.7584],[85.3793,26.762],[85.3865,26.7739],[85.3943,26.775],[85.405,26.7826],[85.4084,26.7889],[85.41,26.791],[85.4201,26.7901],[85.4266,26.7858],[85.4376,26.7887],[85.4539,26.7812],[85.4661,26.788],[85.4759,26.7899],[85.4802,26.7925],[85.4826,26.802],[85.4978,26.797],[85.5,26.8115],[85.5021,26.8132],[85.5112,26.8162],[85.5221,26.8141],[85.5447,26.8373],[85.5557,26.834],[85.5599,26.8437],[85.568,26.8407],[85.5743,26.8567],[85.5776,26.8608],[85.5848,26.8585],[85.5902,26.8485],[85.6097,26.8576],[85.6216,26.8693],[85.6262,26.8734],[85.6367,26.8719],[85.6446,26.853],[85.6825,26.843],[85.7066,26.8319],[85.7233,26.82],[85.731,26.8078],[85.7308,26.8025],[85.7367,26.7956],[85.7374,26.7783],[85.7358,26.7696],[85.731,26.7494],[85.7364,26.7371],[85.7282,26.7206],[85.7302,26.7177],[85.7268,26.7029],[85.7277,26.6702],[85.7379,26.662],[85.7345,26.6537],[85.7514,26.6383],[85.7554,26.6375],[85.762,26.6359],[85.7716,26.6296],[85.8037,26.624],[85.8056,26.6146],[85.8198,26.6024],[85.8327,26.6013],[85.8351,26.6108],[85.8533,26.6082],[85.8549,26.6039],[85.8601,26.5895],[85.8506,26.5766],[85.8514,26.5686],[85.8592,26.5717],[85.8624,26.5699],[85.8821,26.5836],[85.8878,26.582],[85.8946,26.5945],[85.9027,26.5946],[85.9026,26.5996],[85.9087,26.6033],[85.9148,26.6039],[85.9176,26.6082],[85.9287,26.6113],[85.931,26.6149],[85.9403,26.6159],[85.9479,26.6125],[85.9485,26.6209],[85.9537,26.6239],[85.9579,26.6306],[85.9548,26.6371],[85.957,26.6465],[85.9639,26.6508],[85.9699,26.6516],[85.9784,26.6579],[85.99,26.6564],[86.0021,26.6546],[86.0082,26.656],[86.0121,26.6536],[86.016,26.6602],[86.0211,26.6608],[86.0293,26.6664],[86.0552,26.66],[86.0722,26.6567],[86.0758,26.6499],[86.09,26.6429],[86.1031,26.6368],[86.1217,26.6297],[86.141,26.6285],[86.1433,26.6169],[86.1384,26.6062],[86.1445,26.6049],[86.1489,26.6084],[86.1574,26.6096],[86.1632,26.6144],[86.17,26.614],[86.1739,26.6168],[86.1848,26.6134],[86.1889,26.6147],[86.1973,26.6083],[86.1991,26.5931],[86.2081,26.5961],[86.2098,26.5931],[86.2196,26.5881],[86.2261,26.591],[86.2367,26.5931],[86.24,26.6013],[86.2535,26.6149],[86.263,26.6153],[86.278,26.617],[86.2952,26.6129],[86.3102,26.6197],[86.3293,26.6193],[86.3449,26.6167],[86.3414,26.6081],[86.3433,26.6057],[86.3582,26.604],[86.3994,26.5927],[86.3973,26.5848],[86.4326,26.5727],[86.4579,26.5678],[86.4883,26.5495],[86.4997,26.542],[86.5181,26.5389],[86.5241,26.5432],[86.5442,26.5382],[86.5473,26.5347],[86.5568,26.5239],[86.5576,26.5151],[86.5638,26.5093],[86.567,26.5017],[86.5727,26.4962],[86.5806,26.4942],[86.591,26.4931],[86.6283,26.4805],[86.6299,26.4752],[86.6285,26.4692],[86.642,26.4632],[86.6927,26.4506],[86.6976,26.4488],[86.7027,26.4369],[86.7225,26.4345],[86.7275,26.4258],[86.7431,26.4242],[86.7489,26.4306],[86.7517,26.4402],[86.7552,26.4451],[86.7627,26.4478],[86.7677,26.4584],[86.7826,26.4544],[86.8069,26.446],[86.8359,26.4387],[86.8453,26.4399],[86.8483,26.4479],[86.8585,26.4482],[86.8627,26.456],[86.876,26.4539],[86.8862,26.4606],[86.8965,26.4619],[86.897,26.4684],[86.8926,26.4814],[86.8956,26.4873],[86.9065,26.488],[86.9141,26.4989],[86.9203,26.5041],[86.9183,26.5094],[86.9261,26.5227],[86.9357,26.5332],[86.9533,26.5369],[86.9593,26.5423],[86.9687,26.5463],[86.9755,26.5561],[86.9906,26.5685],[86.9942,26.5759],[86.9859,26.5836],[86.9869,26.5952],[86.9913,26.6027],[86.9893,26.6127],[86.9813,26.6249],[86.9879,26.6286],[86.991,26.6355],[86.9936,26.6492],[86.9974,26.6537],[87.0047,26.656],[87.0095,26.6666],[87.0153,26.6697],[87.0132,26.6826],[87.0168,26.6889],[87.0155,26.7004],[87.0124,26.7105],[87.0056,26.7085],[86.9933,26.6982],[86.987,26.7032],[86.9866,26.7098],[86.9839,26.7162],[86.9781,26.7189],[86.9734,26.7296],[86.9663,26.7356],[86.9517,26.7318],[86.9469,26.7326],[86.935,26.7404],[86.9272,26.7496],[86.9303,26.7571],[86.9275,26.7636],[86.9241,26.7662],[86.916,26.7601],[86.9111,26.7589],[86.9113,26.7459],[86.913,26.7389],[86.906,26.735],[86.9065,26.7317],[86.8923,26.72],[86.8874,26.7117],[86.8731,26.712],[86.8692,26.71],[86.8682,26.7006],[86.864,26.7014],[86.8509,26.6914],[86.8461,26.6928],[86.8426,26.6981],[86.8424,26.704],[86.8378,26.7108],[86.8304,26.7123],[86.8258,26.7139],[86.8212,26.709],[86.8157,26.7075],[86.804,26.7125],[86.7868,26.7045],[86.778,26.7021],[86.7661,26.6945],[86.7556,26.6949],[86.7453,26.7009]]]},"properties":{"ADM1_PCODE":"NP02","ADM1_EN":"2"}},
{"type":"Feature","geometry":{"type":"Polygon","coordinates":[[[86.3088,27.1086],[86.3156,27.1106],[86.3269,27.1096],[86.3331,27.1169],[86.3376,27.1274],[86.3388,27.1363],[86.3436,27.1446],[86.3579,27.143],[86.3627,27.1391],[86.3706,27.1406],[86.3728,27.1507],[86.3805,27.1652],[86.3922,27.1796],[86.3861,27.1828],[86.3824,27.1919],[86.3791,27.1937],[86.3711,27.1922],[86.3612,27.2008],[86.3473,27.2018],[86.3424,27.2099],[86.3454,27.2188],[86.3434,27.2287],[86.3183,27.2311],[86.3107,27.2336],[86.3085,27.2369],[86.2979,27.2379],[86.2903,27.2454],[86.286,27.2459],[86.2795,27.2499],[86.2594,27.2575],[86.258,27.253],[86.2507,27.2479],[86.2443,27.2459],[86.2414,27.2406],[86.2315,27.2371],[86.2259,27.2387],[86.2059,27.25],[86.2066,27.2537],[86.2137,27.2635],[86.2339,27.2815],[86.2425,27.288],[86.2382,27.2951],[86.2404,27.3028],[86.236,27.3074],[86.2308,27.3199],[86.2213,27.3228],[86.2181,27.3336],[86.2195,27.3525],[86.2242,27.3601],[86.2216,27.3623],[86.2271,27.3703],[86.2268,27.3828],[86.2293,27.3884],[86.2301,27.3976],[86.2378,27.4034],[86.2399,27.4124],[86.2436,27.4179],[86.2498,27.4191],[86.2503,27.4242],[86.2582,27.4353],[86.2589,27.4428],[86.2653,27.4548],[86.2791,27.4639],[86.2875,27.4662],[86.2945,27.4703],[86.2978,27.479],[86.3054,27.4822],[86.3179,27.4922],[86.3211,27.4978],[86.3274,27.5],[86.3284,27.5043],[86.3356,27.5106],[86.3407,27.5198],[86.358,27.526],[86.36,27.5293],[86.3609,27.5395],[86.3731,27.5517],[86.3711,27.5562],[86.3787,27.5678],[86.3842,27.5715],[86.3901,27.5722],[86.4006,27.583],[86.4102,27.5842],[86.4204,27.5911],[86.4223,27.598],[86.4326,27.604],[86.4372,27.61],[86.4721,27.6168],[86.479,27.6155],[86.487,27.6169],[86.4949,27.6135],[86.5023,27.6201],[86.5064,27.6291],[86.5094,27.6399],[86.5186,27.6466],[86.5286,27.6501],[86.5296,27.6593],[86.535,27.6623],[86.5404,27.67],[86.539,27.6783],[86.5414,27.6829],[86.5427,27.7013],[86.5534,27.7106],[86.5593,27.7283],[86.5607,27.7382],[86.5657,27.7447],[86.5653,27.7491],[86.5752,27.7543],[86.5685,27.7623],[86.5663,27.7702],[86.5683,27.776],[86.5686,27.787],[86.5712,27.7951],[86.568,27.7993],[86.5695,27.8037],[86.5488,27.8112],[86.5448,27.8109],[86.5428,27.8146],[86.5516,27.8414],[86.5526,27.8481],[86.5565,27.8569],[86.5537,27.878],[86.557,27.8853],[86.5542,27.8988],[86.5567,27.9024],[86.5558,27.9116],[86.5522,27.9189],[86.5502,27.9302],[86.5412,27.9354],[86.5369,27.9414],[86.5262,27.9396],[86.5223,27.9438],[86.5206,27.9529],[86.518,27.9564],[86.5001,27.957],[86.4947,27.9524],[86.4839,27.9477],[86.4761,27.9479],[86.4688,27.9411],[86.4723,27.9298],[86.4619,27.9221],[86.4583,27.9153],[86.4489,27.9123],[86.4449,27.9055],[86.4316,27.9093],[86.4132,27.9063],[86.4078,27.9164],[86.4007,27.9229],[86.3933,27.9256],[86.3837,27.9376],[86.3724,27.9408],[86.36,27.9411],[86.3508,27.9374],[86.34,27.9492],[86.3419,27.9533],[86.3379,27.9598],[86.3377,27.9648],[86.3212,27.9476],[86.3157,27.9494],[86.3103,27.9557],[86.3064,27.9553],[86.3024,27.9606],[86.3022,27.9669],[86.299,27.9728],[86.2912,27.9781],[86.2834,27.9769],[86.2688,27.9802],[86.2562,27.9777],[86.2398,27.9728],[86.2354,27.9741],[86.2291,27.9807],[86.2252,27.9924],[86.2248,28.0039],[86.2224,28.0108],[86.2236,28.0233],[86.2278,28.029],[86.2267,28.034],[86.2215,28.0368],[86.2178,28.0461],[86.2188,28.0522],[86.2157,28.0552],[86.212,28.0652],[86.212,28.0721],[86.2066,28.0834],[86.2121,28.095],[86.2249,28.0955],[86.2209,28.1088],[86.2206,28.1146],[86.2073,28.1333],[86.1996,28.138],[86.1979,28.1511],[86.1997,28.1561],[86.1945,28.1602],[86.1945,28.1662],[86.1891,28.1739],[86.1764,28.1687],[86.1786,28.1623],[86.178,28.1558],[86.1812,28.1496],[86.1797,28.1426],[86.1685,28.1379],[86.1626,28.1378],[86.1547,28.1302],[86.1458,28.1271],[86.1443,28.1202],[86.1347,28.1164],[86.1353,28.1101],[86.1329,28.1003],[86.1202,28.0912],[86.1073,28.0927],[86.0945,28.0976],[86.0854,28.0911],[86.09,28.0737],[86.0972,28.0616],[86.092,28.0574],[86.0899,28.0491],[86.0901,28.0393],[86.0928,28.033],[86.0888,28.0267],[86.0819,28.0218],[86.0839,28.0145],[86.1017,27.9927],[86.1059,27.984],[86.1115,27.9578],[86.1095,27.9556],[86.1177,27.9453],[86.126,27.9414],[86.1286,27.9335],[86.1263,27.9274],[86.0928,27.9198],[86.0896,27.9166],[86.0763,27.9106],[86.0674,27.8995],[86.058,27.9039],[86.046,27.9061],[86.042,27.9039],[86.0304,27.9076],[86.0236,27.9083],[86.0161,27.9149],[86.0054,27.9111],[85.9849,27.9209],[85.9699,27.9323],[85.9506,27.9418],[85.954,27.9453],[85.9608,27.9588],[85.9621,27.9673],[85.9806,27.9877],[85.9795,27.9965],[85.9763,28.001],[85.9668,28.0019],[85.9587,28.0122],[85.948,28.0203],[85.9382,28.0239],[85.9307,28.0314],[85.9261,28.0387],[85.9172,28.0491],[85.9037,28.0532],[85.9031,28.0614],[85.8995,28.0661],[85.8989,28.0745],[85.9033,28.0787],[85.9054,28.0881],[85.9014,28.0978],[85.9004,28.1088],[85.8912,28.1164],[85.8799,28.1176],[85.8725,28.1235],[85.8716,28.1352],[85.8747,28.1427],[85.8726,28.1466],[85.8621,28.1542],[85.8617,28.1611],[85.8536,28.167],[85.8508,28.1839],[85.8321,28.1845],[85.8204,28.1937],[85.8189,28.2024],[85.815,28.203],[85.8096,28.1982],[85.8023,28.1962],[85.7933,28.2036],[85.7787,28.2084],[85.7779,28.2161],[85.7663,28.2271],[85.7593,28.2287],[85.7561,28.2352],[85.7506,28.2401],[85.7507,28.2489],[85.7453,28.2567],[85.745,28.2722],[85.7418,28.2759],[85.7405,28.2845],[85.7355,28.2908],[85.7383,28.2984],[85.7396,28.3191],[85.7382,28.3234],[85.7304,28.3278],[85.7346,28.3391],[85.7305,28.3429],[85.7291,28.3493],[85.7223,28.3593],[85.7212,28.3671],[85.7266,28.3732],[85.7186,28.3769],[85.7138,28.3861],[85.7032,28.3844],[85.6976,28.3855],[85.6867,28.3825],[85.6863,28.3775],[85.6885,28.3467],[85.6785,28.3505],[85.6688,28.3484],[85.6667,28.3315],[85.6604,28.3251],[85.656,28.3163],[85.662,28.3083],[85.663,28.3028],[85.6474,28.2896],[85.6391,28.275],[85.6293,28.2669],[85.611,28.2567],[85.6059,28.2644],[85.6013,28.2791],[85.5989,28.2988],[85.6029,28.3042],[85.5954,28.3083],[85.5827,28.3061],[85.5782,28.3102],[85.5645,28.3096],[85.5496,28.3152],[85.5455,28.3189],[85.5283,28.3281],[85.5088,28.3338],[85.4931,28.331],[85.4603,28.3368],[85.4547,28.3352],[85.4424,28.3351],[85.4325,28.3301],[85.4177,28.3269],[85.4154,28.3231],[85.4164,28.3159],[85.4146,28.3087],[85.4028,28.2994],[85.3942,28.2883],[85.3797,28.2785],[85.3778,28.2826],[85.3704,28.2859],[85.3549,28.2865],[85.3505,28.2883],[85.3505,28.3015],[85.3421,28.3037],[85.3276,28.2989],[85.3252,28.2958],[85.3054,28.2897],[85.301,28.2906],[85.2952,28.2874],[85.2752,28.2876],[85.2756,28.2942],[85.2686,28.2979],[85.257,28.2943],[85.2494,28.303],[85.2464,28.3139],[85.2437,28.3176],[85.2336,28.3223],[85.2176,28.3318],[85.2063,28.3398],[85.2025,28.3403],[85.1958,28.333],[85.1845,28.3243],[85.1621,28.3317],[85.1431,28.3303],[85.1309,28.3379],[85.123,28.3356],[85.1102,28.3464],[85.0974,28.3445],[85.0828,28.3457],[85.0696,28.3391],[85.0552,28.3268],[85.0489,28.3257],[85.0423,28.3102],[85.035,28.302],[85.0402,28.2917],[85.034,28.2791],[85.0335,28.2727],[85.0292,28.2613],[85.0236,28.2601],[85.003,28.2522],[85.0049,28.2479],[85.0013,28.2443],[84.9918,28.2427],[84.9793,28.2265],[84.9714,28.2221],[84.9643,28.2125],[84.9728,28.1989],[84.9745,28.1883],[84.9702,28.1851],[84.9663,28.1773],[84.9676,28.1735],[84.9636,28.165],[84.9595,28.1553],[84.9601,28.1476],[84.9564,28.1433],[84.9607,28.1336],[84.9594,28.127],[84.954,28.124],[84.9447,28.1224],[84.9376,28.1264],[84.931,28.1261],[84.923,28.1158],[84.9235,28.1057],[84.9185,28.1025],[84.9023,28.1064],[84.8947,28.0998],[84.8876,28.1053],[84.8832,28.1126],[84.8716,28.1203],[84.8612,28.1199],[84.8569,28.1224],[84.8466,28.1165],[84.8447,28.1105],[84.8393,28.1039],[84.8392,28.0943],[84.834,28.0894],[84.8337,28.0843],[84.8246,28.0644],[84.8207,28.0478],[84.8125,28.0392],[84.8153,28.0222],[84.8123,28.0181],[84.8155,28.0091],[84.8135,28.0027],[84.7991,27.9979],[84.793,27.998],[84.7863,27.9831],[84.7795,27.9776],[84.7769,27.9712],[84.7719,27.9673],[84.7629,27.967],[84.7567,27.9622],[84.7487,27.9604],[84.7477,27.9529],[84.7442,27.9489],[84.7419,27.9406],[84.7366,27.9337],[84.7346,27.9269],[84.7373,27.9152],[84.7354,27.9072],[84.7398,27.8968],[84.7389,27.891],[84.751,27.8863],[84.7481,27.8803],[84.7547,27.8749],[84.7564,27.8651],[84.7615,27.8592],[84.7679,27.8571],[84.7702,27.8515],[84.7697,27.8436],[84.7781,27.8351],[84.7753,27.8292],[84.7759,27.824],[84.7846,27.8136],[84.777,27.8083],[84.7715,27.8107],[84.7716,27.8149],[84.7668,27.8183],[84.7588,27.8139],[84.7584,27.8088],[84.7527,27.805],[84.7407,27.8037],[84.7389,27.7986],[84.734,27.7954],[84.7294,27.7998],[84.7214,27.8032],[84.716,27.8002],[84.7101,27.8023],[84.7093,27.8065],[84.6872,27.8101],[84.679,27.8156],[84.6702,27.8183],[84.6679,27.8251],[84.6635,27.8285],[84.6662,27.8404],[84.6629,27.8488],[84.6513,27.8525],[84.652,27.8581],[84.6485,27.8604],[84.6381,27.8599],[84.635,27.8694],[84.6307,27.8708],[84.6295,27.877],[84.622,27.8803],[84.6152,27.8725],[84.6071,27.872],[84.6038,27.8759],[84.5982,27.8761],[84.5921,27.8795],[84.5791,27.8707],[84.5791,27.864],[84.5696,27.8587],[84.5609,27.8577],[84.5604,27.8473],[84.5573,27.8356],[84.5478,27.8315],[84.5433,27.8332],[84.5272,27.8332],[84.5229,27.8312],[84.5226,27.8217],[84.5202,27.8165],[84.5148,27.8153],[84.4986,27.8207],[84.4949,27.8192],[84.4765,27.8234],[84.4675,27.8239],[84.4671,27.8187],[84.4568,27.8201],[84.4479,27.8229],[84.4432,27.8172],[84.4343,27.8121],[84.4321,27.7905],[84.4363,27.7827],[84.4415,27.7782],[84.4505,27.7782],[84.4621,27.7739],[84.4695,27.767],[84.4741,27.7539],[84.4669,27.753],[84.4592,27.7593],[84.452,27.7588],[84.4408,27.7438],[84.4352,27.741],[84.4242,27.7411],[84.4329,27.713],[84.4328,27.7056],[84.4301,27.7035],[84.4103,27.6962],[84.3802,27.6811],[84.3718,27.6845],[84.366,27.6901],[84.3647,27.6954],[84.3568,27.701],[84.3508,27.7029],[84.3321,27.6963],[84.3262,27.6894],[84.3228,27.6842],[84.2945,27.6681],[84.2723,27.6623],[84.2583,27.6508],[84.2529,27.6539],[84.2432,27.6516],[84.2327,27.6459],[84.2203,27.6434],[84.208,27.6382],[84.1767,27.6175],[84.1619,27.6034],[84.1519,27.5972],[84.1438,27.5886],[84.1374,27.5843],[84.1283,27.5711],[84.1277,27.5659],[84.1168,27.5531],[84.1094,27.5515],[84.0924,27.5545],[84.0767,27.5593],[84.0665,27.5511],[84.0546,27.5563],[84.0478,27.5539],[84.0439,27.5451],[84.0386,27.5385],[84.0275,27.5369],[84.0164,27.5396],[84.0102,27.5438],[84,27.5452],[83.9941,27.5432],[83.9835,27.545],[83.9713,27.5503],[83.9598,27.5482],[83.957,27.5434],[83.95,27.5399],[83.9344,27.5451],[83.9265,27.5444],[83.9221,27.5409],[83.9208,27.5328],[83.9242,27.5247],[83.9241,27.5179],[83.9322,27.5128],[83.944,27.5155],[83.9497,27.5199],[83.953,27.5263],[83.9586,27.5269],[83.967,27.523],[83.9715,27.5159],[83.9686,27.506],[83.9598,27.5002],[83.9432,27.4937],[83.9406,27.4882],[83.9457,27.4733],[83.9467,27.4656],[83.9414,27.4549],[83.9333,27.4494],[83.9417,27.4486],[83.9485,27.441],[83.9643,27.4438],[83.9673,27.4463],[83.9745,27.442],[83.9941,27.4441],[84,27.4418],[84.0069,27.442],[84.011,27.4375],[84.0179,27.4346],[84.029,27.4334],[84.0278,27.4379],[84.0336,27.4412],[84.0456,27.4431],[84.0538,27.4424],[84.0568,27.4492],[84.0634,27.4548],[84.0626,27.4616],[84.0689,27.4697],[84.0703,27.4761],[84.0799,27.4837],[84.0842,27.4828],[84.0977,27.4897],[84.1018,27.5102],[84.0997,27.5153],[84.1068,27.5204],[84.1188,27.5191],[84.1196,27.5135],[84.1259,27.5109],[84.1337,27.5126],[84.141,27.5176],[84.153,27.5167],[84.152,27.501],[84.1466,27.497],[84.1477,27.4922],[84.1557,27.4839],[84.1616,27.4844],[84.1731,27.479],[84.1737,27.4755],[84.1908,27.4719],[84.1963,27.473],[84.2083,27.4692],[84.2109,27.4647],[84.2062,27.4598],[84.2104,27.4529],[84.2105,27.4425],[84.2209,27.4402],[84.2228,27.4469],[84.2338,27.4561],[84.2422,27.4524],[84.246,27.4545],[84.2563,27.4519],[84.2609,27.4464],[84.2608,27.4385],[84.2747,27.4286],[84.2757,27.4211],[84.2802,27.4157],[84.2812,27.4067],[84.2777,27.4009],[84.2787,27.3952],[84.2841,27.3965],[84.2935,27.3851],[84.2975,27.3846],[84.3027,27.3902],[84.3127,27.3865],[84.3197,27.3819],[84.3409,27.3774],[84.3502,27.374],[84.3585,27.3733],[84.375,27.3764],[84.3903,27.3719],[84.3933,27.3683],[84.4082,27.3702],[84.4123,27.3683],[84.4264,27.3718],[84.4462,27.3682],[84.4504,27.3631],[84.4599,27.3619],[84.4718,27.355],[84.4786,27.3623],[84.488,27.3583],[84.486,27.3659],[84.4901,27.3713],[84.4977,27.3765],[84.5039,27.3763],[84.5062,27.3809],[84.522,27.3838],[84.5326,27.3808],[84.5416,27.3874],[84.5376,27.3937],[84.538,27.4031],[84.549,27.4044],[84.5471,27.4097],[84.5363,27.4123],[84.5418,27.4187],[84.5502,27.4176],[84.55,27.4265],[84.5535,27.4369],[84.558,27.4413],[84.5598,27.4581],[84.5674,27.4629],[84.5753,27.4585],[84.5782,27.4537],[84.5856,27.4559],[84.6024,27.4514],[84.6114,27.452],[84.6303,27.4506],[84.6373,27.4442],[84.6452,27.4425],[84.6488,27.4291],[84.6639,27.4328],[84.6669,27.4292],[84.68,27.4291],[84.6928,27.4323],[84.7216,27.4314],[84.7213,27.4339],[84.7274,27.4436],[84.73,27.4439],[84.7362,27.4438],[84.7418,27.4402],[84.7455,27.4418],[84.7513,27.4373],[84.7708,27.4369],[84.7768,27.4384],[84.7868,27.4351],[84.7934,27.4374],[84.8108,27.4235],[84.8127,27.4157],[84.8177,27.4187],[84.8278,27.4193],[84.8359,27.4175],[84.8463,27.4118],[84.8535,27.4035],[84.8539,27.3985],[84.8703,27.3973],[84.874,27.3988],[84.881,27.3958],[84.8848,27.3876],[84.8906,27.389],[84.8995,27.3844],[84.9008,27.3773],[84.9046,27.3744],[84.9112,27.3767],[84.9163,27.3725],[84.9236,27.3705],[84.9283,27.364],[84.9381,27.3662],[84.9496,27.3613],[84.9566,27.3661],[84.9599,27.3592],[84.9641,27.3624],[84.9717,27.356],[84.9778,27.3561],[84.9824,27.3613],[84.9899,27.3614],[85.0014,27.3651],[85.0031,27.3555],[85.0067,27.3526],[85.0334,27.3603],[85.0378,27.3572],[85.0462,27.3601],[85.059,27.3654],[85.063,27.3609],[85.0688,27.3606],[85.0727,27.3641],[85.0893,27.3606],[85.0936,27.3563],[85.0953,27.3483],[85.0941,27.3417],[85.0971,27.3322],[85.108,27.3188],[85.1201,27.3162],[85.1235,27.3016],[85.1273,27.3013],[85.1289,27.2923],[85.1397,27.2892],[85.147,27.2827],[85.1478,27.2722],[85.1582,27.2618],[85.1705,27.2595],[85.1723,27.2552],[85.1777,27.2534],[85.1844,27.247],[85.1993,27.2453],[85.2047,27.25],[85.2114,27.2449],[85.2174,27.2465],[85.234,27.2431],[85.2412,27.2483],[85.2513,27.2461],[85.2592,27.2304],[85.2631,27.2267],[85.2716,27.2278],[85.2829,27.2309],[85.2953,27.2326],[85.303,27.2302],[85.3096,27.2315],[85.3181,27.2276],[85.3351,27.2227],[85.3412,27.2193],[85.35,27.222],[85.3616,27.2108],[85.3648,27.2125],[85.3751,27.2097],[85.3788,27.2118],[85.3861,27.2073],[85.3954,27.2101],[85.3995,27.2059],[85.4011,27.1965],[85.4115,27.1967],[85.4205,27.1898],[85.4265,27.1927],[85.4362,27.1899],[85.4384,27.1872],[85.4504,27.1865],[85.4517,27.1802],[85.4556,27.1771],[85.4552,27.1681],[85.4595,27.1658],[85.4697,27.1654],[85.4748,27.1615],[85.4885,27.1641],[85.4963,27.1696],[85.4974,27.1734],[85.5054,27.1733],[85.4918,27.1543],[85.498,27.1462],[85.5033,27.1432],[85.5182,27.1424],[85.5235,27.1406],[85.5331,27.1407],[85.5398,27.1483],[85.5516,27.142],[85.56,27.1442],[85.5713,27.1431],[85.5732,27.1368],[85.5809,27.1431],[85.5913,27.1426],[85.597,27.1403],[85.6026,27.1432],[85.6069,27.1394],[85.6151,27.1414],[85.6251,27.1404],[85.6306,27.1371],[85.6357,27.141],[85.6437,27.1418],[85.6461,27.1429],[85.6583,27.1548],[85.6647,27.1559],[85.6734,27.1662],[85.684,27.169],[85.6883,27.1761],[85.6924,27.1775],[85.7006,27.1858],[85.7073,27.1847],[85.7201,27.1879],[85.7278,27.1946],[85.744,27.1877],[85.7707,27.1821],[85.7761,27.1781],[85.7909,27.1732],[85.795,27.1689],[85.8138,27.1614],[85.8182,27.161],[85.8276,27.1681],[85.833,27.1669],[85.8458,27.1597],[85.8421,27.1523],[85.8369,27.1491],[85.8407,27.1444],[85.856,27.1376],[85.8643,27.1271],[85.8852,27.1461],[85.9079,27.1335],[85.9162,27.1295],[85.9323,27.125],[85.9404,27.1211],[85.9382,27.1099],[85.9464,27.0918],[85.9525,27.0836],[85.9579,27.0839],[85.9645,27.0791],[85.9685,27.0667],[85.972,27.0607],[85.9721,27.0536],[85.9799,27.0414],[85.9882,27.0327],[85.994,27.0245],[86.0033,27.0209],[86.0076,27.0217],[86.0148,27.0184],[86.0276,27.0201],[86.0529,27.0186],[86.089,27.0189],[86.1021,27.017],[86.1284,27.0066],[86.1427,26.999],[86.1563,26.9936],[86.1659,26.9913],[86.1787,26.9863],[86.1936,26.9783],[86.2016,26.9699],[86.2117,26.9658],[86.2214,26.9562],[86.2311,26.9489],[86.2349,26.9502],[86.2432,26.94],[86.2576,26.9322],[86.2598,26.9207],[86.262,26.9188],[86.2669,26.9279],[86.2787,26.9329],[86.2821,26.9372],[86.2836,26.9468],[86.2951,26.9504],[86.3102,26.9601],[86.3189,26.9634],[86.3485,26.9634],[86.3554,26.9643],[86.3669,26.9786],[86.3706,26.9951],[86.369,27],[86.3755,27.0032],[86.3765,27.0226],[86.3817,27.0311],[86.3692,27.0374],[86.3665,27.0419],[86.3659,27.0534],[86.3493,27.0642],[86.3536,27.07],[86.3578,27.0814],[86.3607,27.0837],[86.3573,27.104],[86.3428,27.106],[86.3343,27.0995],[86.3273,27.0989],[86.3136,27.1026],[86.3088,27.1086]]]},"properties":{"ADM1_PCODE":"NP03","ADM1_EN":"3"}},
{"type":"Feature","geometry":{"type":"Polygon","coordinates":[[[84.9745,28.1883],[84.9728,28.1989],[84.9643,28.2125],[84.9714,28.2221],[84.9793,28.2265],[84.9918,28.2427],[85.0013,28.2443],[85.0049,28.2479],[85.003,28.2522],[85.0236,28.2601],[85.0292,28.2613],[85.0335,28.2727],[85.034,28.2791],[85.0402,28.2917],[85.035,28.302],[85.0423,28.3102],[85.0489,28.3257],[85.0552,28.3268],[85.0696,28.3391],[85.0828,28.3457],[85.0974,28.3445],[85.1102,28.3464],[85.1153,28.357],[85.1168,28.3658],[85.1231,28.3712],[85.1248,28.3869],[85.1287,28.3908],[85.1271,28.3967],[85.1188,28.4061],[85.1197,28.4156],[85.1149,28.4332],[85.1165,28.443],[85.1042,28.4486],[85.1017,28.4567],[85.1065,28.4599],[85.1149,28.4712],[85.1152,28.4786],[85.1201,28.4849],[85.1267,28.4877],[85.1362,28.4854],[85.1479,28.4857],[85.1551,28.4904],[85.1589,28.4971],[85.1591,28.5088],[85.1683,28.5212],[85.1684,28.5319],[85.1712,28.5333],[85.1877,28.5329],[85.191,28.5444],[85.1906,28.5538],[85.1871,28.5601],[85.1938,28.5689],[85.1836,28.5791],[85.1835,28.5876],[85.1775,28.592],[85.1759,28.5973],[85.1916,28.6054],[85.1996,28.6207],[85.2003,28.6266],[85.1871,28.6321],[85.1907,28.6407],[85.1786,28.6448],[85.1613,28.6433],[85.1474,28.6564],[85.1479,28.6609],[85.1367,28.6677],[85.1348,28.6755],[85.1176,28.6864],[85.1126,28.6832],[85.1041,28.6817],[85.0963,28.678],[85.091,28.6715],[85.0827,28.6714],[85.075,28.6776],[85.0608,28.6823],[85.0535,28.6695],[85.0437,28.6686],[85.0426,28.6579],[85.0342,28.6565],[85.0252,28.6488],[85.0194,28.6393],[85.0111,28.637],[85.0027,28.6231],[84.9911,28.6128],[84.9881,28.6061],[84.995,28.6009],[84.9899,28.594],[84.9741,28.5866],[84.967,28.5867],[84.9512,28.5802],[84.9476,28.5945],[84.941,28.5956],[84.9345,28.5937],[84.9209,28.5949],[84.9126,28.5885],[84.9018,28.5901],[84.8923,28.5884],[84.8883,28.5825],[84.8675,28.5803],[84.8591,28.5706],[84.7837,28.609],[84.7698,28.6104],[84.7575,28.6134],[84.7491,28.6182],[84.7394,28.6166],[84.7274,28.6205],[84.7222,28.6289],[84.716,28.6329],[84.703,28.6344],[84.7003,28.6394],[84.7037,28.6482],[84.6996,28.6538],[84.7072,28.6706],[84.6986,28.6717],[84.6904,28.6787],[84.6782,28.6789],[84.6705,28.6833],[84.6708,28.6909],[84.6637,28.6987],[84.6528,28.7023],[84.6529,28.7143],[84.6467,28.7198],[84.6421,28.7281],[84.6316,28.7326],[84.6285,28.7364],[84.6175,28.7366],[84.608,28.7333],[84.5945,28.7365],[84.589,28.7345],[84.5739,28.7351],[84.5695,28.7414],[84.5537,28.7504],[84.5419,28.744],[84.5359,28.7453],[84.526,28.7436],[84.5169,28.7485],[84.5123,28.7452],[84.5044,28.7442],[84.494,28.7346],[84.4858,28.7411],[84.4825,28.747],[84.4778,28.7469],[84.4705,28.7509],[84.4633,28.751],[84.4541,28.7647],[84.4387,28.7693],[84.4419,28.7764],[84.4481,28.7824],[84.4461,28.7865],[84.4475,28.7931],[84.4342,28.8014],[84.4321,28.8127],[84.4375,28.8205],[84.4273,28.8253],[84.4205,28.8315],[84.4116,28.8287],[84.4028,28.8301],[84.4021,28.838],[84.409,28.8419],[84.4108,28.8536],[84.3994,28.8585],[84.3769,28.8643],[84.3717,28.8609],[84.3588,28.8603],[84.3467,28.872],[84.3429,28.8724],[84.3349,28.8643],[84.3258,28.8626],[84.323,28.8674],[84.3011,28.872],[84.2895,28.8771],[84.2883,28.8809],[84.2762,28.8866],[84.2744,28.8924],[84.2682,28.8975],[84.2604,28.8955],[84.2567,28.8904],[84.2474,28.8904],[84.2318,28.8922],[84.228,28.8939],[84.2276,28.9035],[84.2226,28.9156],[84.2272,28.9281],[84.2282,28.9404],[84.2327,28.9503],[84.2329,28.9573],[84.2377,28.9684],[84.2439,28.9761],[84.2411,28.9811],[84.2416,28.9973],[84.2459,29.009],[84.25,29.0126],[84.25,29.0372],[84.246,29.0427],[84.2386,29.0443],[84.2316,29.0497],[84.223,29.0535],[84.2112,29.0536],[84.1986,29.0465],[84.1918,29.0469],[84.1908,29.0647],[84.1888,29.0674],[84.1883,29.0807],[84.1929,29.0846],[84.1979,29.0929],[84.1973,29.0965],[84.2038,29.1037],[84.202,29.1126],[84.2027,29.1244],[84.1873,29.1266],[84.1784,29.1296],[84.1749,29.141],[84.1755,29.1497],[84.17,29.1569],[84.1681,29.1641],[84.1714,29.1721],[84.1644,29.1852],[84.1689,29.1903],[84.166,29.194],[84.1707,29.1998],[84.1747,29.2007],[84.1833,29.2078],[84.1905,29.2057],[84.2019,29.2139],[84.1997,29.2207],[84.2011,29.2309],[84.2051,29.2366],[84.2032,29.24],[84.1948,29.2441],[84.1856,29.2418],[84.1815,29.2377],[84.1699,29.241],[84.1559,29.2414],[84.1437,29.2362],[84.131,29.2428],[84.1145,29.2486],[84.117,29.258],[84.1238,29.2703],[84.1187,29.2794],[84.1024,29.2901],[84.0879,29.2945],[84.0831,29.2887],[84.0722,29.2851],[84.0659,29.2895],[84.0583,29.2905],[84.055,29.2975],[84.046,29.3008],[84.0264,29.2887],[84.0179,29.2889],[84.0129,29.2942],[84.0019,29.2949],[83.9899,29.3004],[84.0014,29.3063],[84.0013,29.3147],[83.9943,29.3201],[83.978,29.3286],[83.967,29.331],[83.9578,29.3261],[83.9506,29.317],[83.9432,29.3163],[83.9357,29.3197],[83.9296,29.3184],[83.9219,29.3232],[83.9121,29.3234],[83.9069,29.3257],[83.9001,29.3188],[83.8895,29.3201],[83.8726,29.3123],[83.8582,29.3094],[83.8563,29.3016],[83.8512,29.298],[83.8411,29.2981],[83.8371,29.3009],[83.8322,29.2981],[83.8252,29.3028],[83.8148,29.302],[83.8101,29.2946],[83.813,29.2908],[83.8046,29.2822],[83.7994,29.2818],[83.796,29.2734],[83.8011,29.2641],[83.8039,29.2556],[83.7993,29.25],[83.7835,29.2443],[83.7788,29.2477],[83.773,29.2463],[83.7697,29.2408],[83.7635,29.24],[83.75,29.2438],[83.7427,29.2454],[83.7327,29.2449],[83.7239,29.2415],[83.7133,29.2445],[83.7084,29.2372],[83.703,29.2346],[83.6988,29.2263],[83.6863,29.2131],[83.6771,29.2077],[83.67,29.2072],[83.6622,29.2039],[83.6598,29.1985],[83.6602,29.1874],[83.6656,29.184],[83.6595,29.1761],[83.6678,29.1688],[83.6642,29.1651],[83.6654,29.1557],[83.6748,29.1524],[83.6785,29.1472],[83.677,29.137],[83.6818,29.1305],[83.6809,29.125],[83.6697,29.1233],[83.6646,29.1247],[83.6537,29.1195],[83.6546,29.1092],[83.6483,29.1041],[83.6384,29.1073],[83.6308,29.1065],[83.6227,29.0978],[83.6171,29.0943],[83.6255,29.0882],[83.6331,29.0801],[83.6316,29.0715],[83.6331,29.0624],[83.6225,29.0604],[83.6202,29.0551],[83.6199,29.0437],[83.6147,29.036],[83.6186,29.0185],[83.6143,29.015],[83.619,29.0061],[83.6165,28.9979],[83.6171,28.9876],[83.6111,28.9802],[83.6063,28.9803],[83.6006,28.9857],[83.5941,28.9836],[83.5887,28.9758],[83.5892,28.9712],[83.5837,28.9649],[83.5847,28.9612],[83.581,28.955],[83.5769,28.9538],[83.569,28.9433],[83.5636,28.9452],[83.5593,28.9424],[83.5586,28.9337],[83.5515,28.9268],[83.5419,28.9149],[83.5307,28.9086],[83.5293,28.9034],[83.5173,28.8899],[83.5089,28.8852],[83.5015,28.8771],[83.5079,28.8658],[83.5084,28.8576],[83.5041,28.8516],[83.5039,28.8461],[83.5,28.8425],[83.4946,28.8462],[83.4837,28.8446],[83.4827,28.836],[83.4853,28.8335],[83.4817,28.8241],[83.4821,28.8171],[83.4872,28.8121],[83.4901,28.8008],[83.489,28.7906],[83.4855,28.7828],[83.4632,28.78],[83.4559,28.7721],[83.4481,28.7688],[83.4436,28.7695],[83.429,28.7662],[83.4125,28.7605],[83.4023,28.7607],[83.3905,28.763],[83.3854,28.7564],[83.3797,28.7539],[83.3764,28.7444],[83.364,28.734],[83.3583,28.7336],[83.3333,28.7381],[83.3144,28.7353],[83.3103,28.7325],[83.3005,28.7318],[83.284,28.7256],[83.2789,28.7218],[83.2726,28.7251],[83.2614,28.7261],[83.2414,28.7348],[83.2392,28.7395],[83.2313,28.7428],[83.2245,28.7401],[83.2202,28.7351],[83.2119,28.7319],[83.2084,28.7325],[83.1882,28.7435],[83.169,28.745],[83.1561,28.7477],[83.1479,28.7471],[83.1474,28.747],[83.1445,28.7401],[83.1446,28.734],[83.1481,28.7304],[83.1474,28.7208],[83.1525,28.7129],[83.152,28.7044],[83.1545,28.701],[83.1506,28.6948],[83.1444,28.6896],[83.1483,28.6814],[83.1403,28.675],[83.1295,28.674],[83.1247,28.6766],[83.1204,28.6706],[83.127,28.6639],[83.1252,28.6539],[83.1171,28.6425],[83.1168,28.6307],[83.1094,28.6321],[83.0992,28.6351],[83.0863,28.6307],[83.0828,28.6255],[83.0692,28.6233],[83.0595,28.62],[83.053,28.6257],[83.0448,28.6298],[83.0375,28.6256],[83.0267,28.6263],[83.0211,28.6216],[83.0119,28.6234],[83,28.6234],[82.9923,28.6257],[82.9849,28.6307],[82.9765,28.626],[82.969,28.6153],[82.9593,28.6114],[82.9548,28.5991],[82.9566,28.5929],[82.9642,28.5818],[82.9746,28.5751],[82.9814,28.5749],[82.9877,28.5698],[82.9822,28.5503],[82.9758,28.5422],[82.962,28.5517],[82.9576,28.5513],[82.9535,28.5558],[82.945,28.558],[82.9426,28.5612],[82.9304,28.567],[82.9224,28.5669],[82.9182,28.5643],[82.9168,28.5526],[82.9138,28.5427],[82.9155,28.5377],[82.9136,28.5292],[82.916,28.5275],[82.8971,28.5155],[82.8793,28.5153],[82.8903,28.5065],[82.8943,28.4964],[82.9138,28.4783],[82.9025,28.4756],[82.8887,28.4795],[82.8812,28.4762],[82.8883,28.4523],[82.896,28.4476],[82.901,28.4478],[82.908,28.4429],[82.9162,28.4342],[82.9142,28.4275],[82.9201,28.4181],[82.9212,28.409],[82.9179,28.4033],[82.9247,28.4011],[82.9378,28.402],[82.9478,28.3915],[82.9523,28.3841],[82.9501,28.3783],[82.9567,28.3721],[82.9587,28.3643],[82.9567,28.36],[82.9693,28.3575],[82.982,28.3593],[82.9955,28.3513],[83.0053,28.333],[83.0156,28.3323],[83.0202,28.3256],[83.0358,28.3216],[83.0455,28.3245],[83.0532,28.3188],[83.0632,28.3176],[83.0708,28.3112],[83.0707,28.3033],[83.0781,28.2973],[83.0811,28.2912],[83.0868,28.2893],[83.0917,28.281],[83.0992,28.2727],[83.0955,28.2568],[83.1135,28.2518],[83.1206,28.2564],[83.128,28.2565],[83.1297,28.2506],[83.1371,28.2513],[83.1506,28.2659],[83.1574,28.2706],[83.1634,28.2672],[83.1696,28.258],[83.1799,28.2648],[83.1833,28.269],[83.1882,28.2678],[83.2031,28.2576],[83.2075,28.2522],[83.2178,28.2477],[83.2178,28.2437],[83.2281,28.235],[83.2353,28.2256],[83.2358,28.2217],[83.2538,28.214],[83.261,28.2004],[83.2689,28.1986],[83.2728,28.195],[83.2759,28.1874],[83.2839,28.19],[83.2895,28.1925],[83.2994,28.1927],[83.3098,28.1975],[83.3185,28.1902],[83.3329,28.1889],[83.3402,28.1899],[83.3525,28.1944],[83.3547,28.1976],[83.3647,28.192],[83.3662,28.1862],[83.3712,28.1833],[83.372,28.1778],[83.3781,28.1735],[83.3864,28.1636],[83.3919,28.1674],[83.3968,28.1557],[83.4024,28.1503],[83.4133,28.1439],[83.4156,28.1376],[83.4205,28.1364],[83.4222,28.128],[83.4286,28.1258],[83.4408,28.1308],[83.4473,28.1249],[83.4532,28.1263],[83.4582,28.1316],[83.4646,28.1298],[83.4757,28.1322],[83.4803,28.13],[83.4761,28.1189],[83.4858,28.1162],[83.4877,28.1132],[83.495,28.115],[83.5011,28.1171],[83.5078,28.1258],[83.5124,28.1268],[83.5177,28.1221],[83.5268,28.1207],[83.5343,28.1165],[83.5463,28.1207],[83.5566,28.1156],[83.5571,28.1066],[83.5671,28.1006],[83.5642,28.0943],[83.5692,28.0896],[83.5777,28.0869],[83.5787,28.0811],[83.5827,28.0773],[83.5736,28.0724],[83.5706,28.0658],[83.5632,28.063],[83.566,28.0579],[83.5612,28.0434],[83.5657,28.041],[83.5636,28.0356],[83.5759,28.0323],[83.58,28.0339],[83.5863,28.0259],[83.5926,28.0251],[83.5988,28.0201],[83.6008,28.015],[83.6069,28.0119],[83.6053,27.9971],[83.5954,27.9893],[83.586,27.9869],[83.5872,27.9787],[83.5821,27.9795],[83.5788,27.9741],[83.5705,27.9758],[83.5625,27.9737],[83.552,27.9766],[83.5483,27.9712],[83.5364,27.9684],[83.5331,27.9646],[83.5248,27.9638],[83.5113,27.9683],[83.5022,27.9768],[83.4951,27.978],[83.4874,27.9819],[83.483,27.9803],[83.4759,27.9725],[83.4682,27.9634],[83.4644,27.9546],[83.4579,27.9496],[83.4461,27.9452],[83.4473,27.9386],[83.4427,27.9353],[83.4501,27.9285],[83.455,27.9327],[83.4625,27.9342],[83.4695,27.9285],[83.4859,27.9225],[83.4916,27.9285],[83.5033,27.9269],[83.5108,27.9309],[83.5054,27.9379],[83.5111,27.9406],[83.5181,27.9374],[83.5251,27.9291],[83.5297,27.9281],[83.5326,27.9319],[83.532,27.9378],[83.5375,27.938],[83.5405,27.9276],[83.5548,27.9294],[83.5619,27.9347],[83.5666,27.9341],[83.573,27.9429],[83.5784,27.937],[83.5766,27.9301],[83.595,27.931],[83.6017,27.9235],[83.6128,27.925],[83.6189,27.9304],[83.6218,27.9267],[83.6288,27.9246],[83.6244,27.9162],[83.6345,27.9146],[83.6335,27.91],[83.6356,27.8997],[83.6425,27.9021],[83.6468,27.8984],[83.6512,27.9022],[83.657,27.9023],[83.6679,27.9196],[83.6777,27.9273],[83.6881,27.918],[83.6922,27.9235],[83.6978,27.9181],[83.7132,27.9164],[83.7194,27.9199],[83.725,27.9139],[83.7353,27.9086],[83.737,27.9045],[83.7448,27.9],[83.7468,27.9078],[83.7528,27.9069],[83.7592,27.9029],[83.7585,27.9092],[83.7643,27.9098],[83.7771,27.9031],[83.7835,27.8961],[83.7912,27.8848],[83.8,27.8818],[83.8097,27.873],[83.8181,27.874],[83.8222,27.8773],[83.8414,27.8685],[83.8476,27.8683],[83.8494,27.8733],[83.8462,27.8781],[83.8526,27.8813],[83.8538,27.8742],[83.8625,27.8742],[83.8642,27.8828],[83.8823,27.8874],[83.8831,27.8822],[83.8944,27.8859],[83.9003,27.883],[83.9122,27.8801],[83.9158,27.8769],[83.9159,27.8709],[83.9227,27.8712],[83.9278,27.8681],[83.9388,27.8774],[83.9443,27.8758],[83.9473,27.8712],[83.9537,27.8693],[83.9604,27.8728],[83.983,27.8654],[83.9964,27.8661],[84.0023,27.8546],[84.0094,27.8544],[84.0181,27.8513],[84.0194,27.8611],[84.0249,27.8609],[84.0306,27.8562],[84.0246,27.8483],[84.0223,27.8407],[84.0271,27.8351],[84.0287,27.8295],[84.0268,27.818],[84.0172,27.8115],[84.0145,27.801],[84.0072,27.7954],[84.0025,27.7885],[84.0021,27.7774],[84.0001,27.7727],[83.9962,27.7663],[83.9944,27.7534],[83.988,27.7479],[83.9788,27.7474],[83.9731,27.7496],[83.9626,27.7481],[83.947,27.744],[83.9303,27.734],[83.9263,27.7267],[83.9187,27.7285],[83.9152,27.7309],[83.8895,27.732],[83.8712,27.7345],[83.8538,27.7331],[83.8474,27.7349],[83.844,27.7309],[83.8462,27.7269],[83.8483,27.7093],[83.8357,27.7138],[83.8273,27.7139],[83.8231,27.7105],[83.813,27.7141],[83.8035,27.7211],[83.7944,27.7217],[83.7887,27.7245],[83.778,27.7238],[83.7584,27.72],[83.7532,27.7208],[83.7415,27.7148],[83.7344,27.714],[83.7315,27.7094],[83.7253,27.7098],[83.7173,27.7151],[83.6964,27.7161],[83.6937,27.7186],[83.6848,27.718],[83.692,27.7063],[83.6918,27.698],[83.703,27.6881],[83.7065,27.6819],[83.7014,27.6761],[83.7009,27.6698],[83.6973,27.6619],[83.7051,27.662],[83.7079,27.6587],[83.7179,27.6632],[83.7225,27.6697],[83.7272,27.6723],[83.7353,27.6691],[83.7428,27.6695],[83.749,27.6666],[83.7603,27.6672],[83.7652,27.661],[83.7704,27.6664],[83.7862,27.6667],[83.8018,27.6653],[83.8139,27.6622],[83.809,27.6476],[83.8118,27.635],[83.8031,27.6292],[83.8072,27.6206],[83.7993,27.6185],[83.802,27.6123],[83.7926,27.6049],[83.8032,27.596],[83.8083,27.5967],[83.8161,27.5891],[83.8258,27.5919],[83.8382,27.5856],[83.8431,27.574],[83.8337,27.5655],[83.8347,27.5596],[83.8394,27.5513],[83.8491,27.5602],[83.8527,27.5588],[83.8559,27.5505],[83.8605,27.5456],[83.8718,27.5416],[83.8845,27.5277],[83.8848,27.5231],[83.8804,27.5201],[83.8777,27.5104],[83.8829,27.5075],[83.8889,27.5083],[83.8965,27.5035],[83.8998,27.4986],[83.8924,27.4986],[83.8857,27.4959],[83.8768,27.4895],[83.8801,27.4847],[83.8872,27.4808],[83.8886,27.4724],[83.8858,27.4638],[83.8919,27.4615],[83.8892,27.4549],[83.8912,27.4433],[83.8976,27.4376],[83.9108,27.4397],[83.9333,27.4494],[83.9414,27.4549],[83.9467,27.4656],[83.9457,27.4733],[83.9406,27.4882],[83.9432,27.4937],[83.9598,27.5002],[83.9686,27.506],[83.9715,27.5159],[83.967,27.523],[83.9586,27.5269],[83.953,27.5263],[83.9497,27.5199],[83.944,27.5155],[83.9322,27.5128],[83.9241,27.5179],[83.9242,27.5247],[83.9208,27.5328],[83.9221,27.5409],[83.9265,27.5444],[83.9344,27.5451],[83.95,27.5399],[83.957,27.5434],[83.9598,27.5482],[83.9713,27.5503],[83.9835,27.545],[83.9941,27.5432],[84,27.5452],[84.0102,27.5438],[84.0164,27.5396],[84.0275,27.5369],[84.0386,27.5385],[84.0439,27.5451],[84.0478,27.5539],[84.0546,27.5563],[84.0665,27.5511],[84.0767,27.5593],[84.0924,27.5545],[84.1094,27.5515],[84.1168,27.5531],[84.1277,27.5659],[84.1283,27.5711],[84.1374,27.5843],[84.1438,27.5886],[84.1519,27.5972],[84.1619,27.6034],[84.1767,27.6175],[84.208,27.6382],[84.2203,27.6434],[84.2327,27.6459],[84.2432,27.6516],[84.2529,27.6539],[84.2583,27.6508],[84.2723,27.6623],[84.2945,27.6681],[84.3228,27.6842],[84.3262,27.6894],[84.3321,27.6963],[84.3508,27.7029],[84.3568,27.701],[84.3647,27.6954],[84.366,27.6901],[84.3718,27.6845],[84.3802,27.6811],[84.4103,27.6962],[84.4301,27.7035],[84.4328,27.7056],[84.4329,27.713],[84.4242,27.7411],[84.4352,27.741],[84.4408,27.7438],[84.452,27.7588],[84.4592,27.7593],[84.4669,27.753],[84.4741,27.7539],[84.4695,27.767],[84.4621,27.7739],[84.4505,27.7782],[84.4415,27.7782],[84.4363,27.7827],[84.4321,27.7905],[84.4343,27.8121],[84.4432,27.8172],[84.4479,27.8229],[84.4568,27.8201],[84.4671,27.8187],[84.4675,27.8239],[84.4765,27.8234],[84.4949,27.8192],[84.4986,27.8207],[84.5148,27.8153],[84.5202,27.8165],[84.5226,27.8217],[84.5229,27.8312],[84.5272,27.8332],[84.5433,27.8332],[84.5478,27.8315],[84.5573,27.8356],[84.5604,27.8473],[84.5609,27.8577],[84.5696,27.8587],[84.5791,27.864],[84.5791,27.8707],[84.5921,27.8795],[84.5982,27.8761],[84.6038,27.8759],[84.6071,27.872],[84.6152,27.8725],[84.622,27.8803],[84.6295,27.877],[84.6307,27.8708],[84.635,27.8694],[84.6381,27.8599],[84.6485,27.8604],[84.652,27.8581],[84.6513,27.8525],[84.6629,27.8488],[84.6662,27.8404],[84.6635,27.8285],[84.6679,27.8251],[84.6702,27.8183],[84.679,27.8156],[84.6872,27.8101],[84.7093,27.8065],[84.7101,27.8023],[84.716,27.8002],[84.7214,27.8032],[84.7294,27.7998],[84.734,27.7954],[84.7389,27.7986],[84.7407,27.8037],[84.7527,27.805],[84.7584,27.8088],[84.7588,27.8139],[84.7668,27.8183],[84.7716,27.8149],[84.7715,27.8107],[84.777,27.8083],[84.7846,27.8136],[84.7759,27.824],[84.7753,27.8292],[84.7781,27.8351],[84.7697,27.8436],[84.7702,27.8515],[84.7679,27.8571],[84.7615,27.8592],[84.7564,27.8651],[84.7547,27.8749],[84.7481,27.8803],[84.751,27.8863],[84.7389,27.891],[84.7398,27.8968],[84.7354,27.9072],[84.7373,27.9152],[84.7346,27.9269],[84.7366,27.9337],[84.7419,27.9406],[84.7442,27.9489],[84.7477,27.9529],[84.7487,27.9604],[84.7567,27.9622],[84.7629,27.967],[84.7719,27.9673],[84.7769,27.9712],[84.7795,27.9776],[84.7863,27.9831],[84.793,27.998],[84.7991,27.9979],[84.8135,28.0027],[84.8155,28.0091],[84.8123,28.0181],[84.8153,28.0222],[84.8125,28.0392],[84.8207,28.0478],[84.8246,28.0644],[84.8337,28.0843],[84.834,28.0894],[84.8392,28.0943],[84.8393,28.1039],[84.8447,28.1105],[84.8466,28.1165],[84.8569,28.1224],[84.8612,28.1199],[84.8716,28.1203],[84.8832,28.1126],[84.8876,28.1053],[84.8947,28.0998],[84.9023,28.1064],[84.9185,28.1025],[84.9235,28.1057],[84.923,28.1158],[84.931,28.1261],[84.9376,28.1264],[84.9447,28.1224],[84.954,28.124],[84.9594,28.127],[84.9607,28.1336],[84.9564,28.1433],[84.9601,28.1476],[84.9595,28.1553],[84.9636,28.165],[84.9676,28.1735],[84.9663,28.1773],[84.9702,28.1851],[84.9745,28.1883]]]},"properties":{"ADM1_PCODE":"NP04","ADM1_EN":"4"}},
{"type":"Feature","geometry":{"type":"Polygon","coordinates":[[[83.3864,28.1636],[83.3781,28.1735],[83.372,28.1778],[83.3712,28.1833],[83.3662,28.1862],[83.3647,28.192],[83.3547,28.1976],[83.3525,28.1944],[83.3402,28.1899],[83.3329,28.1889],[83.3185,28.1902],[83.3098,28.1975],[83.2994,28.1927],[83.2895,28.1925],[83.2839,28.19],[83.2759,28.1874],[83.2728,28.195],[83.2689,28.1986],[83.261,28.2004],[83.2538,28.214],[83.2358,28.2217],[83.2353,28.2256],[83.2281,28.235],[83.2178,28.2437],[83.2178,28.2477],[83.2075,28.2522],[83.2031,28.2576],[83.1882,28.2678],[83.1833,28.269],[83.1799,28.2648],[83.1696,28.258],[83.1634,28.2672],[83.1574,28.2706],[83.1506,28.2659],[83.1371,28.2513],[83.1297,28.2506],[83.128,28.2565],[83.1206,28.2564],[83.1135,28.2518],[83.0955,28.2568],[83.0992,28.2727],[83.0917,28.281],[83.0868,28.2893],[83.0811,28.2912],[83.0781,28.2973],[83.0707,28.3033],[83.0708,28.3112],[83.0632,28.3176],[83.0532,28.3188],[83.0455,28.3245],[83.0358,28.3216],[83.0202,28.3256],[83.0156,28.3323],[83.0053,28.333],[82.9955,28.3513],[82.982,28.3593],[82.9693,28.3575],[82.9567,28.36],[82.9587,28.3643],[82.9567,28.3721],[82.9501,28.3783],[82.9523,28.3841],[82.9478,28.3915],[82.9378,28.402],[82.9247,28.4011],[82.9179,28.4033],[82.9212,28.409],[82.9201,28.4181],[82.9142,28.4275],[82.9162,28.4342],[82.908,28.4429],[82.901,28.4478],[82.896,28.4476],[82.8883,28.4523],[82.8812,28.4762],[82.8887,28.4795],[82.9025,28.4756],[82.9138,28.4783],[82.8943,28.4964],[82.8903,28.5065],[82.8793,28.5153],[82.8971,28.5155],[82.916,28.5275],[82.9136,28.5292],[82.9155,28.5377],[82.9138,28.5427],[82.9168,28.5526],[82.9182,28.5643],[82.9224,28.5669],[82.9304,28.567],[82.9426,28.5612],[82.945,28.558],[82.9535,28.5558],[82.9576,28.5513],[82.962,28.5517],[82.9758,28.5422],[82.9822,28.5503],[82.9877,28.5698],[82.9814,28.5749],[82.9746,28.5751],[82.9642,28.5818],[82.9566,28.5929],[82.9548,28.5991],[82.9593,28.6114],[82.969,28.6153],[82.9765,28.626],[82.9849,28.6307],[82.9923,28.6257],[83,28.6234],[83.0119,28.6234],[83.0211,28.6216],[83.0267,28.6263],[83.0375,28.6256],[83.0448,28.6298],[83.053,28.6257],[83.0595,28.62],[83.0692,28.6233],[83.0828,28.6255],[83.0863,28.6307],[83.0992,28.6351],[83.1094,28.6321],[83.1168,28.6307],[83.1171,28.6425],[83.1252,28.6539],[83.127,28.6639],[83.1204,28.6706],[83.1247,28.6766],[83.1295,28.674],[83.1403,28.675],[83.1483,28.6814],[83.1444,28.6896],[83.1506,28.6948],[83.1545,28.701],[83.152,28.7044],[83.1525,28.7129],[83.1474,28.7208],[83.1481,28.7304],[83.1446,28.734],[83.1445,28.7401],[83.1474,28.747],[83.1343,28.7479],[83.117,28.7431],[83.1145,28.7467],[83.1045,28.7535],[83.1043,28.7599],[83.1002,28.7665],[83.0776,28.7851],[83.0711,28.7802],[83.0672,28.7837],[83.0599,28.7857],[83.0476,28.7864],[83.0381,28.7927],[83.0221,28.7922],[83.0143,28.7989],[83.0077,28.7994],[82.9993,28.8038],[82.9834,28.8005],[82.9777,28.8035],[82.9677,28.8203],[82.9619,28.8198],[82.9528,28.8236],[82.9489,28.8289],[82.9454,28.8273],[82.928,28.8275],[82.9195,28.8313],[82.9068,28.8322],[82.9001,28.8254],[82.8859,28.8269],[82.8815,28.8303],[82.8702,28.834],[82.8659,28.8318],[82.8565,28.8321],[82.8491,28.8269],[82.8447,28.8264],[82.8387,28.8313],[82.8347,28.8301],[82.8191,28.8312],[82.8013,28.8206],[82.7953,28.8198],[82.7834,28.824],[82.7678,28.8085],[82.755,28.8277],[82.7513,28.8304],[82.7437,28.8457],[82.714,28.8514],[82.7066,28.8545],[82.6976,28.8646],[82.6874,28.8613],[82.6756,28.8525],[82.6675,28.8537],[82.6604,28.86],[82.658,28.8666],[82.6505,28.8691],[82.6461,28.8671],[82.6399,28.8599],[82.6387,28.8551],[82.6318,28.8533],[82.6266,28.8467],[82.628,28.8391],[82.6196,28.8285],[82.6156,28.8265],[82.622,28.8111],[82.6073,28.8011],[82.5981,28.7919],[82.5936,28.7915],[82.5882,28.7815],[82.5834,28.7806],[82.5736,28.7738],[82.566,28.7657],[82.5656,28.7586],[82.5689,28.7538],[82.5679,28.7438],[82.5748,28.7409],[82.592,28.7399],[82.5975,28.7437],[82.6033,28.7428],[82.6036,28.7344],[82.6077,28.7148],[82.6173,28.7094],[82.6143,28.6957],[82.6166,28.6887],[82.6042,28.6862],[82.6017,28.6823],[82.6017,28.6703],[82.5886,28.6638],[82.5807,28.6645],[82.5767,28.6585],[82.5663,28.651],[82.5626,28.6464],[82.5556,28.6448],[82.5407,28.6471],[82.5234,28.6593],[82.5147,28.6594],[82.5065,28.6626],[82.5033,28.6676],[82.5004,28.6616],[82.4918,28.6592],[82.4928,28.651],[82.4877,28.6405],[82.508,28.6309],[82.5104,28.6276],[82.5203,28.6244],[82.53,28.6246],[82.542,28.6206],[82.546,28.6265],[82.5512,28.6254],[82.5478,28.6182],[82.5553,28.6154],[82.5631,28.61],[82.5699,28.6095],[82.5825,28.6123],[82.5806,28.6021],[82.5824,28.5981],[82.5829,28.5871],[82.577,28.5795],[82.5688,28.5777],[82.5559,28.5815],[82.5461,28.5729],[82.5375,28.5708],[82.5322,28.5637],[82.531,28.5581],[82.5221,28.5537],[82.5109,28.5511],[82.497,28.5537],[82.4937,28.5483],[82.496,28.5438],[82.4929,28.538],[82.4829,28.5312],[82.4685,28.5254],[82.4652,28.5213],[82.4462,28.5228],[82.4396,28.5256],[82.432,28.5244],[82.4201,28.5286],[82.4177,28.5166],[82.4138,28.5128],[82.4094,28.5036],[82.4136,28.4925],[82.4072,28.4843],[82.4075,28.4781],[82.4023,28.4697],[82.3985,28.4688],[82.3985,28.4619],[82.3933,28.458],[82.3854,28.4559],[82.3757,28.4482],[82.3788,28.4312],[82.3711,28.426],[82.3531,28.4238],[82.3548,28.4113],[82.3629,28.408],[82.3675,28.4024],[82.3647,28.3953],[82.3655,28.3882],[82.377,28.3772],[82.385,28.3735],[82.3847,28.3646],[82.3802,28.3599],[82.3812,28.3516],[82.3679,28.3438],[82.3651,28.3407],[82.3662,28.3297],[82.369,28.3248],[82.3658,28.319],[82.377,28.3162],[82.3793,28.3106],[82.3782,28.3045],[82.3852,28.2919],[82.3971,28.2828],[82.3974,28.2769],[82.4054,28.2621],[82.4152,28.2537],[82.4203,28.2538],[82.4392,28.2465],[82.4293,28.2396],[82.4302,28.231],[82.4215,28.2298],[82.4167,28.2245],[82.409,28.2209],[82.4042,28.2057],[82.4025,28.1924],[82.4051,28.1842],[82.3987,28.1688],[82.3957,28.1761],[82.3986,28.183],[82.3944,28.1892],[82.3806,28.1845],[82.369,28.1897],[82.3559,28.2061],[82.3482,28.2102],[82.3479,28.2162],[82.3394,28.2234],[82.3294,28.2251],[82.3148,28.223],[82.3119,28.2316],[82.3045,28.2322],[82.3032,28.2437],[82.294,28.2467],[82.286,28.2469],[82.2773,28.2483],[82.2586,28.2399],[82.2459,28.2378],[82.235,28.2398],[82.2247,28.2479],[82.2188,28.2494],[82.2142,28.2468],[82.2003,28.2429],[82.1952,28.247],[82.1843,28.2496],[82.1777,28.2489],[82.172,28.2514],[82.1627,28.2416],[82.1558,28.2411],[82.1457,28.237],[82.1447,28.241],[82.1305,28.2535],[82.1197,28.2514],[82.1102,28.2582],[82.1026,28.2589],[82.0955,28.2546],[82.0933,28.249],[82.0831,28.2485],[82.0714,28.2391],[82.0561,28.242],[82.0477,28.2316],[82.0443,28.2303],[82.0384,28.2148],[82.0328,28.214],[82.0254,28.2014],[82.0188,28.2009],[82.0041,28.2109],[81.9946,28.2205],[81.9746,28.2224],[81.9665,28.2357],[81.9651,28.2419],[81.9759,28.2428],[81.9805,28.2497],[81.9861,28.2508],[81.9859,28.2586],[81.9814,28.2598],[81.9722,28.2554],[81.9636,28.2664],[81.9618,28.2755],[81.9557,28.281],[81.9456,28.283],[81.9384,28.2791],[81.9342,28.2693],[81.9422,28.2596],[81.9495,28.2546],[81.9551,28.2472],[81.9536,28.2411],[81.9402,28.2319],[81.9294,28.2324],[81.9231,28.2269],[81.9149,28.2289],[81.9111,28.2321],[81.898,28.2333],[81.8904,28.2367],[81.8847,28.2434],[81.8785,28.239],[81.8656,28.2383],[81.8667,28.2487],[81.8633,28.255],[81.8557,28.2603],[81.8456,28.2717],[81.8307,28.2754],[81.8163,28.2787],[81.8076,28.2824],[81.7999,28.2735],[81.7951,28.2739],[81.794,28.2812],[81.7898,28.2933],[81.7821,28.2951],[81.7692,28.3006],[81.763,28.3091],[81.7556,28.3073],[81.7469,28.3131],[81.7453,28.3189],[81.7481,28.3262],[81.7529,28.3308],[81.7534,28.3436],[81.7596,28.3528],[81.7685,28.37],[81.7606,28.3698],[81.754,28.3742],[81.7314,28.3787],[81.7262,28.383],[81.718,28.3843],[81.7101,28.3911],[81.7038,28.3936],[81.6936,28.4045],[81.6901,28.4104],[81.6852,28.4112],[81.6761,28.4175],[81.6716,28.4132],[81.6606,28.4151],[81.6502,28.4226],[81.6457,28.4294],[81.6334,28.4362],[81.6281,28.4444],[81.6234,28.4456],[81.6136,28.4544],[81.6099,28.4534],[81.602,28.4627],[81.5942,28.4689],[81.5892,28.4689],[81.5845,28.4739],[81.5768,28.4781],[81.5591,28.4949],[81.5548,28.4932],[81.5442,28.495],[81.5412,28.5],[81.5311,28.5095],[81.518,28.5135],[81.5133,28.5247],[81.4991,28.5335],[81.4934,28.5321],[81.4879,28.539],[81.4805,28.5389],[81.476,28.5419],[81.4741,28.5485],[81.4681,28.5531],[81.4615,28.5541],[81.4549,28.5522],[81.4471,28.5542],[81.4364,28.562],[81.4336,28.5752],[81.4261,28.5777],[81.4235,28.5814],[81.4267,28.587],[81.4186,28.5955],[81.4116,28.5955],[81.4021,28.6032],[81.4026,28.6068],[81.3811,28.6122],[81.3643,28.624],[81.3483,28.6245],[81.3388,28.6292],[81.3187,28.6363],[81.3165,28.6438],[81.312,28.651],[81.3183,28.655],[81.3235,28.6634],[81.3229,28.6675],[81.3201,28.6696],[81.3025,28.6737],[81.2928,28.6746],[81.2871,28.6732],[81.2892,28.6634],[81.2894,28.6491],[81.2834,28.6389],[81.2724,28.6295],[81.2705,28.6177],[81.2623,28.6131],[81.2501,28.5938],[81.2334,28.5769],[81.2208,28.5668],[81.2063,28.5584],[81.191,28.5454],[81.1692,28.5232],[81.1645,28.5133],[81.1619,28.5013],[81.1545,28.5018],[81.1498,28.4969],[81.1404,28.4914],[81.1317,28.4821],[81.1228,28.4752],[81.1165,28.4725],[81.1122,28.4626],[81.1095,28.4608],[81.0972,28.4597],[81.0923,28.4568],[81.0876,28.4383],[81.078,28.4323],[81.0673,28.4224],[81.0609,28.4084],[81.0688,28.3995],[81.0691,28.3944],[81.0816,28.3849],[81.0911,28.382],[81.1403,28.3729],[81.168,28.3689],[81.1949,28.3638],[81.2124,28.3605],[81.2152,28.3582],[81.2213,28.3448],[81.2363,28.3246],[81.2345,28.2889],[81.2538,28.266],[81.2822,28.2347],[81.2937,28.2228],[81.3014,28.2198],[81.3224,28.1972],[81.3201,28.1823],[81.3265,28.175],[81.323,28.1687],[81.3062,28.1684],[81.3037,28.1643],[81.3115,28.1606],[81.3124,28.1555],[81.3219,28.1602],[81.3297,28.1482],[81.3201,28.1451],[81.3172,28.1369],[81.3225,28.1337],[81.3362,28.1401],[81.3439,28.1395],[81.3731,28.1423],[81.3785,28.1496],[81.3789,28.1586],[81.3702,28.1609],[81.3687,28.1653],[81.377,28.1769],[81.3917,28.1737],[81.4124,28.1745],[81.4283,28.1706],[81.4477,28.1612],[81.4478,28.1559],[81.4519,28.1506],[81.4517,28.1408],[81.4695,28.1271],[81.4745,28.1255],[81.4858,28.1182],[81.4816,28.11],[81.4802,28.0824],[81.4899,28.0768],[81.5067,28.0688],[81.5395,28.0534],[81.561,28.0421],[81.5772,28.031],[81.5889,28.0245],[81.6004,28.0198],[81.6211,28.0085],[81.6286,28.0016],[81.6453,27.9937],[81.6951,27.9894],[81.7002,27.9881],[81.7589,27.9416],[81.8066,27.9038],[81.823,27.9033],[81.8328,27.8989],[81.8429,27.8904],[81.8679,27.8748],[81.8798,27.8655],[81.8873,27.8569],[81.904,27.8536],[81.928,27.8596],[81.9271,27.8754],[81.9319,27.8825],[81.9399,27.8878],[81.94,27.8936],[81.9496,27.9034],[81.9528,27.9101],[81.9612,27.9163],[81.9636,27.923],[81.9701,27.9288],[81.9931,27.9291],[82.0274,27.925],[82.047,27.9244],[82.0646,27.9216],[82.0692,27.9221],[82.0729,27.9225],[82.0824,27.909],[82.092,27.8993],[82.0933,27.8945],[82.1028,27.886],[82.1159,27.8776],[82.1252,27.8649],[82.1413,27.8598],[82.152,27.8579],[82.1563,27.8659],[82.179,27.8546],[82.2104,27.8428],[82.2324,27.8206],[82.2547,27.81],[82.3058,27.7725],[82.3385,27.7547],[82.3691,27.7425],[82.3841,27.7204],[82.3949,27.7097],[82.4037,27.7026],[82.4148,27.6981],[82.4292,27.6881],[82.439,27.6849],[82.4507,27.6785],[82.4673,27.6769],[82.4751,27.6763],[82.4837,27.6825],[82.492,27.6811],[82.4944,27.684],[82.5022,27.6848],[82.5184,27.6902],[82.5329,27.6864],[82.5431,27.6856],[82.5514,27.6887],[82.5565,27.6883],[82.5638,27.6916],[82.5869,27.6984],[82.5956,27.6968],[82.602,27.704],[82.607,27.7058],[82.6209,27.7022],[82.6295,27.709],[82.6405,27.7089],[82.6572,27.7131],[82.6662,27.7219],[82.6685,27.7155],[82.6826,27.7136],[82.6912,27.7149],[82.7014,27.7217],[82.7039,27.7162],[82.71,27.7217],[82.7072,27.7056],[82.7091,27.6991],[82.7177,27.6916],[82.7202,27.6873],[82.7168,27.6809],[82.7179,27.6724],[82.7151,27.6629],[82.7218,27.6616],[82.7326,27.6521],[82.7306,27.6477],[82.7398,27.6395],[82.7371,27.6358],[82.7392,27.6306],[82.7353,27.618],[82.738,27.6079],[82.7474,27.6001],[82.7469,27.5951],[82.7568,27.5892],[82.753,27.577],[82.7498,27.5711],[82.753,27.5672],[82.7499,27.5626],[82.7455,27.5605],[82.7446,27.5542],[82.7402,27.5506],[82.7462,27.5302],[82.7514,27.5227],[82.7387,27.5179],[82.7377,27.5024],[82.7873,27.5],[82.8039,27.4963],[82.8349,27.5019],[82.851,27.4993],[82.8818,27.4985],[82.8948,27.4996],[82.9153,27.5012],[82.9314,27.501],[82.9415,27.4912],[82.9467,27.4769],[82.9562,27.4678],[82.9628,27.4658],[83.0219,27.4536],[83.0361,27.4487],[83.0715,27.4514],[83.0787,27.4526],[83.1145,27.4543],[83.1665,27.4575],[83.176,27.4556],[83.1899,27.4542],[83.198,27.4459],[83.2125,27.4241],[83.219,27.4177],[83.2282,27.4115],[83.2422,27.4063],[83.2592,27.394],[83.2743,27.3834],[83.2676,27.3654],[83.2748,27.3525],[83.2948,27.3359],[83.3068,27.3312],[83.3142,27.3318],[83.3207,27.3357],[83.3396,27.3326],[83.3467,27.3383],[83.3548,27.3404],[83.3598,27.3499],[83.3657,27.3541],[83.3762,27.3585],[83.3744,27.3636],[83.3768,27.3698],[83.3828,27.3701],[83.3903,27.3761],[83.3867,27.3894],[83.4055,27.4019],[83.4094,27.4149],[83.4076,27.4186],[83.3978,27.4223],[83.3863,27.436],[83.386,27.4422],[83.4007,27.4489],[83.4039,27.4571],[83.4018,27.4634],[83.3927,27.471],[83.3939,27.4776],[83.3908,27.4795],[83.4087,27.4788],[83.4821,27.4753],[83.5195,27.4739],[83.6167,27.4694],[83.6358,27.4609],[83.7109,27.426],[83.7474,27.4091],[83.8141,27.3783],[83.8321,27.3701],[83.8648,27.3465],[83.8735,27.3516],[83.8851,27.356],[83.8927,27.3614],[83.8945,27.3678],[83.8994,27.37],[83.9083,27.3817],[83.9073,27.3895],[83.8985,27.3894],[83.8752,27.3919],[83.8776,27.4057],[83.8733,27.4128],[83.8695,27.4245],[83.8714,27.4295],[83.8822,27.4343],[83.8976,27.4376],[83.8912,27.4433],[83.8892,27.4549],[83.8919,27.4615],[83.8858,27.4638],[83.8886,27.4724],[83.8872,27.4808],[83.8801,27.4847],[83.8768,27.4895],[83.8857,27.4959],[83.8924,27.4986],[83.8998,27.4986],[83.8965,27.5035],[83.8889,27.5083],[83.8829,27.5075],[83.8777,27.5104],[83.8804,27.5201],[83.8848,27.5231],[83.8845,27.5277],[83.8718,27.5416],[83.8605,27.5456],[83.8559,27.5505],[83.8527,27.5588],[83.8491,27.5602],[83.8394,27.5513],[83.8347,27.5596],[83.8337,27.5655],[83.8431,27.574],[83.8382,27.5856],[83.8258,27.5919],[83.8161,27.5891],[83.8083,27.5967],[83.8032,27.596],[83.7926,27.6049],[83.802,27.6123],[83.7993,27.6185],[83.8072,27.6206],[83.8031,27.6292],[83.8118,27.635],[83.809,27.6476],[83.8139,27.6622],[83.8018,27.6653],[83.7862,27.6667],[83.7704,27.6664],[83.7652,27.661],[83.7603,27.6672],[83.749,27.6666],[83.7428,27.6695],[83.7353,27.6691],[83.7272,27.6723],[83.7225,27.6697],[83.7179,27.6632],[83.7079,27.6587],[83.7051,27.662],[83.6973,27.6619],[83.7009,27.6698],[83.7014,27.6761],[83.7065,27.6819],[83.703,27.6881],[83.6918,27.698],[83.692,27.7063],[83.6848,27.718],[83.6937,27.7186],[83.6964,27.7161],[83.7173,27.7151],[83.7253,27.7098],[83.7315,27.7094],[83.7344,27.714],[83.7415,27.7148],[83.7532,27.7208],[83.7584,27.72],[83.778,27.7238],[83.7887,27.7245],[83.7944,27.7217],[83.8035,27.7211],[83.813,27.7141],[83.8231,27.7105],[83.8273,27.7139],[83.8357,27.7138],[83.8483,27.7093],[83.8462,27.7269],[83.844,27.7309],[83.8474,27.7349],[83.8538,27.7331],[83.8712,27.7345],[83.8895,27.732],[83.9152,27.7309],[83.9187,27.7285],[83.9263,27.7267],[83.9303,27.734],[83.947,27.744],[83.9626,27.7481],[83.9731,27.7496],[83.9788,27.7474],[83.988,27.7479],[83.9944,27.7534],[83.9962,27.7663],[84.0001,27.7727],[84.0021,27.7774],[84.0025,27.7885],[84.0072,27.7954],[84.0145,27.801],[84.0172,27.8115],[84.0268,27.818],[84.0287,27.8295],[84.0271,27.8351],[84.0223,27.8407],[84.0246,27.8483],[84.0306,27.8562],[84.0249,27.8609],[84.0194,27.8611],[84.0181,27.8513],[84.0094,27.8544],[84.0023,27.8546],[83.9964,27.8661],[83.983,27.8654],[83.9604,27.8728],[83.9537,27.8693],[83.9473,27.8712],[83.9443,27.8758],[83.9388,27.8774],[83.9278,27.8681],[83.9227,27.8712],[83.9159,27.8709],[83.9158,27.8769],[83.9122,27.8801],[83.9003,27.883],[83.8944,27.8859],[83.8831,27.8822],[83.8823,27.8874],[83.8642,27.8828],[83.8625,27.8742],[83.8538,27.8742],[83.8526,27.8813],[83.8462,27.8781],[83.8494,27.8733],[83.8476,27.8683],[83.8414,27.8685],[83.8222,27.8773],[83.8181,27.874],[83.8097,27.873],[83.8,27.8818],[83.7912,27.8848],[83.7835,27.8961],[83.7771,27.9031],[83.7643,27.9098],[83.7585,27.9092],[83.7592,27.9029],[83.7528,27.9069],[83.7468,27.9078],[83.7448,27.9],[83.737,27.9045],[83.7353,27.9086],[83.725,27.9139],[83.7194,27.9199],[83.7132,27.9164],[83.6978,27.9181],[83.6922,27.9235],[83.6881,27.918],[83.6777,27.9273],[83.6679,27.9196],[83.657,27.9023],[83.6512,27.9022],[83.6468,27.8984],[83.6425,27.9021],[83.6356,27.8997],[83.6335,27.91],[83.6345,27.9146],[83.6244,27.9162],[83.6288,27.9246],[83.6218,27.9267],[83.6189,27.9304],[83.6128,27.925],[83.6017,27.9235],[83.595,27.931],[83.5766,27.9301],[83.5784,27.937],[83.573,27.9429],[83.5666,27.9341],[83.5619,27.9347],[83.5548,27.9294],[83.5405,27.9276],[83.5375,27.938],[83.532,27.9378],[83.5326,27.9319],[83.5297,27.9281],[83.5251,27.9291],[83.5181,27.9374],[83.5111,27.9406],[83.5054,27.9379],[83.5108,27.9309],[83.5033,27.9269],[83.4916,27.9285],[83.4859,27.9225],[83.4695,27.9285],[83.4625,27.9342],[83.455,27.9327],[83.4501,27.9285],[83.4427,27.9353],[83.4473,27.9386],[83.4461,27.9452],[83.4579,27.9496],[83.4644,27.9546],[83.4682,27.9634],[83.4759,27.9725],[83.483,27.9803],[83.4874,27.9819],[83.4951,27.978],[83.5022,27.9768],[83.5113,27.9683],[83.5248,27.9638],[83.5331,27.9646],[83.5364,27.9684],[83.5483,27.9712],[83.552,27.9766],[83.5625,27.9737],[83.5705,27.9758],[83.5788,27.9741],[83.5821,27.9795],[83.5872,27.9787],[83.586,27.9869],[83.5954,27.9893],[83.6053,27.9971],[83.6069,28.0119],[83.6008,28.015],[83.5988,28.0201],[83.5926,28.0251],[83.5863,28.0259],[83.58,28.0339],[83.5759,28.0323],[83.5636,28.0356],[83.5657,28.041],[83.5612,28.0434],[83.566,28.0579],[83.5632,28.063],[83.5706,28.0658],[83.5736,28.0724],[83.5827,28.0773],[83.5787,28.0811],[83.5777,28.0869],[83.5692,28.0896],[83.5642,28.0943],[83.5671,28.1006],[83.5571,28.1066],[83.5566,28.1156],[83.5463,28.1207],[83.5343,28.1165],[83.5268,28.1207],[83.5177,28.1221],[83.5124,28.1268],[83.5078,28.1258],[83.5011,28.1171],[83.495,28.115],[83.4877,28.1132],[83.4858,28.1162],[83.4761,28.1189],[83.4803,28.13],[83.4757,28.1322],[83.4646,28.1298],[83.4582,28.1316],[83.4532,28.1263],[83.4473,28.1249],[83.4408,28.1308],[83.4286,28.1258],[83.4222,28.128],[83.4205,28.1364],[83.4156,28.1376],[83.4133,28.1439],[83.4024,28.1503],[83.3968,28.1557],[83.3919,28.1674],[83.3864,28.1636]]]},"properties":{"ADM1_PCODE":"NP05","ADM1_EN":"5"}},
{"type":"Feature","geometry":{"type":"Polygon","coordinates":[[[82.6976,28.8646],[82.7066,28.8545],[82.714,28.8514],[82.7437,28.8457],[82.7513,28.8304],[82.755,28.8277],[82.7678,28.8085],[82.7834,28.824],[82.7953,28.8198],[82.8013,28.8206],[82.8191,28.8312],[82.8347,28.8301],[82.8387,28.8313],[82.8447,28.8264],[82.8491,28.8269],[82.8565,28.8321],[82.8659,28.8318],[82.8702,28.834],[82.8815,28.8303],[82.8859,28.8269],[82.9001,28.8254],[82.9068,28.8322],[82.9195,28.8313],[82.928,28.8275],[82.9454,28.8273],[82.9489,28.8289],[82.9528,28.8236],[82.9619,28.8198],[82.9677,28.8203],[82.9777,28.8035],[82.9834,28.8005],[82.9993,28.8038],[83.0077,28.7994],[83.0143,28.7989],[83.0221,28.7922],[83.0381,28.7927],[83.0476,28.7864],[83.0599,28.7857],[83.0672,28.7837],[83.0711,28.7802],[83.0776,28.7851],[83.1002,28.7665],[83.1043,28.7599],[83.1045,28.7535],[83.1145,28.7467],[83.117,28.7431],[83.1343,28.7479],[83.1474,28.747],[83.1479,28.7471],[83.1561,28.7477],[83.169,28.745],[83.1882,28.7435],[83.2084,28.7325],[83.2119,28.7319],[83.2202,28.7351],[83.2245,28.7401],[83.2313,28.7428],[83.2392,28.7395],[83.2414,28.7348],[83.2614,28.7261],[83.2726,28.7251],[83.2789,28.7218],[83.284,28.7256],[83.3005,28.7318],[83.3103,28.7325],[83.3144,28.7353],[83.3333,28.7381],[83.3583,28.7336],[83.364,28.734],[83.3764,28.7444],[83.3797,28.7539],[83.3854,28.7564],[83.3905,28.763],[83.4023,28.7607],[83.4125,28.7605],[83.429,28.7662],[83.4436,28.7695],[83.4481,28.7688],[83.4559,28.7721],[83.4632,28.78],[83.4855,28.7828],[83.489,28.7906],[83.4901,28.8008],[83.4872,28.8121],[83.4821,28.8171],[83.4817,28.8241],[83.4853,28.8335],[83.4827,28.836],[83.4837,28.8446],[83.4946,28.8462],[83.5,28.8425],[83.5039,28.8461],[83.5041,28.8516],[83.5084,28.8576],[83.5079,28.8658],[83.5015,28.8771],[83.5089,28.8852],[83.5173,28.8899],[83.5293,28.9034],[83.5307,28.9086],[83.5419,28.9149],[83.5515,28.9268],[83.5586,28.9337],[83.5593,28.9424],[83.5636,28.9452],[83.569,28.9433],[83.5769,28.9538],[83.581,28.955],[83.5847,28.9612],[83.5837,28.9649],[83.5892,28.9712],[83.5887,28.9758],[83.5941,28.9836],[83.6006,28.9857],[83.6063,28.9803],[83.6111,28.9802],[83.6171,28.9876],[83.6165,28.9979],[83.619,29.0061],[83.6143,29.015],[83.6186,29.0185],[83.6147,29.036],[83.6199,29.0437],[83.6202,29.0551],[83.6225,29.0604],[83.6331,29.0624],[83.6316,29.0715],[83.6331,29.0801],[83.6255,29.0882],[83.6171,29.0943],[83.6227,29.0978],[83.6308,29.1065],[83.6384,29.1073],[83.6483,29.1041],[83.6546,29.1092],[83.6537,29.1195],[83.6646,29.1247],[83.6697,29.1233],[83.6809,29.125],[83.6818,29.1305],[83.677,29.137],[83.6785,29.1472],[83.6748,29.1524],[83.6654,29.1557],[83.6642,29.1651],[83.6678,29.1688],[83.6595,29.1761],[83.6459,29.1629],[83.6355,29.1584],[83.6249,29.1683],[83.6168,29.1713],[83.6129,29.1804],[83.5982,29.1749],[83.5907,29.1745],[83.5806,29.1788],[83.5781,29.1874],[83.572,29.1904],[83.5715,29.1967],[83.5741,29.2025],[83.5653,29.206],[83.5576,29.204],[83.5545,29.2001],[83.5381,29.2038],[83.5321,29.2096],[83.5325,29.2133],[83.5249,29.2167],[83.5196,29.2214],[83.5185,29.2314],[83.5235,29.2353],[83.5198,29.2405],[83.5162,29.2538],[83.4933,29.2653],[83.4956,29.2729],[83.4897,29.276],[83.4898,29.2797],[83.4808,29.281],[83.4728,29.2738],[83.4646,29.2768],[83.462,29.2861],[83.4532,29.2932],[83.4536,29.297],[83.4457,29.2998],[83.4458,29.3069],[83.4402,29.3091],[83.4414,29.3169],[83.4454,29.3211],[83.4486,29.3291],[83.4449,29.3349],[83.447,29.3404],[83.439,29.3505],[83.4307,29.3498],[83.4246,29.3566],[83.4172,29.359],[83.4189,29.3649],[83.4152,29.3671],[83.4175,29.376],[83.4139,29.3803],[83.4231,29.3833],[83.4257,29.3869],[83.4225,29.3974],[83.4282,29.4026],[83.4182,29.4101],[83.4167,29.4202],[83.4067,29.4224],[83.3989,29.4215],[83.3822,29.4235],[83.3735,29.4285],[83.3728,29.4343],[83.3666,29.4393],[83.364,29.4518],[83.3556,29.4516],[83.3537,29.4587],[83.3444,29.4658],[83.3442,29.4748],[83.3497,29.4785],[83.35,29.4847],[83.3474,29.4943],[83.3341,29.5],[83.3314,29.5036],[83.3224,29.5046],[83.3179,29.5089],[83.3118,29.503],[83.3044,29.4997],[83.2954,29.5043],[83.2841,29.4987],[83.2768,29.503],[83.2687,29.5134],[83.2708,29.5221],[83.2673,29.5258],[83.2659,29.5329],[83.2581,29.5391],[83.2562,29.5446],[83.2608,29.5511],[83.2692,29.5567],[83.2761,29.5545],[83.286,29.5629],[83.28,29.5689],[83.2697,29.5695],[83.264,29.5732],[83.2629,29.5776],[83.2486,29.5767],[83.234,29.5778],[83.233,29.5803],[83.2165,29.5893],[83.22,29.6055],[83.2051,29.6074],[83.1988,29.6111],[83.1883,29.6056],[83.1904,29.5975],[83.1774,29.5923],[83.1706,29.5956],[83.166,29.5943],[83.161,29.5981],[83.1672,29.6157],[83.1517,29.6238],[83.144,29.6248],[83.1377,29.6225],[83.1334,29.6179],[83.1223,29.6285],[83.1189,29.6248],[83.1185,29.6164],[83.1074,29.6184],[83.1033,29.6144],[83.0917,29.6115],[83.0935,29.6059],[83.0883,29.6027],[83.084,29.6064],[83.0714,29.6099],[83.0677,29.6259],[83.0566,29.6267],[83.0454,29.6308],[83.0394,29.6495],[83.0355,29.6542],[83.0259,29.6503],[83.0231,29.6575],[83.016,29.6605],[83.0158,29.6649],[83.0102,29.6725],[83.0025,29.6646],[82.9937,29.6634],[82.9883,29.6682],[82.9775,29.6674],[82.967,29.6625],[82.9592,29.6623],[82.9496,29.6686],[82.9488,29.6732],[82.9429,29.6741],[82.9504,29.6916],[82.945,29.6948],[82.9364,29.7045],[82.9287,29.7006],[82.9215,29.706],[82.9169,29.7064],[82.9104,29.7004],[82.9001,29.7026],[82.8899,29.6997],[82.8882,29.6927],[82.8792,29.6921],[82.8703,29.6863],[82.8627,29.6846],[82.8406,29.6918],[82.8291,29.6898],[82.8206,29.6962],[82.8169,29.7056],[82.8223,29.7108],[82.8232,29.7161],[82.8199,29.7211],[82.808,29.7214],[82.7996,29.719],[82.784,29.7256],[82.7649,29.7312],[82.7682,29.7338],[82.7687,29.7424],[82.7639,29.7499],[82.759,29.7621],[82.7467,29.7695],[82.726,29.7705],[82.7208,29.7661],[82.7129,29.7689],[82.7092,29.7651],[82.6997,29.7617],[82.6918,29.7635],[82.6884,29.7735],[82.6981,29.7818],[82.6961,29.7912],[82.703,29.7948],[82.708,29.7925],[82.715,29.7944],[82.7219,29.8002],[82.7309,29.8037],[82.7324,29.8088],[82.7393,29.8145],[82.7348,29.8176],[82.7265,29.8375],[82.7125,29.8388],[82.7059,29.8453],[82.7025,29.8531],[82.6992,29.8553],[82.6884,29.8521],[82.6861,29.8469],[82.6503,29.8382],[82.6411,29.8339],[82.6219,29.8381],[82.6237,29.8473],[82.6339,29.85],[82.633,29.8559],[82.6425,29.8629],[82.6444,29.8701],[82.6397,29.8749],[82.6326,29.8777],[82.6224,29.8791],[82.6105,29.8845],[82.6043,29.8891],[82.6036,29.8928],[82.592,29.909],[82.5867,29.9213],[82.5818,29.9215],[82.5686,29.9325],[82.5654,29.9433],[82.565,29.9552],[82.5312,29.971],[82.525,29.9618],[82.517,29.953],[82.5103,29.949],[82.4995,29.9474],[82.4903,29.9533],[82.4758,29.9653],[82.4781,29.9737],[82.4637,29.9808],[82.456,29.9794],[82.4457,29.9855],[82.4341,29.989],[82.4256,29.9958],[82.4227,30.0042],[82.4106,30.011],[82.4085,30.0152],[82.4029,30.0161],[82.3998,30.0226],[82.3948,30.0246],[82.3892,30.0205],[82.3832,30.0274],[82.3778,30.0264],[82.3776,30.0168],[82.3649,30.0104],[82.3638,30.0174],[82.3567,30.0257],[82.3517,30.0248],[82.3462,30.0299],[82.3455,30.0368],[82.3397,30.0411],[82.336,30.0469],[82.3226,30.0495],[82.3205,30.0435],[82.313,30.0379],[82.307,30.0375],[82.2914,30.0433],[82.2871,30.0473],[82.2849,30.0596],[82.2806,30.0628],[82.2678,30.0621],[82.2606,30.0651],[82.2512,30.0745],[82.246,30.0754],[82.2352,30.0694],[82.2333,30.065],[82.2208,30.0684],[82.2131,30.0662],[82.2014,30.0668],[82.19,30.0697],[82.1738,30.0652],[82.1681,30.0761],[82.1704,30.086],[82.179,30.089],[82.1835,30.0967],[82.1809,30.1002],[82.1868,30.1104],[82.1787,30.1223],[82.18,30.1272],[82.1888,30.1338],[82.1992,30.1368],[82.1999,30.1433],[82.2074,30.1539],[82.1941,30.1601],[82.1843,30.1607],[82.1837,30.1663],[82.1873,30.1697],[82.1882,30.1763],[82.1861,30.1811],[82.1889,30.1859],[82.1863,30.1909],[82.1808,30.1925],[82.1606,30.1893],[82.1541,30.1942],[82.1437,30.1976],[82.1416,30.2024],[82.1345,30.207],[82.133,30.2146],[82.1353,30.2181],[82.1284,30.2263],[82.1146,30.2249],[82.1003,30.2393],[82.1071,30.2449],[82.109,30.2546],[82.119,30.2576],[82.1173,30.2642],[82.1191,30.2693],[82.1121,30.2758],[82.1183,30.2861],[82.118,30.2938],[82.1273,30.3019],[82.1219,30.319],[82.1206,30.3269],[82.1158,30.3291],[82.1122,30.3388],[82.1132,30.3436],[82.1068,30.3496],[82.0985,30.3497],[82.0836,30.3599],[82.0753,30.3587],[82.0678,30.3554],[82.0672,30.3473],[82.0615,30.3447],[82.0579,30.3336],[82.0433,30.3409],[82.0324,30.3377],[82.0231,30.3445],[82.0133,30.3427],[82.0138,30.33],[82.0059,30.3282],[82,30.3207],[81.9892,30.3211],[81.9842,30.3294],[81.9759,30.3308],[81.9711,30.3379],[81.9588,30.3411],[81.9644,30.3471],[81.9618,30.3533],[81.9574,30.3536],[81.9512,30.359],[81.948,30.3572],[81.9465,30.3496],[81.941,30.3475],[81.918,30.35],[81.9114,30.3537],[81.9061,30.3533],[81.8939,30.3575],[81.8903,30.3609],[81.884,30.3608],[81.8806,30.3652],[81.8806,30.3685],[81.8696,30.3773],[81.8557,30.3794],[81.8473,30.374],[81.842,30.3766],[81.8276,30.3752],[81.822,30.3779],[81.8168,30.3839],[81.8106,30.3873],[81.8061,30.3863],[81.7926,30.389],[81.7847,30.3855],[81.7759,30.3844],[81.764,30.3891],[81.753,30.3888],[81.7465,30.3931],[81.741,30.3935],[81.7335,30.3983],[81.7311,30.4092],[81.7261,30.4119],[81.7162,30.4118],[81.7084,30.4171],[81.6911,30.4255],[81.6741,30.4276],[81.6573,30.4341],[81.6484,30.4398],[81.6414,30.4405],[81.6363,30.4449],[81.622,30.4473],[81.6192,30.4423],[81.6238,30.4257],[81.6136,30.4144],[81.6086,30.4122],[81.5893,30.4178],[81.5833,30.4238],[81.5665,30.4299],[81.5604,30.4237],[81.5596,30.416],[81.5614,30.4078],[81.5538,30.4057],[81.5524,30.4013],[81.5515,30.3847],[81.5527,30.3784],[81.5574,30.3741],[81.5529,30.37],[81.5483,30.3722],[81.5351,30.3718],[81.5141,30.3796],[81.4985,30.3824],[81.4896,30.3821],[81.4775,30.3892],[81.4732,30.3993],[81.4673,30.4045],[81.4572,30.4069],[81.4538,30.4117],[81.441,30.4186],[81.4377,30.4131],[81.4295,30.422],[81.4156,30.4204],[81.4101,30.4213],[81.4084,30.414],[81.4047,30.4104],[81.4067,30.4049],[81.4032,30.3957],[81.4137,30.3937],[81.4225,30.3854],[81.431,30.3831],[81.4244,30.3763],[81.4219,30.3706],[81.4139,30.372],[81.3992,30.3707],[81.4014,30.3574],[81.4076,30.3538],[81.4043,30.3437],[81.4075,30.3365],[81.4009,30.3291],[81.3984,30.3232],[81.4072,30.3162],[81.4165,30.3165],[81.4251,30.3051],[81.4187,30.3026],[81.4121,30.2951],[81.4038,30.2933],[81.4053,30.2862],[81.4036,30.2819],[81.417,30.2842],[81.4169,30.2752],[81.4105,30.2616],[81.397,30.2514],[81.3982,30.2418],[81.3921,30.2337],[81.3987,30.2184],[81.3982,30.209],[81.3759,30.1963],[81.372,30.1866],[81.3608,30.1829],[81.3524,30.1781],[81.343,30.1668],[81.3359,30.1604],[81.3339,30.1533],[81.3185,30.152],[81.3113,30.1568],[81.3112,30.1608],[81.2926,30.1577],[81.2893,30.1552],[81.276,30.1546],[81.2598,30.1513],[81.2589,30.1438],[81.2662,30.1362],[81.2741,30.1334],[81.2805,30.1247],[81.2843,30.123],[81.2864,30.1165],[81.2922,30.1123],[81.287,30.1052],[81.291,30.0948],[81.2889,30.0883],[81.2907,30.0833],[81.2877,30.0785],[81.2892,30.0698],[81.2815,30.0661],[81.2732,30.0515],[81.2737,30.0453],[81.2834,30.0433],[81.2864,30.0376],[81.308,30.0311],[81.3168,30.0323],[81.3202,30.0257],[81.3335,30.0241],[81.3482,30.0188],[81.3588,30.0106],[81.3699,30.011],[81.3837,30.0072],[81.3857,30.0136],[81.392,30.0169],[81.4066,30.0197],[81.4144,30.0186],[81.4205,30.0131],[81.432,30.0076],[81.442,30.007],[81.4463,30.003],[81.4563,30.0024],[81.4649,29.9956],[81.4625,29.9869],[81.4718,29.9751],[81.4705,29.9637],[81.4545,29.9512],[81.4604,29.9426],[81.4566,29.9348],[81.462,29.9297],[81.4618,29.9176],[81.4634,29.9133],[81.4598,29.9077],[81.4586,29.9005],[81.4725,29.8898],[81.4847,29.8916],[81.4945,29.8872],[81.5074,29.8944],[81.5185,29.904],[81.5139,29.9167],[81.5183,29.9224],[81.5301,29.9241],[81.5367,29.9276],[81.544,29.9271],[81.552,29.9235],[81.5614,29.9261],[81.572,29.9335],[81.5886,29.936],[81.5931,29.9306],[81.6044,29.9302],[81.6078,29.9372],[81.6147,29.9432],[81.6192,29.9391],[81.6284,29.9384],[81.6362,29.9408],[81.6388,29.9448],[81.6481,29.948],[81.6535,29.9436],[81.6672,29.9403],[81.6725,29.9407],[81.6892,29.9493],[81.6986,29.9427],[81.7008,29.9387],[81.6993,29.9315],[81.7117,29.9264],[81.7126,29.9143],[81.718,29.9094],[81.7287,29.9123],[81.7358,29.9078],[81.7558,29.9084],[81.7636,29.9124],[81.7712,29.9095],[81.7818,29.9111],[81.7874,29.9104],[81.801,29.9017],[81.7982,29.8904],[81.7985,29.8669],[81.7934,29.8533],[81.794,29.8465],[81.7826,29.8393],[81.785,29.8364],[81.7846,29.8222],[81.781,29.8144],[81.7822,29.8071],[81.7755,29.7981],[81.7663,29.8018],[81.76,29.7974],[81.7531,29.798],[81.7416,29.7925],[81.7373,29.7754],[81.732,29.7692],[81.7345,29.7589],[81.7298,29.7508],[81.7301,29.7416],[81.7283,29.7332],[81.7168,29.7239],[81.7105,29.7003],[81.7043,29.6873],[81.6991,29.6804],[81.7015,29.6612],[81.7037,29.6566],[81.7054,29.6447],[81.7047,29.6372],[81.7113,29.6323],[81.7122,29.6263],[81.7221,29.6167],[81.7298,29.615],[81.7404,29.6062],[81.7523,29.6049],[81.7573,29.606],[81.7756,29.6058],[81.7797,29.5997],[81.7915,29.5966],[81.7917,29.5897],[81.8004,29.576],[81.8008,29.5592],[81.7994,29.5521],[81.7954,29.5478],[81.792,29.5377],[81.7948,29.5312],[81.7875,29.5284],[81.7791,29.5157],[81.7823,29.5113],[81.7767,29.508],[81.771,29.5093],[81.7643,29.5053],[81.7819,29.5011],[81.7847,29.5023],[81.7972,29.4881],[81.8054,29.4756],[81.8088,29.4665],[81.8096,29.4539],[81.805,29.4473],[81.8072,29.4393],[81.8008,29.4291],[81.7986,29.4146],[81.7996,29.4074],[81.7963,29.3994],[81.7923,29.396],[81.7912,29.389],[81.7786,29.3913],[81.7687,29.3904],[81.76,29.3823],[81.7583,29.3756],[81.7515,29.3665],[81.751,29.3622],[81.7543,29.3524],[81.7482,29.3421],[81.7415,29.3339],[81.7317,29.3352],[81.7242,29.3324],[81.705,29.3306],[81.6957,29.3254],[81.6927,29.3205],[81.6801,29.3214],[81.6741,29.318],[81.6502,29.3211],[81.6483,29.328],[81.6439,29.3337],[81.6458,29.3434],[81.6459,29.3543],[81.6405,29.3563],[81.6401,29.3615],[81.6283,29.3684],[81.6193,29.3706],[81.6017,29.3656],[81.583,29.3645],[81.575,29.3607],[81.5723,29.3497],[81.5626,29.3517],[81.5602,29.3579],[81.5522,29.3495],[81.55,29.3393],[81.5422,29.3322],[81.5307,29.3261],[81.5257,29.3151],[81.5181,29.3124],[81.5097,29.3146],[81.5056,29.3032],[81.5018,29.2973],[81.4925,29.2906],[81.4856,29.2796],[81.4698,29.2718],[81.4797,29.264],[81.4888,29.2633],[81.4965,29.2571],[81.495,29.2522],[81.5,29.2388],[81.4883,29.2254],[81.4875,29.2108],[81.484,29.2012],[81.4865,29.1927],[81.4918,29.1866],[81.4891,29.1729],[81.497,29.1688],[81.4971,29.1599],[81.5009,29.1517],[81.514,29.1513],[81.5201,29.1536],[81.5264,29.1527],[81.5351,29.1465],[81.5362,29.1376],[81.5542,29.1285],[81.5673,29.1261],[81.5553,29.1211],[81.5376,29.1064],[81.5265,29.1047],[81.5191,29.096],[81.5117,29.0907],[81.5013,29.0907],[81.4849,29.0831],[81.4706,29.0775],[81.4696,29.0687],[81.4611,29.0646],[81.4459,29.0537],[81.4447,29.0469],[81.4405,29.0393],[81.4342,29.0371],[81.4293,29.0258],[81.4208,29.0224],[81.4171,29.0171],[81.4179,29.0092],[81.4208,29.0042],[81.4163,28.9949],[81.4265,28.9807],[81.4244,28.9712],[81.4327,28.9584],[81.4466,28.9558],[81.4456,28.9417],[81.452,28.9396],[81.4577,28.931],[81.4683,28.9288],[81.4753,28.9169],[81.4797,28.9119],[81.4846,28.9034],[81.4934,28.8941],[81.4995,28.8903],[81.5101,28.8901],[81.5119,28.8838],[81.5183,28.8729],[81.5245,28.8684],[81.5298,28.8592],[81.5335,28.8563],[81.5396,28.8426],[81.5398,28.836],[81.5455,28.8301],[81.5534,28.8161],[81.5587,28.7975],[81.568,28.7913],[81.582,28.7789],[81.5838,28.765],[81.58,28.7554],[81.5667,28.7538],[81.5483,28.749],[81.5241,28.7482],[81.5228,28.7516],[81.5305,28.7551],[81.5368,28.761],[81.5303,28.7737],[81.5215,28.7763],[81.5172,28.7803],[81.5177,28.786],[81.5204,28.796],[81.525,28.7996],[81.5197,28.8069],[81.5098,28.811],[81.5,28.8212],[81.4957,28.8331],[81.4898,28.8423],[81.484,28.8426],[81.4742,28.8498],[81.4646,28.8539],[81.469,28.8626],[81.464,28.8751],[81.4646,28.8812],[81.4687,28.8873],[81.4651,28.8946],[81.4593,28.8952],[81.442,28.9006],[81.4326,28.9107],[81.428,28.9091],[81.4153,28.9139],[81.405,28.9089],[81.3976,28.9088],[81.3779,28.8936],[81.3713,28.8914],[81.3542,28.8898],[81.3494,28.8901],[81.3407,28.8956],[81.3389,28.9052],[81.336,28.9082],[81.3259,28.908],[81.3174,28.9203],[81.311,28.9203],[81.3049,28.9253],[81.299,28.9246],[81.2852,28.9215],[81.2775,28.9162],[81.2736,28.9066],[81.2646,28.9023],[81.2534,28.9136],[81.2457,28.9151],[81.2384,28.9059],[81.2198,28.9062],[81.2059,28.908],[81.1959,28.9162],[81.1854,28.915],[81.1705,28.9214],[81.1571,28.9336],[81.1485,28.9382],[81.1434,28.9457],[81.1364,28.9471],[81.129,28.9566],[81.1224,28.9625],[81.1142,28.9657],[81.1055,28.9656],[81.0983,28.9643],[81.0907,28.9678],[81.0826,28.9676],[81.0661,28.9703],[81.0499,28.9779],[81.0442,28.9705],[81.031,28.9638],[81.0262,28.9561],[81.0206,28.9521],[81.0093,28.9575],[81.0003,28.9549],[80.9942,28.9479],[80.984,28.9414],[80.9827,28.9387],[80.9989,28.9291],[81.0079,28.9278],[81.0233,28.9194],[81.0276,28.9115],[81.0321,28.908],[81.0357,28.8984],[81.0422,28.8886],[81.0492,28.8839],[81.0532,28.8768],[81.0593,28.8735],[81.0684,28.8772],[81.0756,28.8751],[81.0737,28.8664],[81.0764,28.8637],[81.0909,28.8628],[81.0944,28.856],[81.1035,28.8452],[81.1141,28.8497],[81.1272,28.8513],[81.1287,28.8617],[81.137,28.8711],[81.1423,28.8731],[81.1467,28.8709],[81.1468,28.8624],[81.1509,28.8526],[81.1594,28.8438],[81.1544,28.8309],[81.1581,28.8285],[81.168,28.8351],[81.1758,28.8349],[81.1835,28.825],[81.2068,28.8174],[81.2093,28.8223],[81.2069,28.8271],[81.1969,28.833],[81.2017,28.8515],[81.202,28.8626],[81.2096,28.8603],[81.2076,28.8508],[81.2125,28.8449],[81.226,28.8388],[81.2355,28.8294],[81.2314,28.8259],[81.2327,28.8155],[81.244,28.8103],[81.2408,28.803],[81.2278,28.797],[81.2295,28.7911],[81.2347,28.7857],[81.2474,28.7819],[81.2525,28.7704],[81.2487,28.7616],[81.2528,28.7547],[81.2613,28.7501],[81.2617,28.7412],[81.2578,28.7299],[81.274,28.7273],[81.275,28.7176],[81.2688,28.7062],[81.2821,28.6963],[81.2861,28.6825],[81.2871,28.6732],[81.2928,28.6746],[81.3025,28.6737],[81.3201,28.6696],[81.3229,28.6675],[81.3235,28.6634],[81.3183,28.655],[81.312,28.651],[81.3165,28.6438],[81.3187,28.6363],[81.3388,28.6292],[81.3483,28.6245],[81.3643,28.624],[81.3811,28.6122],[81.4026,28.6068],[81.4021,28.6032],[81.4116,28.5955],[81.4186,28.5955],[81.4267,28.587],[81.4235,28.5814],[81.4261,28.5777],[81.4336,28.5752],[81.4364,28.562],[81.4471,28.5542],[81.4549,28.5522],[81.4615,28.5541],[81.4681,28.5531],[81.4741,28.5485],[81.476,28.5419],[81.4805,28.5389],[81.4879,28.539],[81.4934,28.5321],[81.4991,28.5335],[81.5133,28.5247],[81.518,28.5135],[81.5311,28.5095],[81.5412,28.5],[81.5442,28.495],[81.5548,28.4932],[81.5591,28.4949],[81.5768,28.4781],[81.5845,28.4739],[81.5892,28.4689],[81.5942,28.4689],[81.602,28.4627],[81.6099,28.4534],[81.6136,28.4544],[81.6234,28.4456],[81.6281,28.4444],[81.6334,28.4362],[81.6457,28.4294],[81.6502,28.4226],[81.6606,28.4151],[81.6716,28.4132],[81.6761,28.4175],[81.6852,28.4112],[81.6901,28.4104],[81.6936,28.4045],[81.7038,28.3936],[81.7101,28.3911],[81.718,28.3843],[81.7262,28.383],[81.7314,28.3787],[81.754,28.3742],[81.7606,28.3698],[81.7685,28.37],[81.7596,28.3528],[81.7534,28.3436],[81.7529,28.3308],[81.7481,28.3262],[81.7453,28.3189],[81.7469,28.3131],[81.7556,28.3073],[81.763,28.3091],[81.7692,28.3006],[81.7821,28.2951],[81.7898,28.2933],[81.794,28.2812],[81.7951,28.2739],[81.7999,28.2735],[81.8076,28.2824],[81.8163,28.2787],[81.8307,28.2754],[81.8456,28.2717],[81.8557,28.2603],[81.8633,28.255],[81.8667,28.2487],[81.8656,28.2383],[81.8785,28.239],[81.8847,28.2434],[81.8904,28.2367],[81.898,28.2333],[81.9111,28.2321],[81.9149,28.2289],[81.9231,28.2269],[81.9294,28.2324],[81.9402,28.2319],[81.9536,28.2411],[81.9551,28.2472],[81.9495,28.2546],[81.9422,28.2596],[81.9342,28.2693],[81.9384,28.2791],[81.9456,28.283],[81.9557,28.281],[81.9618,28.2755],[81.9636,28.2664],[81.9722,28.2554],[81.9814,28.2598],[81.9859,28.2586],[81.9861,28.2508],[81.9805,28.2497],[81.9759,28.2428],[81.9651,28.2419],[81.9665,28.2357],[81.9746,28.2224],[81.9946,28.2205],[82.0041,28.2109],[82.0188,28.2009],[82.0254,28.2014],[82.0328,28.214],[82.0384,28.2148],[82.0443,28.2303],[82.0477,28.2316],[82.0561,28.242],[82.0714,28.2391],[82.0831,28.2485],[82.0933,28.249],[82.0955,28.2546],[82.1026,28.2589],[82.1102,28.2582],[82.1197,28.2514],[82.1305,28.2535],[82.1447,28.241],[82.1457,28.237],[82.1558,28.2411],[82.1627,28.2416],[82.172,28.2514],[82.1777,28.2489],[82.1843,28.2496],[82.1952,28.247],[82.2003,28.2429],[82.2142,28.2468],[82.2188,28.2494],[82.2247,28.2479],[82.235,28.2398],[82.2459,28.2378],[82.2586,28.2399],[82.2773,28.2483],[82.286,28.2469],[82.294,28.2467],[82.3032,28.2437],[82.3045,28.2322],[82.3119,28.2316],[82.3148,28.223],[82.3294,28.2251],[82.3394,28.2234],[82.3479,28.2162],[82.3482,28.2102],[82.3559,28.2061],[82.369,28.1897],[82.3806,28.1845],[82.3944,28.1892],[82.3986,28.183],[82.3957,28.1761],[82.3987,28.1688],[82.4051,28.1842],[82.4025,28.1924],[82.4042,28.2057],[82.409,28.2209],[82.4167,28.2245],[82.4215,28.2298],[82.4302,28.231],[82.4293,28.2396],[82.4392,28.2465],[82.4203,28.2538],[82.4152,28.2537],[82.4054,28.2621],[82.3974,28.2769],[82.3971,28.2828],[82.3852,28.2919],[82.3782,28.3045],[82.3793,28.3106],[82.377,28.3162],[82.3658,28.319],[82.369,28.3248],[82.3662,28.3297],[82.3651,28.3407],[82.3679,28.3438],[82.3812,28.3516],[82.3802,28.3599],[82.3847,28.3646],[82.385,28.3735],[82.377,28.3772],[82.3655,28.3882],[82.3647,28.3953],[82.3675,28.4024],[82.3629,28.408],[82.3548,28.4113],[82.3531,28.4238],[82.3711,28.426],[82.3788,28.4312],[82.3757,28.4482],[82.3854,28.4559],[82.3933,28.458],[82.3985,28.4619],[82.3985,28.4688],[82.4023,28.4697],[82.4075,28.4781],[82.4072,28.4843],[82.4136,28.4925],[82.4094,28.5036],[82.4138,28.5128],[82.4177,28.5166],[82.4201,28.5286],[82.432,28.5244],[82.4396,28.5256],[82.4462,28.5228],[82.4652,28.5213],[82.4685,28.5254],[82.4829,28.5312],[82.4929,28.538],[82.496,28.5438],[82.4937,28.5483],[82.497,28.5537],[82.5109,28.5511],[82.5221,28.5537],[82.531,28.5581],[82.5322,28.5637],[82.5375,28.5708],[82.5461,28.5729],[82.5559,28.5815],[82.5688,28.5777],[82.577,28.5795],[82.5829,28.5871],[82.5824,28.5981],[82.5806,28.6021],[82.5825,28.6123],[82.5699,28.6095],[82.5631,28.61],[82.5553,28.6154],[82.5478,28.6182],[82.5512,28.6254],[82.546,28.6265],[82.542,28.6206],[82.53,28.6246],[82.5203,28.6244],[82.5104,28.6276],[82.508,28.6309],[82.4877,28.6405],[82.4928,28.651],[82.4918,28.6592],[82.5004,28.6616],[82.5033,28.6676],[82.5065,28.6626],[82.5147,28.6594],[82.5234,28.6593],[82.5407,28.6471],[82.5556,28.6448],[82.5626,28.6464],[82.5663,28.651],[82.5767,28.6585],[82.5807,28.6645],[82.5886,28.6638],[82.6017,28.6703],[82.6017,28.6823],[82.6042,28.6862],[82.6166,28.6887],[82.6143,28.6957],[82.6173,28.7094],[82.6077,28.7148],[82.6036,28.7344],[82.6033,28.7428],[82.5975,28.7437],[82.592,28.7399],[82.5748,28.7409],[82.5679,28.7438],[82.5689,28.7538],[82.5656,28.7586],[82.566,28.7657],[82.5736,28.7738],[82.5834,28.7806],[82.5882,28.7815],[82.5936,28.7915],[82.5981,28.7919],[82.6073,28.8011],[82.622,28.8111],[82.6156,28.8265],[82.6196,28.8285],[82.628,28.8391],[82.6266,28.8467],[82.6318,28.8533],[82.6387,28.8551],[82.6399,28.8599],[82.6461,28.8671],[82.6505,28.8691],[82.658,28.8666],[82.6604,28.86],[82.6675,28.8537],[82.6756,28.8525],[82.6874,28.8613],[82.6976,28.8646]]]},"properties":{"ADM1_PCODE":"NP06","ADM1_EN":"6"}},
{"type":"Feature","geometry":{"type":"Polygon","coordinates":[[[81.7818,29.9111],[81.7712,29.9095],[81.7636,29.9124],[81.7558,29.9084],[81.7358,29.9078],[81.7287,29.9123],[81.718,29.9094],[81.7126,29.9143],[81.7117,29.9264],[81.6993,29.9315],[81.7008,29.9387],[81.6986,29.9427],[81.6892,29.9493],[81.6725,29.9407],[81.6672,29.9403],[81.6535,29.9436],[81.6481,29.948],[81.6388,29.9448],[81.6362,29.9408],[81.6284,29.9384],[81.6192,29.9391],[81.6147,29.9432],[81.6078,29.9372],[81.6044,29.9302],[81.5931,29.9306],[81.5886,29.936],[81.572,29.9335],[81.5614,29.9261],[81.552,29.9235],[81.544,29.9271],[81.5367,29.9276],[81.5301,29.9241],[81.5183,29.9224],[81.5139,29.9167],[81.5185,29.904],[81.5074,29.8944],[81.4945,29.8872],[81.4847,29.8916],[81.4725,29.8898],[81.4586,29.9005],[81.4598,29.9077],[81.4634,29.9133],[81.4618,29.9176],[81.462,29.9297],[81.4566,29.9348],[81.4604,29.9426],[81.4545,29.9512],[81.4705,29.9637],[81.4718,29.9751],[81.4625,29.9869],[81.4649,29.9956],[81.4563,30.0024],[81.4463,30.003],[81.442,30.007],[81.432,30.0076],[81.4205,30.0131],[81.4144,30.0186],[81.4066,30.0197],[81.392,30.0169],[81.3857,30.0136],[81.3837,30.0072],[81.3699,30.011],[81.3588,30.0106],[81.3482,30.0188],[81.3335,30.0241],[81.3202,30.0257],[81.3168,30.0323],[81.308,30.0311],[81.2864,30.0376],[81.2834,30.0433],[81.2737,30.0453],[81.2657,30.0434],[81.2625,30.0397],[81.2518,30.0386],[81.2392,30.0316],[81.255,30.0237],[81.2554,30.0197],[81.2471,30.0112],[81.2436,30.0126],[81.2334,30.0077],[81.2192,30.0073],[81.216,30.014],[81.2095,30.0205],[81.1966,30.0229],[81.1858,30.0108],[81.1792,30.0151],[81.1727,30.0144],[81.1665,30.0108],[81.1509,30.0116],[81.1443,30.0167],[81.1351,30.0161],[81.1256,30.0203],[81.1237,30.0289],[81.1194,30.0345],[81.1125,30.0357],[81.1083,30.0445],[81.101,30.0477],[81.0926,30.0542],[81.1006,30.0646],[81.1029,30.0752],[81.1074,30.0774],[81.1105,30.0862],[81.1037,30.0972],[81.0958,30.1007],[81.0904,30.0991],[81.083,30.1006],[81.086,30.1064],[81.0862,30.1171],[81.0801,30.1244],[81.0846,30.1358],[81.0849,30.1481],[81.0786,30.1552],[81.0658,30.1589],[81.0633,30.1678],[81.0529,30.1795],[81.0473,30.1796],[81.0442,30.1936],[81.0354,30.1969],[81.0366,30.202],[81.0451,30.2047],[81.0469,30.2101],[81.0418,30.2155],[81.0306,30.2202],[81.0276,30.2268],[81.0323,30.2385],[81.0308,30.2431],[81.0337,30.2494],[81.0244,30.251],[81.0219,30.254],[81.0098,30.257],[81.0102,30.2627],[81.0033,30.267],[80.9912,30.2707],[80.9869,30.2681],[80.9782,30.2727],[80.9693,30.2719],[80.954,30.2731],[80.9419,30.2696],[80.9354,30.2661],[80.9286,30.2712],[80.9285,30.2765],[80.9325,30.2813],[80.9273,30.2865],[80.9156,30.2916],[80.9046,30.3025],[80.8936,30.3043],[80.8872,30.3024],[80.8759,30.3039],[80.8737,30.3095],[80.8643,30.3173],[80.8476,30.3204],[80.8361,30.3168],[80.8277,30.3183],[80.8206,30.3268],[80.804,30.3276],[80.8044,30.3363],[80.7927,30.3423],[80.7862,30.3505],[80.7862,30.3583],[80.7815,30.3588],[80.7774,30.3658],[80.7641,30.3748],[80.7604,30.3792],[80.7528,30.383],[80.7509,30.3905],[80.747,30.3917],[80.7374,30.4009],[80.731,30.4042],[80.7098,30.4201],[80.7025,30.4164],[80.6897,30.4177],[80.6874,30.4234],[80.6807,30.4247],[80.6799,30.4306],[80.6695,30.4366],[80.6601,30.4454],[80.6498,30.4484],[80.6427,30.4532],[80.638,30.4529],[80.6296,30.4588],[80.6252,30.4644],[80.6155,30.461],[80.6109,30.4653],[80.608,30.4731],[80.6007,30.4731],[80.5988,30.468],[80.5859,30.4685],[80.5792,30.4644],[80.5667,30.464],[80.5668,30.4597],[80.5612,30.4541],[80.5511,30.4492],[80.5424,30.4484],[80.538,30.4412],[80.53,30.4362],[80.5304,30.4301],[80.5272,30.4253],[80.541,30.4153],[80.5585,30.428],[80.5674,30.4374],[80.5751,30.4424],[80.5845,30.4456],[80.5921,30.4457],[80.6042,30.4494],[80.6135,30.4456],[80.624,30.433],[80.6246,30.4249],[80.6308,30.418],[80.6279,30.4145],[80.6297,30.4089],[80.6361,30.4031],[80.6357,30.3987],[80.6403,30.3906],[80.6487,30.3866],[80.6574,30.378],[80.663,30.3531],[80.6679,30.3448],[80.6844,30.3352],[80.6918,30.3331],[80.7026,30.3344],[80.7164,30.3297],[80.7204,30.3252],[80.7362,30.3163],[80.7357,30.3116],[80.7449,30.3065],[80.7546,30.3082],[80.7607,30.302],[80.7627,30.2946],[80.7615,30.2887],[80.7633,30.2795],[80.7684,30.2783],[80.7844,30.2601],[80.7886,30.2501],[80.7975,30.2385],[80.8148,30.2246],[80.8196,30.2247],[80.829,30.2085],[80.8347,30.2052],[80.8412,30.1938],[80.8557,30.1816],[80.8562,30.1776],[80.8732,30.1607],[80.8727,30.1533],[80.8804,30.1325],[80.8758,30.1262],[80.8697,30.1254],[80.8483,30.1169],[80.8436,30.1104],[80.847,30.1023],[80.8378,30.0973],[80.8235,30.0998],[80.8034,30.0856],[80.7968,30.0779],[80.7812,30.0567],[80.7673,30.052],[80.7627,30.0491],[80.7577,30.0401],[80.7574,30.0309],[80.7599,30.028],[80.7533,30.0126],[80.7494,30.0066],[80.7403,29.9997],[80.7213,30.0003],[80.7141,29.9902],[80.7063,29.9857],[80.7022,29.98],[80.6923,29.9747],[80.6797,29.9589],[80.6731,29.9574],[80.6503,29.9559],[80.6409,29.9621],[80.632,29.9652],[80.6242,29.9643],[80.6099,29.9586],[80.606,29.959],[80.597,29.9529],[80.5831,29.9363],[80.576,29.9235],[80.5714,29.909],[80.5732,29.901],[80.5744,29.8959],[80.5682,29.8802],[80.5585,29.8696],[80.5609,29.8647],[80.5532,29.8563],[80.5552,29.8533],[80.5461,29.8465],[80.5396,29.8456],[80.5376,29.8387],[80.5337,29.8387],[80.5235,29.827],[80.509,29.8231],[80.4991,29.8116],[80.4941,29.7954],[80.4794,29.7973],[80.4665,29.8022],[80.4551,29.8022],[80.4459,29.7991],[80.4361,29.8059],[80.4318,29.799],[80.4177,29.7957],[80.4148,29.7919],[80.408,29.7895],[80.4086,29.7836],[80.4018,29.7742],[80.398,29.7632],[80.3879,29.7593],[80.3881,29.7514],[80.3746,29.7492],[80.3697,29.7506],[80.3658,29.7401],[80.3712,29.7335],[80.3677,29.729],[80.3788,29.7025],[80.3809,29.7016],[80.3824,29.688],[80.3859,29.6816],[80.3871,29.6734],[80.3913,29.6716],[80.3934,29.6638],[80.3998,29.6588],[80.4088,29.6591],[80.4128,29.6535],[80.4182,29.6505],[80.4157,29.6447],[80.4218,29.6393],[80.4206,29.6269],[80.4124,29.625],[80.4076,29.612],[80.4106,29.605],[80.4099,29.5959],[80.4049,29.5896],[80.3931,29.5816],[80.3896,29.5718],[80.3805,29.5703],[80.3807,29.5615],[80.3641,29.5627],[80.3657,29.5566],[80.351,29.5553],[80.3444,29.5529],[80.3473,29.5484],[80.3431,29.5417],[80.3507,29.5402],[80.3597,29.5325],[80.3568,29.5275],[80.3501,29.5235],[80.3513,29.5189],[80.343,29.51],[80.3337,29.5127],[80.3304,29.5053],[80.3168,29.5],[80.3148,29.4845],[80.2977,29.4879],[80.2947,29.4789],[80.2887,29.4774],[80.2897,29.472],[80.3042,29.4531],[80.299,29.4508],[80.2816,29.4512],[80.2808,29.4585],[80.2689,29.4486],[80.2592,29.4516],[80.2573,29.448],[80.2477,29.4467],[80.2447,29.4411],[80.249,29.4368],[80.2457,29.4235],[80.2476,29.4161],[80.2433,29.4116],[80.2658,29.3972],[80.2734,29.3952],[80.2746,29.3879],[80.2802,29.3781],[80.2734,29.3711],[80.2737,29.3629],[80.2804,29.3601],[80.2818,29.3462],[80.2914,29.3374],[80.2926,29.3307],[80.2979,29.3242],[80.3113,29.3221],[80.3187,29.3133],[80.3196,29.3016],[80.3127,29.2911],[80.306,29.2853],[80.3057,29.2728],[80.301,29.2622],[80.3008,29.24],[80.2924,29.2319],[80.2977,29.2214],[80.2964,29.2161],[80.2958,29.2107],[80.2991,29.2055],[80.2948,29.1971],[80.2897,29.195],[80.2767,29.207],[80.2634,29.2063],[80.26,29.2093],[80.2587,29.2179],[80.2508,29.2213],[80.2427,29.2042],[80.2436,29.2004],[80.2525,29.195],[80.2596,29.1873],[80.2623,29.1737],[80.26,29.1658],[80.268,29.1526],[80.2735,29.1467],[80.2708,29.1405],[80.2578,29.1391],[80.252,29.1311],[80.2369,29.1191],[80.2334,29.1184],[80.2114,29.1218],[80.2051,29.1293],[80.1983,29.1307],[80.186,29.1373],[80.1798,29.1285],[80.1682,29.1246],[80.1656,29.1169],[80.1461,29.103],[80.1302,29.061],[80.1382,29.0589],[80.1281,29.0317],[80.133,29.0304],[80.1262,29.013],[80.138,29.0096],[80.1285,29.006],[80.1196,28.9816],[80.1098,28.9844],[80.1019,28.9864],[80.0977,28.9753],[80.0601,28.9164],[80.0664,28.8373],[80.0767,28.8243],[80.1089,28.8277],[80.1198,28.8288],[80.1401,28.8138],[80.173,28.7821],[80.2177,28.7553],[80.2268,28.7572],[80.2365,28.7592],[80.2476,28.756],[80.2523,28.7578],[80.2636,28.7489],[80.2668,28.7435],[80.264,28.7333],[80.2579,28.7293],[80.2686,28.7208],[80.2797,28.7097],[80.2921,28.7115],[80.3006,28.7064],[80.3101,28.7044],[80.319,28.6998],[80.3224,28.6949],[80.3244,28.6864],[80.3229,28.6812],[80.3276,28.6663],[80.339,28.6607],[80.355,28.6503],[80.3609,28.6369],[80.3693,28.6352],[80.378,28.6283],[80.4063,28.6348],[80.4164,28.6391],[80.428,28.6376],[80.4397,28.635],[80.446,28.6283],[80.451,28.629],[80.4622,28.6216],[80.4679,28.6007],[80.4734,28.5902],[80.4733,28.5826],[80.4808,28.5854],[80.4972,28.5747],[80.5015,28.5696],[80.5091,28.5671],[80.5171,28.5569],[80.5245,28.5528],[80.5322,28.5716],[80.5234,28.5767],[80.5165,28.6159],[80.513,28.6237],[80.5052,28.6652],[80.5078,28.6709],[80.5415,28.6906],[80.5559,28.6907],[80.5704,28.6879],[80.5921,28.6797],[80.5819,28.6612],[80.5993,28.6559],[80.5914,28.6477],[80.6079,28.6523],[80.6133,28.6392],[80.635,28.6373],[80.6432,28.6432],[80.6529,28.6339],[80.6693,28.6418],[80.6725,28.6283],[80.6813,28.6204],[80.6791,28.6043],[80.6973,28.6034],[80.692,28.587],[80.7056,28.5787],[80.7163,28.5678],[80.7265,28.5746],[80.7403,28.5658],[80.7401,28.5742],[80.7515,28.5707],[80.7697,28.5655],[80.7712,28.5496],[80.7844,28.5467],[80.791,28.5435],[80.7863,28.5292],[80.7907,28.5243],[80.8015,28.5211],[80.8172,28.5206],[80.8317,28.5117],[80.8453,28.4997],[80.8462,28.4953],[80.857,28.497],[80.8673,28.4895],[80.8633,28.5041],[80.8776,28.5097],[80.8978,28.5056],[80.9015,28.5004],[80.9089,28.4981],[80.9086,28.4896],[80.9032,28.4858],[80.9074,28.4657],[80.9174,28.4576],[80.9193,28.4597],[80.9323,28.4576],[80.9341,28.463],[80.9443,28.4684],[80.947,28.4661],[80.9341,28.4586],[80.9465,28.4547],[80.9535,28.4554],[80.9535,28.4475],[80.9658,28.4495],[80.9688,28.4569],[80.9816,28.4552],[80.9666,28.4447],[80.967,28.4377],[80.9808,28.4343],[80.9796,28.4424],[80.9909,28.4416],[81.0015,28.4539],[81.0178,28.4518],[81.0149,28.4388],[81.021,28.4316],[81.0313,28.4385],[81.0355,28.4279],[81.0185,28.4157],[81.0341,28.3987],[81.0366,28.4133],[81.0477,28.4099],[81.0691,28.3944],[81.0688,28.3995],[81.0609,28.4084],[81.0673,28.4224],[81.078,28.4323],[81.0876,28.4383],[81.0923,28.4568],[81.0972,28.4597],[81.1095,28.4608],[81.1122,28.4626],[81.1165,28.4725],[81.1228,28.4752],[81.1317,28.4821],[81.1404,28.4914],[81.1498,28.4969],[81.1545,28.5018],[81.1619,28.5013],[81.1645,28.5133],[81.1692,28.5232],[81.191,28.5454],[81.2063,28.5584],[81.2208,28.5668],[81.2334,28.5769],[81.2501,28.5938],[81.2623,28.6131],[81.2705,28.6177],[81.2724,28.6295],[81.2834,28.6389],[81.2894,28.6491],[81.2892,28.6634],[81.2871,28.6732],[81.2861,28.6825],[81.2821,28.6963],[81.2688,28.7062],[81.275,28.7176],[81.274,28.7273],[81.2578,28.7299],[81.2617,28.7412],[81.2613,28.7501],[81.2528,28.7547],[81.2487,28.7616],[81.2525,28.7704],[81.2474,28.7819],[81.2347,28.7857],[81.2295,28.7911],[81.2278,28.797],[81.2408,28.803],[81.244,28.8103],[81.2327,28.8155],[81.2314,28.8259],[81.2355,28.8294],[81.226,28.8388],[81.2125,28.8449],[81.2076,28.8508],[81.2096,28.8603],[81.202,28.8626],[81.2017,28.8515],[81.1969,28.833],[81.2069,28.8271],[81.2093,28.8223],[81.2068,28.8174],[81.1835,28.825],[81.1758,28.8349],[81.168,28.8351],[81.1581,28.8285],[81.1544,28.8309],[81.1594,28.8438],[81.1509,28.8526],[81.1468,28.8624],[81.1467,28.8709],[81.1423,28.8731],[81.137,28.8711],[81.1287,28.8617],[81.1272,28.8513],[81.1141,28.8497],[81.1035,28.8452],[81.0944,28.856],[81.0909,28.8628],[81.0764,28.8637],[81.0737,28.8664],[81.0756,28.8751],[81.0684,28.8772],[81.0593,28.8735],[81.0532,28.8768],[81.0492,28.8839],[81.0422,28.8886],[81.0357,28.8984],[81.0321,28.908],[81.0276,28.9115],[81.0233,28.9194],[81.0079,28.9278],[80.9989,28.9291],[80.9827,28.9387],[80.984,28.9414],[80.9942,28.9479],[81.0003,28.9549],[81.0093,28.9575],[81.0206,28.9521],[81.0262,28.9561],[81.031,28.9638],[81.0442,28.9705],[81.0499,28.9779],[81.0661,28.9703],[81.0826,28.9676],[81.0907,28.9678],[81.0983,28.9643],[81.1055,28.9656],[81.1142,28.9657],[81.1224,28.9625],[81.129,28.9566],[81.1364,28.9471],[81.1434,28.9457],[81.1485,28.9382],[81.1571,28.9336],[81.1705,28.9214],[81.1854,28.915],[81.1959,28.9162],[81.2059,28.908],[81.2198,28.9062],[81.2384,28.9059],[81.2457,28.9151],[81.2534,28.9136],[81.2646,28.9023],[81.2736,28.9066],[81.2775,28.9162],[81.2852,28.9215],[81.299,28.9246],[81.3049,28.9253],[81.311,28.9203],[81.3174,28.9203],[81.3259,28.908],[81.336,28.9082],[81.3389,28.9052],[81.3407,28.8956],[81.3494,28.8901],[81.3542,28.8898],[81.3713,28.8914],[81.3779,28.8936],[81.3976,28.9088],[81.405,28.9089],[81.4153,28.9139],[81.428,28.9091],[81.4326,28.9107],[81.442,28.9006],[81.4593,28.8952],[81.4651,28.8946],[81.4687,28.8873],[81.4646,28.8812],[81.464,28.8751],[81.469,28.8626],[81.4646,28.8539],[81.4742,28.8498],[81.484,28.8426],[81.4898,28.8423],[81.4957,28.8331],[81.5,28.8212],[81.5098,28.811],[81.5197,28.8069],[81.525,28.7996],[81.5204,28.796],[81.5177,28.786],[81.5172,28.7803],[81.5215,28.7763],[81.5303,28.7737],[81.5368,28.761],[81.5305,28.7551],[81.5228,28.7516],[81.5241,28.7482],[81.5483,28.749],[81.5667,28.7538],[81.58,28.7554],[81.5838,28.765],[81.582,28.7789],[81.568,28.7913],[81.5587,28.7975],[81.5534,28.8161],[81.5455,28.8301],[81.5398,28.836],[81.5396,28.8426],[81.5335,28.8563],[81.5298,28.8592],[81.5245,28.8684],[81.5183,28.8729],[81.5119,28.8838],[81.5101,28.8901],[81.4995,28.8903],[81.4934,28.8941],[81.4846,28.9034],[81.4797,28.9119],[81.4753,28.9169],[81.4683,28.9288],[81.4577,28.931],[81.452,28.9396],[81.4456,28.9417],[81.4466,28.9558],[81.4327,28.9584],[81.4244,28.9712],[81.4265,28.9807],[81.4163,28.9949],[81.4208,29.0042],[81.4179,29.0092],[81.4171,29.0171],[81.4208,29.0224],[81.4293,29.0258],[81.4342,29.0371],[81.4405,29.0393],[81.4447,29.0469],[81.4459,29.0537],[81.4611,29.0646],[81.4696,29.0687],[81.4706,29.0775],[81.4849,29.0831],[81.5013,29.0907],[81.5117,29.0907],[81.5191,29.096],[81.5265,29.1047],[81.5376,29.1064],[81.5553,29.1211],[81.5673,29.1261],[81.5542,29.1285],[81.5362,29.1376],[81.5351,29.1465],[81.5264,29.1527],[81.5201,29.1536],[81.514,29.1513],[81.5009,29.1517],[81.4971,29.1599],[81.497,29.1688],[81.4891,29.1729],[81.4918,29.1866],[81.4865,29.1927],[81.484,29.2012],[81.4875,29.2108],[81.4883,29.2254],[81.5,29.2388],[81.495,29.2522],[81.4965,29.2571],[81.4888,29.2633],[81.4797,29.264],[81.4698,29.2718],[81.4856,29.2796],[81.4925,29.2906],[81.5018,29.2973],[81.5056,29.3032],[81.5097,29.3146],[81.5181,29.3124],[81.5257,29.3151],[81.5307,29.3261],[81.5422,29.3322],[81.55,29.3393],[81.5522,29.3495],[81.5602,29.3579],[81.5626,29.3517],[81.5723,29.3497],[81.575,29.3607],[81.583,29.3645],[81.6017,29.3656],[81.6193,29.3706],[81.6283,29.3684],[81.6401,29.3615],[81.6405,29.3563],[81.6459,29.3543],[81.6458,29.3434],[81.6439,29.3337],[81.6483,29.328],[81.6502,29.3211],[81.6741,29.318],[81.6801,29.3214],[81.6927,29.3205],[81.6957,29.3254],[81.705,29.3306],[81.7242,29.3324],[81.7317,29.3352],[81.7415,29.3339],[81.7482,29.3421],[81.7543,29.3524],[81.751,29.3622],[81.7515,29.3665],[81.7583,29.3756],[81.76,29.3823],[81.7687,29.3904],[81.7786,29.3913],[81.7912,29.389],[81.7923,29.396],[81.7963,29.3994],[81.7996,29.4074],[81.7986,29.4146],[81.8008,29.4291],[81.8072,29.4393],[81.805,29.4473],[81.8096,29.4539],[81.8088,29.4665],[81.8054,29.4756],[81.7972,29.4881],[81.7847,29.5023],[81.7819,29.5011],[81.7643,29.5053],[81.771,29.5093],[81.7767,29.508],[81.7823,29.5113],[81.7791,29.5157],[81.7875,29.5284],[81.7948,29.5312],[81.792,29.5377],[81.7954,29.5478],[81.7994,29.5521],[81.8008,29.5592],[81.8004,29.576],[81.7917,29.5897],[81.7915,29.5966],[81.7797,29.5997],[81.7756,29.6058],[81.7573,29.606],[81.7523,29.6049],[81.7404,29.6062],[81.7298,29.615],[81.7221,29.6167],[81.7122,29.6263],[81.7113,29.6323],[81.7047,29.6372],[81.7054,29.6447],[81.7037,29.6566],[81.7015,29.6612],[81.6991,29.6804],[81.7043,29.6873],[81.7105,29.7003],[81.7168,29.7239],[81.7283,29.7332],[81.7301,29.7416],[81.7298,29.7508],[81.7345,29.7589],[81.732,29.7692],[81.7373,29.7754],[81.7416,29.7925],[81.7531,29.798],[81.76,29.7974],[81.7663,29.8018],[81.7755,29.7981],[81.7822,29.8071],[81.781,29.8144],[81.7846,29.8222],[81.785,29.8364],[81.7826,29.8393],[81.794,29.8465],[81.7934,29.8533],[81.7985,29.8669],[81.7982,29.8904],[81.801,29.9017],[81.7874,29.9104],[81.7818,29.9111]]]},"properties":{"ADM1_PCODE":"NP07","ADM1_EN":"7"}}
]}