{"type":"FeatureCollection", "features": [
{"type":"Feature","geometry":{"type":"Polygon","coordinates":[[[87.6988,27.2911],[87.7111,27.2865],[87.7267,27.2858],[87.7344,27.2783],[87.7406,27.2799],[87.7477,27.2775],[87.7595,27.2798],[87.7676,27.2793],[87.7698,27.2763],[87.7804,27.2729],[87.7843,27.2726],[87.7985,27.2764],[87.8107,27.2757],[87.8266,27.2802],[87.8338,27.2835],[87.8423,27.2859],[87.8552,27.2856],[87.8661,27.2792],[87.8776,27.2797],[87.8813,27.2834],[87.8877,27.2818],[87.897,27.2861],[87.9087,27.2841],[87.9141,27.2851],[87.9277,27.2803],[87.9363,27.283],[87.9429,27.2804],[87.953,27.2824],[87.962,27.2883],[87.962,27.2915],[87.9766,27.3012],[87.9821,27.3076],[87.9844,27.3144],[87.9935,27.3232],[88.0064,27.3288],[88.008,27.3372],[88.0126,27.3457],[88.0201,27.3539],[88.0219,27.3699],[88.0261,27.3782],[88.0293,27.3941],[88.04,27.4132],[88.0527,27.4267],[88.0706,27.438],[88.0705,27.439],[88.0751,27.4452],[88.0698,27.4493],[88.0697,27.4576],[88.0631,27.4609],[88.0588,27.4677],[88.0511,27.4722],[88.0466,27.4782],[88.0472,27.4981],[88.0522,27.5035],[88.0575,27.5044],[88.0635,27.5132],[88.0599,27.5158],[88.0626,27.5234],[88.0679,27.5293],[88.0617,27.5325],[88.0635,27.5398],[88.0711,27.5461],[88.0715,27.555],[88.0758,27.5566],[88.0837,27.5646],[88.0779,27.5715],[88.0877,27.5899],[88.0963,27.5978],[88.1082,27.6023],[88.1163,27.6104],[88.1179,27.6207],[88.1221,27.627],[88.1199,27.6295],[88.1233,27.6392],[88.1225,27.6448],[88.1339,27.6551],[88.1385,27.6565],[88.1472,27.6654],[88.1494,27.6788],[88.1574,27.6904],[88.151,27.7017],[88.152,27.7079],[88.158,27.7172],[88.1573,27.7292],[88.161,27.7406],[88.1724,27.7414],[88.1812,27.7468],[88.1793,27.7577],[88.186,27.7667],[88.1846,27.7762],[88.1979,27.7862],[88.1999,27.7906],[88.1964,27.796],[88.1908,27.7992],[88.1878,27.8105],[88.1758,27.8204],[88.19,27.825],[88.1978,27.8359],[88.2039,27.8372],[88.1984,27.8543],[88.191,27.8536],[88.188,27.8565],[88.1812,27.8564],[88.1752,27.8631],[88.1655,27.8688],[88.1565,27.8706],[88.1514,27.8765],[88.1428,27.8779],[88.1377,27.8814],[88.1288,27.8813],[88.1146,27.8681],[88.0984,27.867],[88.0936,27.8712],[88.0921,27.8872],[88.0858,27.8956],[88.0746,27.8935],[88.0672,27.8861],[88.0609,27.8882],[88.0568,27.8961],[88.0444,27.8997],[88.0392,27.9043],[88.0299,27.9052],[88.0244,27.8965],[88.0179,27.8984],[88.0036,27.8974],[87.9936,27.8893],[87.9859,27.8874],[87.9691,27.893],[87.9587,27.9086],[87.9443,27.9096],[87.9332,27.9177],[87.9225,27.9157],[87.9104,27.9167],[87.902,27.9114],[87.8905,27.9099],[87.8796,27.9145],[87.8685,27.9105],[87.8629,27.9237],[87.8566,27.9285],[87.8619,27.9364],[87.8591,27.9482],[87.8501,27.9463],[87.8437,27.9502],[87.8367,27.9514],[87.832,27.9471],[87.8271,27.9343],[87.8298,27.929],[87.8277,27.9207],[87.8162,27.9212],[87.8081,27.9132],[87.8062,27.9084],[87.7964,27.9027],[87.7884,27.9001],[87.7827,27.8897],[87.7781,27.8753],[87.7812,27.8716],[87.7812,27.8657],[87.7706,27.8608],[87.7617,27.8485],[87.7567,27.8365],[87.7476,27.8359],[87.7364,27.8189],[87.7389,27.8128],[87.7279,27.8051],[87.7214,27.8086],[87.7098,27.8114],[87.6965,27.8106],[87.6897,27.8121],[87.6761,27.8074],[87.668,27.8066],[87.6751,27.7992],[87.6794,27.7883],[87.6734,27.7804],[87.672,27.7715],[87.6676,27.7656],[87.6606,27.7623],[87.6664,27.7505],[87.6579,27.739],[87.6527,27.7372],[87.6438,27.7307],[87.6467,27.7269],[87.6404,27.7182],[87.6419,27.7098],[87.6291,27.7124],[87.6245,27.7116],[87.6177,27.7043],[87.6153,27.6991],[87.6192,27.6902],[87.613,27.6828],[87.6104,27.675],[87.605,27.6737],[87.6026,27.6791],[87.5905,27.6803],[87.5839,27.6757],[87.58,27.6775],[87.577,27.6845],[87.5772,27.6929],[87.5636,27.6981],[87.5602,27.6905],[87.5554,27.6876],[87.5519,27.6805],[87.5522,27.6714],[87.5482,27.6652],[87.548,27.6592],[87.5348,27.6519],[87.5423,27.6507],[87.5468,27.6455],[87.5475,27.6374],[87.5372,27.6314],[87.5387,27.6243],[87.5331,27.6139],[87.5303,27.6028],[87.5319,27.5946],[87.5275,27.5926],[87.5227,27.5964],[87.5153,27.5987],[87.501,27.5807],[87.4923,27.5766],[87.4908,27.5701],[87.4844,27.5669],[87.4846,27.5547],[87.4896,27.5461],[87.4827,27.5417],[87.4811,27.5332],[87.4775,27.5269],[87.4801,27.5169],[87.4789,27.5121],[87.473,27.5089],[87.4703,27.5045],[87.4723,27.4996],[87.469,27.4956],[87.4742,27.4894],[87.4724,27.4842],[87.4669,27.4804],[87.4614,27.474],[87.4631,27.4664],[87.4636,27.4464],[87.4587,27.4256],[87.4557,27.4188],[87.4496,27.4136],[87.447,27.4059],[87.4549,27.3916],[87.4592,27.3864],[87.461,27.3713],[87.4679,27.3677],[87.4745,27.3591],[87.4815,27.3442],[87.4951,27.3322],[87.4967,27.3218],[87.5,27.3136],[87.5154,27.3067],[87.5188,27.3021],[87.5191,27.2964],[87.5235,27.2967],[87.5317,27.2923],[87.5389,27.2908],[87.5447,27.2928],[87.555,27.2857],[87.5555,27.2857],[87.5653,27.285],[87.5727,27.2865],[87.5833,27.2839],[87.6093,27.2833],[87.625,27.2794],[87.6294,27.2747],[87.6405,27.273],[87.6539,27.2678],[87.6609,27.2699],[87.6723,27.2695],[87.6824,27.2707],[87.6845,27.2795],[87.6899,27.2831],[87.6914,27.2883],[87.6988,27.2911]]]},"properties":{"DISTRICT":"TAPLEJUNG"}},
{"type":"Feature","geometry":{"type":"Polygon","coordinates":[[[88.0151,27.2165],[88.0215,27.2247],[88.0218,27.2356],[88.0268,27.2417],[88.0328,27.2546],[88.0343,27.2641],[88.0329,27.2718],[88.0356,27.2814],[88.0343,27.2859],[88.0417,27.2916],[88.0474,27.2934],[88.0436,27.3012],[88.0477,27.3098],[88.0511,27.3124],[88.0551,27.3242],[88.0627,27.3282],[88.0691,27.336],[88.0641,27.3446],[88.0602,27.3554],[88.0528,27.3584],[88.0444,27.3699],[88.0476,27.3798],[88.0467,27.3843],[88.0484,27.3951],[88.0509,27.3999],[88.0532,27.4127],[88.0697,27.425],[88.0823,27.4263],[88.0812,27.4318],[88.0706,27.438],[88.0527,27.4267],[88.04,27.4132],[88.0293,27.3941],[88.0261,27.3782],[88.0219,27.3699],[88.0201,27.3539],[88.0126,27.3457],[88.008,27.3372],[88.0064,27.3288],[87.9935,27.3232],[87.9844,27.3144],[87.9821,27.3076],[87.9766,27.3012],[87.962,27.2915],[87.962,27.2883],[87.953,27.2824],[87.9429,27.2804],[87.9363,27.283],[87.9277,27.2803],[87.9141,27.2851],[87.9087,27.2841],[87.897,27.2861],[87.8877,27.2818],[87.8813,27.2834],[87.8776,27.2797],[87.8661,27.2792],[87.8552,27.2856],[87.8423,27.2859],[87.8338,27.2835],[87.8266,27.2802],[87.8107,27.2757],[87.7985,27.2764],[87.7843,27.2726],[87.7804,27.2729],[87.7698,27.2763],[87.7676,27.2793],[87.7595,27.2798],[87.7477,27.2775],[87.7406,27.2799],[87.7344,27.2783],[87.7267,27.2858],[87.7111,27.2865],[87.6988,27.2911],[87.6914,27.2883],[87.6899,27.2831],[87.6845,27.2795],[87.6824,27.2707],[87.6886,27.2616],[87.7067,27.2532],[87.7104,27.2484],[87.7183,27.2433],[87.7257,27.2417],[87.7303,27.2353],[87.7365,27.2339],[87.7418,27.2274],[87.7482,27.2244],[87.7538,27.2178],[87.754,27.2078],[87.7475,27.1991],[87.7299,27.193],[87.7225,27.1892],[87.7162,27.1805],[87.7135,27.1708],[87.7143,27.1604],[87.7126,27.1554],[87.7026,27.1467],[87.6976,27.1468],[87.6936,27.1429],[87.6849,27.1415],[87.6796,27.1426],[87.666,27.1326],[87.6481,27.1295],[87.6458,27.125],[87.6395,27.1232],[87.6266,27.1136],[87.6133,27.1101],[87.606,27.1076],[87.5919,27.0995],[87.5852,27.0888],[87.5799,27.0849],[87.5731,27.0697],[87.5656,27.0621],[87.5562,27.0557],[87.5452,27.0509],[87.5374,27.0402],[87.5356,27.0343],[87.542,27.0334],[87.5446,27.0227],[87.5385,27.0164],[87.5385,27.0132],[87.5226,27.0023],[87.5145,26.9908],[87.504,26.9842],[87.4951,26.985],[87.4987,26.9773],[87.5082,26.9715],[87.5148,26.9647],[87.5272,26.9601],[87.528,26.9388],[87.524,26.9351],[87.5248,26.9257],[87.5303,26.92],[87.5336,26.9133],[87.5313,26.9086],[87.5338,26.8995],[87.5248,26.8845],[87.5327,26.8846],[87.5468,26.8888],[87.5519,26.8852],[87.5654,26.8823],[87.5702,26.8714],[87.5765,26.8713],[87.5826,26.861],[87.6021,26.8618],[87.6224,26.8628],[87.6336,26.8623],[87.6392,26.8603],[87.6487,26.867],[87.6543,26.8674],[87.6768,26.8766],[87.6907,26.8807],[87.6911,26.8941],[87.6967,26.9074],[87.6999,26.9101],[87.7002,26.9147],[87.6965,26.922],[87.6978,26.9248],[87.7088,26.9287],[87.7007,26.9358],[87.6829,26.9464],[87.6798,26.9518],[87.6928,26.9744],[87.7,26.9757],[87.7073,26.9809],[87.7081,26.9855],[87.7144,26.9919],[87.7212,27],[87.7365,27.0073],[87.7396,27.0158],[87.7464,27.0209],[87.7573,27.02],[87.7666,27.0129],[87.7805,27.0125],[87.7871,27.0172],[87.7993,27.0268],[87.8196,27.0333],[87.8266,27.0407],[87.8409,27.046],[87.8438,27.0484],[87.8474,27.0543],[87.8545,27.0619],[87.8629,27.0618],[87.8678,27.0674],[87.8758,27.0712],[87.8773,27.0751],[87.8831,27.0776],[87.8861,27.0834],[87.8925,27.0842],[87.8976,27.0918],[87.9059,27.0931],[87.9171,27.0941],[87.9209,27.0993],[87.9305,27.1023],[87.9421,27.0993],[87.9544,27.1058],[87.9648,27.1008],[87.9749,27.1034],[87.9834,27.1016],[87.9942,27.1051],[87.9912,27.1184],[87.9938,27.1305],[88.0012,27.1333],[88.0033,27.1399],[88.0096,27.1429],[88.0129,27.1547],[88.0138,27.1657],[88.0213,27.1725],[88.0151,27.1773],[88.018,27.1995],[88.0144,27.2038],[88.0182,27.2105],[88.0151,27.2165]]]},"properties":{"DISTRICT":"PANCHTHAR"}},
{"type":"Feature","geometry":{"type":"Polygon","coordinates":[[[87.8206,26.6934],[87.8294,26.6912],[87.8361,26.6874],[87.8437,26.6769],[87.8493,26.6744],[87.8587,26.6757],[87.868,26.6738],[87.8673,26.6821],[87.8645,26.687],[87.8697,26.6918],[87.8817,26.6843],[87.8865,26.6882],[87.8943,26.687],[87.8985,26.6908],[87.9048,26.6906],[87.9129,26.6937],[87.9181,26.6928],[87.9268,26.6971],[87.933,26.6936],[87.9364,26.6884],[87.939,26.6966],[87.9358,26.7025],[87.9356,26.7089],[87.9291,26.7119],[87.9309,26.7188],[87.9381,26.7261],[87.9529,26.7284],[87.9524,26.7402],[87.9603,26.7496],[87.9569,26.7611],[87.9514,26.7638],[87.9601,26.7684],[87.9612,26.7811],[87.9653,26.7879],[87.9673,26.7896],[87.9659,26.7769],[87.9785,26.7713],[87.9829,26.7629],[87.981,26.758],[87.9839,26.7521],[88.0009,26.7577],[88.0011,26.7696],[88.0033,26.7739],[88.0109,26.7668],[88.0201,26.769],[88.027,26.7732],[88.0315,26.7637],[88.0378,26.764],[88.0496,26.7486],[88.0584,26.7545],[88.0676,26.7848],[88.0726,26.7907],[88.0774,26.7882],[88.0797,26.783],[88.0885,26.7914],[88.0921,26.7992],[88.0994,26.795],[88.095,26.7899],[88.0992,26.773],[88.0993,26.7615],[88.1072,26.7482],[88.1142,26.7456],[88.1207,26.748],[88.1217,26.7535],[88.128,26.7583],[88.1281,26.7652],[88.1357,26.7716],[88.1387,26.7653],[88.1477,26.7691],[88.1513,26.7773],[88.1523,26.787],[88.1573,26.7952],[88.1636,26.7945],[88.1639,26.7874],[88.1752,26.7805],[88.1875,26.7828],[88.1802,26.8033],[88.1809,26.8176],[88.1751,26.8256],[88.1766,26.8336],[88.1702,26.8374],[88.1732,26.8445],[88.17,26.8495],[88.1763,26.8519],[88.1749,26.8682],[88.1692,26.8701],[88.1643,26.8806],[88.1555,26.8848],[88.139,26.8984],[88.1476,26.9152],[88.1486,26.9207],[88.142,26.9285],[88.1404,26.933],[88.1313,26.9391],[88.1231,26.9503],[88.1257,26.9598],[88.1263,26.9706],[88.1333,26.9804],[88.1381,26.9846],[88.1314,26.9874],[88.1208,26.9871],[88.1117,26.9926],[88.1018,27.0034],[88.0951,27.0041],[88.0911,27.0078],[88.0911,27.0153],[88.0863,27.0225],[88.0858,27.0283],[88.08,27.0351],[88.0719,27.031],[88.0619,27.0289],[88.0524,27.0342],[88.0402,27.0363],[88.0302,27.0507],[88.0286,27.057],[88.0211,27.0699],[88.0186,27.0767],[88.0235,27.0821],[88.0237,27.0874],[88.0184,27.0883],[88.0146,27.0968],[88.006,27.1041],[87.9978,27.1032],[87.9942,27.1051],[87.9834,27.1016],[87.9749,27.1034],[87.9648,27.1008],[87.9544,27.1058],[87.9421,27.0993],[87.9305,27.1023],[87.9209,27.0993],[87.9171,27.0941],[87.9059,27.0931],[87.8976,27.0918],[87.8925,27.0842],[87.8861,27.0834],[87.8831,27.0776],[87.8773,27.0751],[87.8758,27.0712],[87.8678,27.0674],[87.8629,27.0618],[87.8545,27.0619],[87.8474,27.0543],[87.8438,27.0484],[87.8409,27.046],[87.8266,27.0407],[87.8196,27.0333],[87.7993,27.0268],[87.7871,27.0172],[87.7805,27.0125],[87.7666,27.0129],[87.7573,27.02],[87.7464,27.0209],[87.7396,27.0158],[87.7365,27.0073],[87.7212,27],[87.7144,26.9919],[87.7081,26.9855],[87.7073,26.9809],[87.7,26.9757],[87.6928,26.9744],[87.6798,26.9518],[87.6829,26.9464],[87.7007,26.9358],[87.7088,26.9287],[87.6978,26.9248],[87.6965,26.922],[87.7002,26.9147],[87.6999,26.9101],[87.6967,26.9074],[87.6911,26.8941],[87.6907,26.8807],[87.6768,26.8766],[87.6543,26.8674],[87.6487,26.867],[87.6392,26.8603],[87.6336,26.8623],[87.6224,26.8628],[87.6021,26.8618],[87.6096,26.8538],[87.6306,26.8395],[87.6377,26.8373],[87.6421,26.832],[87.6542,26.8249],[87.655,26.8185],[87.6639,26.8148],[87.6638,26.8061],[87.6586,26.7979],[87.6812,26.7842],[87.6818,26.7812],[87.6753,26.7703],[87.6705,26.7667],[87.6673,26.7591],[87.6743,26.7569],[87.6754,26.7536],[87.6849,26.7526],[87.6879,26.7572],[87.693,26.756],[87.6897,26.7497],[87.6964,26.7399],[87.7042,26.7312],[87.7037,26.7284],[87.7102,26.7095],[87.7072,26.7011],[87.7112,26.6942],[87.721,26.6928],[87.7342,26.6854],[87.7411,26.6795],[87.7605,26.6716],[87.7676,26.6649],[87.7744,26.6658],[87.7854,26.6643],[87.7933,26.6659],[87.7933,26.6752],[87.7959,26.6801],[87.8112,26.6913],[87.8206,26.6934]]]},"properties":{"DISTRICT":"ILAM"}},
{"type":"Feature","geometry":{"type":"Polygon","coordinates":[[[87.9364,26.6884],[87.933,26.6936],[87.9268,26.6971],[87.9181,26.6928],[87.9129,26.6937],[87.9048,26.6906],[87.8985,26.6908],[87.8943,26.687],[87.8865,26.6882],[87.8817,26.6843],[87.8697,26.6918],[87.8645,26.687],[87.8673,26.6821],[87.868,26.6738],[87.8587,26.6757],[87.8493,26.6744],[87.8437,26.6769],[87.8361,26.6874],[87.8294,26.6912],[87.8206,26.6934],[87.8112,26.6913],[87.7959,26.6801],[87.7933,26.6752],[87.7933,26.6659],[87.7854,26.6643],[87.7744,26.6658],[87.7676,26.6649],[87.7605,26.6716],[87.7411,26.6795],[87.7342,26.6854],[87.721,26.6928],[87.7112,26.6942],[87.7072,26.7011],[87.7102,26.7095],[87.7037,26.7284],[87.7042,26.7312],[87.6964,26.7399],[87.6897,26.7497],[87.6865,26.7464],[87.6844,26.7354],[87.6809,26.7299],[87.6706,26.7224],[87.6578,26.7159],[87.6566,26.7106],[87.6554,26.6861],[87.6452,26.667],[87.6443,26.6505],[87.6565,26.6331],[87.6557,26.6259],[87.6571,26.6136],[87.6507,26.6089],[87.649,26.5995],[87.6407,26.5962],[87.6416,26.5892],[87.6446,26.5839],[87.6387,26.5807],[87.6434,26.5753],[87.6439,26.5579],[87.6484,26.5473],[87.645,26.5402],[87.6432,26.5276],[87.6452,26.5231],[87.6451,26.5071],[87.651,26.4968],[87.6513,26.4846],[87.6542,26.478],[87.6625,26.4695],[87.6596,26.4631],[87.6615,26.458],[87.6754,26.4495],[87.6746,26.4413],[87.6818,26.4351],[87.6946,26.4353],[87.701,26.4279],[87.7137,26.427],[87.7208,26.4221],[87.7264,26.4153],[87.7254,26.4122],[87.7362,26.4075],[87.7416,26.4173],[87.75,26.4175],[87.7563,26.4078],[87.7672,26.41],[87.7698,26.418],[87.7784,26.4241],[87.7762,26.431],[87.7792,26.4474],[87.7852,26.454],[87.7915,26.4689],[87.814,26.4615],[87.8322,26.4499],[87.8307,26.4398],[87.8512,26.4362],[87.8535,26.445],[87.8639,26.4486],[87.8607,26.456],[87.8605,26.463],[87.866,26.4676],[87.8881,26.4762],[87.8907,26.4864],[87.9026,26.4771],[87.9089,26.4643],[87.9122,26.4575],[87.9012,26.4485],[87.9254,26.4466],[87.9284,26.4412],[87.9206,26.4351],[87.9189,26.4304],[87.9286,26.4274],[87.9298,26.4176],[87.934,26.418],[87.9571,26.4048],[87.9683,26.3968],[87.9942,26.3922],[87.9945,26.3722],[87.9981,26.3658],[88.0024,26.3662],[88.0102,26.3608],[88.0324,26.3646],[88.0298,26.3709],[88.0309,26.3786],[88.0349,26.3881],[88.0405,26.3936],[88.0475,26.3956],[88.0502,26.4008],[88.0555,26.4007],[88.0634,26.4096],[88.0718,26.4075],[88.0726,26.4135],[88.0812,26.4198],[88.0912,26.4339],[88.0984,26.4392],[88.0996,26.4503],[88.0945,26.4627],[88.1036,26.4646],[88.1092,26.4731],[88.1043,26.4783],[88.1037,26.4835],[88.1083,26.4892],[88.1022,26.4964],[88.1013,26.5054],[88.0973,26.515],[88.1057,26.5186],[88.1075,26.5277],[88.1064,26.5347],[88.1141,26.5449],[88.108,26.5504],[88.108,26.5606],[88.1114,26.557],[88.1158,26.5647],[88.1148,26.5711],[88.1234,26.5754],[88.1328,26.5734],[88.1299,26.5816],[88.1345,26.5929],[88.1325,26.601],[88.1414,26.6059],[88.1446,26.6255],[88.1495,26.6293],[88.16,26.6325],[88.1606,26.6398],[88.1657,26.6457],[88.1675,26.67],[88.1667,26.6782],[88.1704,26.6837],[88.1697,26.6992],[88.1791,26.71],[88.1846,26.7192],[88.1849,26.7272],[88.1874,26.7307],[88.1897,26.7506],[88.1906,26.7714],[88.1875,26.7828],[88.1752,26.7805],[88.1639,26.7874],[88.1636,26.7945],[88.1573,26.7952],[88.1523,26.787],[88.1513,26.7773],[88.1477,26.7691],[88.1387,26.7653],[88.1357,26.7716],[88.1281,26.7652],[88.128,26.7583],[88.1217,26.7535],[88.1207,26.748],[88.1142,26.7456],[88.1072,26.7482],[88.0993,26.7615],[88.0992,26.773],[88.095,26.7899],[88.0994,26.795],[88.0921,26.7992],[88.0885,26.7914],[88.0797,26.783],[88.0774,26.7882],[88.0726,26.7907],[88.0676,26.7848],[88.0584,26.7545],[88.0496,26.7486],[88.0378,26.764],[88.0315,26.7637],[88.027,26.7732],[88.0201,26.769],[88.0109,26.7668],[88.0033,26.7739],[88.0011,26.7696],[88.0009,26.7577],[87.9839,26.7521],[87.981,26.758],[87.9829,26.7629],[87.9785,26.7713],[87.9659,26.7769],[87.9673,26.7896],[87.9653,26.7879],[87.9612,26.7811],[87.9601,26.7684],[87.9514,26.7638],[87.9569,26.7611],[87.9603,26.7496],[87.9524,26.7402],[87.9529,26.7284],[87.9381,26.7261],[87.9309,26.7188],[87.9291,26.7119],[87.9356,26.7089],[87.9358,26.7025],[87.939,26.6966],[87.9364,26.6884]]]},"properties":{"DISTRICT":"JHAPA"}},
{"type":"Feature","geometry":{"type":"Polygon","coordinates":[[[87.2924,26.3731],[87.3038,26.3659],[87.3148,26.3711],[87.3159,26.3673],[87.3244,26.3599],[87.3394,26.3511],[87.3435,26.3474],[87.3502,26.3513],[87.3608,26.3607],[87.3558,26.3718],[87.3589,26.3879],[87.3713,26.4077],[87.3786,26.4067],[87.391,26.4187],[87.4216,26.4224],[87.4303,26.4221],[87.4455,26.4327],[87.4648,26.4389],[87.4691,26.4401],[87.4935,26.436],[87.5189,26.4306],[87.5393,26.4207],[87.55,26.4182],[87.5553,26.4054],[87.5761,26.3957],[87.586,26.3933],[87.59,26.3925],[87.5896,26.3818],[87.6097,26.3808],[87.6146,26.3898],[87.63,26.3935],[87.6544,26.3932],[87.6528,26.4055],[87.6808,26.4155],[87.6802,26.4351],[87.6818,26.4351],[87.6746,26.4413],[87.6754,26.4495],[87.6615,26.458],[87.6596,26.4631],[87.6625,26.4695],[87.6542,26.478],[87.6513,26.4846],[87.651,26.4968],[87.6451,26.5071],[87.6452,26.5231],[87.6432,26.5276],[87.645,26.5402],[87.6484,26.5473],[87.6439,26.5579],[87.6434,26.5753],[87.6387,26.5807],[87.6446,26.5839],[87.6416,26.5892],[87.6407,26.5962],[87.649,26.5995],[87.6507,26.6089],[87.6571,26.6136],[87.6557,26.6259],[87.6565,26.6331],[87.6443,26.6505],[87.6452,26.667],[87.6554,26.6861],[87.6566,26.7106],[87.6578,26.7159],[87.6706,26.7224],[87.6809,26.7299],[87.6844,26.7354],[87.6865,26.7464],[87.6897,26.7497],[87.693,26.756],[87.6879,26.7572],[87.6849,26.7526],[87.6754,26.7536],[87.6743,26.7569],[87.6673,26.7591],[87.6705,26.7667],[87.6753,26.7703],[87.6818,26.7812],[87.6812,26.7842],[87.6586,26.7979],[87.6638,26.8061],[87.6639,26.8148],[87.655,26.8185],[87.6542,26.8249],[87.6421,26.832],[87.6377,26.8373],[87.6306,26.8395],[87.6096,26.8538],[87.6021,26.8618],[87.5826,26.861],[87.5788,26.8575],[87.5688,26.8571],[87.561,26.8631],[87.5485,26.8619],[87.5372,26.8623],[87.5343,26.8571],[87.5229,26.8618],[87.5117,26.8572],[87.51,26.8693],[87.5048,26.8731],[87.4988,26.8698],[87.493,26.872],[87.4749,26.865],[87.4668,26.863],[87.4557,26.8579],[87.4494,26.8647],[87.4297,26.8642],[87.4231,26.87],[87.403,26.863],[87.3945,26.8655],[87.3888,26.8593],[87.3869,26.8534],[87.3801,26.8485],[87.3715,26.8454],[87.3602,26.8484],[87.35,26.8493],[87.3564,26.8391],[87.3493,26.8246],[87.3516,26.8201],[87.3393,26.8042],[87.3304,26.795],[87.3262,26.7878],[87.3262,26.7751],[87.3321,26.7641],[87.3389,26.7567],[87.3413,26.748],[87.3376,26.7327],[87.3308,26.7238],[87.3276,26.7148],[87.3209,26.7073],[87.3165,26.7053],[87.3134,26.6985],[87.3116,26.6855],[87.3012,26.6723],[87.295,26.668],[87.2876,26.6573],[87.2938,26.6433],[87.2978,26.6385],[87.2967,26.6347],[87.3037,26.6292],[87.3029,26.6172],[87.2982,26.6098],[87.2911,26.6006],[87.2919,26.5955],[87.2877,26.5905],[87.2938,26.5778],[87.2898,26.5727],[87.2866,26.563],[87.2738,26.5497],[87.2678,26.5473],[87.2624,26.5393],[87.2636,26.5353],[87.2568,26.5331],[87.257,26.528],[87.253,26.5216],[87.2565,26.5197],[87.2524,26.5109],[87.2546,26.5046],[87.2477,26.4908],[87.2481,26.4859],[87.2464,26.4763],[87.2411,26.4696],[87.2476,26.4645],[87.2469,26.4584],[87.2494,26.4535],[87.2467,26.442],[87.2506,26.4322],[87.2454,26.4189],[87.2476,26.4139],[87.2523,26.4092],[87.2587,26.4108],[87.2686,26.4051],[87.2669,26.3853],[87.2684,26.3735],[87.2749,26.3723],[87.2924,26.3731]]]},"properties":{"DISTRICT":"MORANG"}},
{"type":"Feature","geometry":{"type":"Polygon","coordinates":[[[87.0163,26.7217],[87.0157,26.7148],[87.0124,26.7105],[87.0155,26.7004],[87.0168,26.6889],[87.0132,26.6826],[87.0153,26.6697],[87.0095,26.6666],[87.0047,26.656],[86.9974,26.6537],[86.9936,26.6492],[86.991,26.6355],[86.9879,26.6286],[86.9813,26.6249],[86.9893,26.6127],[86.9913,26.6027],[86.9869,26.5952],[86.9859,26.5836],[86.9942,26.5759],[86.9906,26.5685],[86.9755,26.5561],[86.9687,26.5463],[86.9593,26.5423],[86.9533,26.5369],[86.9357,26.5332],[86.9261,26.5227],[86.9183,26.5094],[86.9203,26.5041],[86.9141,26.4989],[86.9065,26.488],[86.9323,26.4893],[86.9309,26.4965],[86.9351,26.5164],[86.947,26.5168],[86.9492,26.5206],[86.9618,26.52],[86.9637,26.5235],[86.9775,26.5197],[86.9818,26.5248],[86.9933,26.5228],[87.0177,26.5318],[87.0226,26.5398],[87.0448,26.568],[87.0471,26.587],[87.0742,26.5855],[87.0744,26.584],[87.0755,26.577],[87.0746,26.5604],[87.0751,26.5416],[87.0784,26.537],[87.0823,26.5229],[87.0843,26.5122],[87.0901,26.4711],[87.094,26.45],[87.1115,26.4368],[87.1415,26.4146],[87.1649,26.4037],[87.1748,26.403],[87.1915,26.4052],[87.1889,26.4139],[87.2138,26.4128],[87.2135,26.409],[87.2232,26.4035],[87.2313,26.4134],[87.2476,26.4139],[87.2454,26.4189],[87.2506,26.4322],[87.2467,26.442],[87.2494,26.4535],[87.2469,26.4584],[87.2476,26.4645],[87.2411,26.4696],[87.2464,26.4763],[87.2481,26.4859],[87.2477,26.4908],[87.2546,26.5046],[87.2524,26.5109],[87.2565,26.5197],[87.253,26.5216],[87.257,26.528],[87.2568,26.5331],[87.2636,26.5353],[87.2624,26.5393],[87.2678,26.5473],[87.2738,26.5497],[87.2866,26.563],[87.2898,26.5727],[87.2938,26.5778],[87.2877,26.5905],[87.2919,26.5955],[87.2911,26.6006],[87.2982,26.6098],[87.3029,26.6172],[87.3037,26.6292],[87.2967,26.6347],[87.2978,26.6385],[87.2938,26.6433],[87.2876,26.6573],[87.295,26.668],[87.3012,26.6723],[87.3116,26.6855],[87.3134,26.6985],[87.3165,26.7053],[87.3209,26.7073],[87.3276,26.7148],[87.3308,26.7238],[87.3376,26.7327],[87.3413,26.748],[87.3389,26.7567],[87.3321,26.7641],[87.3262,26.7751],[87.3262,26.7878],[87.3304,26.795],[87.3393,26.8042],[87.3516,26.8201],[87.3493,26.8246],[87.3564,26.8391],[87.35,26.8493],[87.3463,26.8489],[87.3352,26.8551],[87.3281,26.8534],[87.3219,26.862],[87.3102,26.8716],[87.3037,26.8689],[87.3011,26.8739],[87.2866,26.8713],[87.276,26.8677],[87.2717,26.8687],[87.2589,26.8656],[87.2576,26.8678],[87.243,26.8753],[87.2352,26.8781],[87.2236,26.8687],[87.2207,26.8634],[87.2081,26.866],[87.2023,26.8657],[87.1841,26.8727],[87.1817,26.8768],[87.1673,26.8776],[87.1606,26.875],[87.1548,26.8681],[87.1519,26.8463],[87.1446,26.8351],[87.1467,26.8225],[87.1444,26.815],[87.1401,26.8122],[87.1313,26.7952],[87.1294,26.7858],[87.1243,26.7804],[87.1155,26.7647],[87.1063,26.7533],[87.1016,26.751],[87.0713,26.7501],[87.0671,26.7442],[87.0539,26.7493],[87.0458,26.7559],[87.0403,26.7537],[87.0356,26.7449],[87.0278,26.737],[87.027,26.7294],[87.0213,26.728],[87.0163,26.7217]]]},"properties":{"DISTRICT":"SUNSARI"}},
{"type":"Feature","geometry":{"type":"Polygon","coordinates":[[[87.5272,26.9601],[87.5148,26.9647],[87.5082,26.9715],[87.4987,26.9773],[87.4951,26.985],[87.49,26.9848],[87.4851,26.9806],[87.4864,26.9753],[87.4752,26.9774],[87.4688,26.974],[87.4663,26.9677],[87.4614,26.9681],[87.4512,26.9736],[87.4413,26.9708],[87.4405,26.9849],[87.4445,26.9972],[87.4435,27.0062],[87.4359,27.0104],[87.4311,27.0295],[87.4324,27.0367],[87.4292,27.046],[87.4225,27.0522],[87.4133,27.0637],[87.409,27.0656],[87.404,27.0735],[87.3989,27.0941],[87.3953,27.1001],[87.3972,27.1231],[87.4093,27.1361],[87.3996,27.1436],[87.3922,27.1476],[87.3892,27.158],[87.3815,27.1657],[87.3767,27.1669],[87.3795,27.1749],[87.3752,27.1827],[87.3671,27.1881],[87.3595,27.1906],[87.3448,27.1868],[87.3303,27.1879],[87.3149,27.182],[87.3042,27.1853],[87.2948,27.1901],[87.2877,27.1898],[87.2797,27.1857],[87.2681,27.1824],[87.2656,27.1771],[87.2731,27.1765],[87.2779,27.1602],[87.2772,27.1546],[87.273,27.1513],[87.2736,27.1428],[87.2598,27.1303],[87.2492,27.1279],[87.2489,27.1199],[87.2406,27.1168],[87.2344,27.1101],[87.2196,27.1059],[87.2165,27.0999],[87.2105,27.0966],[87.2045,27.0874],[87.1985,27.0876],[87.1934,27.0846],[87.1927,27.0766],[87.1856,27.0742],[87.1848,27.0626],[87.1813,27.052],[87.1858,27.0433],[87.1896,27.0334],[87.1931,27.0301],[87.198,27.019],[87.2009,27.0073],[87.1996,27],[87.1918,26.9924],[87.1849,26.9901],[87.1815,26.9843],[87.1758,26.983],[87.1698,26.9697],[87.1627,26.9657],[87.1662,26.9605],[87.1603,26.9529],[87.164,26.9472],[87.1576,26.9402],[87.1512,26.9387],[87.1526,26.933],[87.1607,26.9295],[87.1563,26.9258],[87.1586,26.9153],[87.1648,26.9094],[87.1707,26.8992],[87.1708,26.8875],[87.1673,26.8776],[87.1817,26.8768],[87.1841,26.8727],[87.2023,26.8657],[87.2081,26.866],[87.2207,26.8634],[87.2236,26.8687],[87.2352,26.8781],[87.243,26.8753],[87.2576,26.8678],[87.2589,26.8656],[87.2717,26.8687],[87.276,26.8677],[87.2866,26.8713],[87.3011,26.8739],[87.3037,26.8689],[87.3102,26.8716],[87.3219,26.862],[87.3281,26.8534],[87.3352,26.8551],[87.3463,26.8489],[87.35,26.8493],[87.3602,26.8484],[87.3715,26.8454],[87.3801,26.8485],[87.3869,26.8534],[87.3888,26.8593],[87.3945,26.8655],[87.403,26.863],[87.4231,26.87],[87.4297,26.8642],[87.4494,26.8647],[87.4557,26.8579],[87.4668,26.863],[87.4749,26.865],[87.493,26.872],[87.4988,26.8698],[87.5048,26.8731],[87.51,26.8693],[87.5117,26.8572],[87.5229,26.8618],[87.5343,26.8571],[87.5372,26.8623],[87.5485,26.8619],[87.561,26.8631],[87.5688,26.8571],[87.5788,26.8575],[87.5826,26.861],[87.5765,26.8713],[87.5702,26.8714],[87.5654,26.8823],[87.5519,26.8852],[87.5468,26.8888],[87.5327,26.8846],[87.5248,26.8845],[87.5338,26.8995],[87.5313,26.9086],[87.5336,26.9133],[87.5303,26.92],[87.5248,26.9257],[87.524,26.9351],[87.528,26.9388],[87.5272,26.9601]]]},"properties":{"DISTRICT":"DHANKUTA"}},
{"type":"Feature","geometry":{"type":"Polygon","coordinates":[[[87.6824,27.2707],[87.6723,27.2695],[87.6609,27.2699],[87.6539,27.2678],[87.6405,27.273],[87.6294,27.2747],[87.625,27.2794],[87.6093,27.2833],[87.5833,27.2839],[87.5727,27.2865],[87.5653,27.285],[87.5555,27.2857],[87.555,27.2857],[87.5447,27.2928],[87.5389,27.2908],[87.5317,27.2923],[87.5235,27.2967],[87.5191,27.2964],[87.5128,27.2899],[87.5044,27.2779],[87.4967,27.271],[87.4918,27.265],[87.4907,27.2599],[87.4822,27.2499],[87.4803,27.2367],[87.4712,27.2202],[87.4712,27.2028],[87.47,27.2013],[87.4726,27.1976],[87.4631,27.1906],[87.4566,27.1836],[87.4542,27.1793],[87.4442,27.1799],[87.4233,27.1764],[87.4143,27.1672],[87.4086,27.1537],[87.4119,27.1444],[87.4093,27.1361],[87.3972,27.1231],[87.3953,27.1001],[87.3989,27.0941],[87.404,27.0735],[87.409,27.0656],[87.4133,27.0637],[87.4225,27.0522],[87.4292,27.046],[87.4324,27.0367],[87.4311,27.0295],[87.4359,27.0104],[87.4435,27.0062],[87.4445,26.9972],[87.4405,26.9849],[87.4413,26.9708],[87.4512,26.9736],[87.4614,26.9681],[87.4663,26.9677],[87.4688,26.974],[87.4752,26.9774],[87.4864,26.9753],[87.4851,26.9806],[87.49,26.9848],[87.4951,26.985],[87.504,26.9842],[87.5145,26.9908],[87.5226,27.0023],[87.5385,27.0132],[87.5385,27.0164],[87.5446,27.0227],[87.542,27.0334],[87.5356,27.0343],[87.5374,27.0402],[87.5452,27.0509],[87.5562,27.0557],[87.5656,27.0621],[87.5731,27.0697],[87.5799,27.0849],[87.5852,27.0888],[87.5919,27.0995],[87.606,27.1076],[87.6133,27.1101],[87.6266,27.1136],[87.6395,27.1232],[87.6458,27.125],[87.6481,27.1295],[87.666,27.1326],[87.6796,27.1426],[87.6849,27.1415],[87.6936,27.1429],[87.6976,27.1468],[87.7026,27.1467],[87.7126,27.1554],[87.7143,27.1604],[87.7135,27.1708],[87.7162,27.1805],[87.7225,27.1892],[87.7299,27.193],[87.7475,27.1991],[87.754,27.2078],[87.7538,27.2178],[87.7482,27.2244],[87.7418,27.2274],[87.7365,27.2339],[87.7303,27.2353],[87.7257,27.2417],[87.7183,27.2433],[87.7104,27.2484],[87.7067,27.2532],[87.6886,27.2616],[87.6824,27.2707]]]},"properties":{"DISTRICT":"TEHRATHUM"}},
{"type":"Feature","geometry":{"type":"Polygon","coordinates":[[[87.668,27.8066],[87.6656,27.8224],[87.6723,27.8298],[87.6721,27.8346],[87.6615,27.8364],[87.6496,27.8335],[87.6447,27.8348],[87.6351,27.8324],[87.6351,27.8252],[87.6299,27.8212],[87.6199,27.819],[87.6167,27.8117],[87.6135,27.8106],[87.6092,27.8176],[87.6035,27.821],[87.5936,27.8192],[87.5915,27.8276],[87.5937,27.8318],[87.5885,27.8495],[87.5813,27.8618],[87.5735,27.8614],[87.565,27.8668],[87.5547,27.8649],[87.5531,27.8576],[87.5468,27.8487],[87.538,27.8427],[87.5347,27.8452],[87.5233,27.8433],[87.5105,27.8469],[87.4945,27.8441],[87.4926,27.8462],[87.4783,27.8395],[87.4737,27.8343],[87.4609,27.8252],[87.4523,27.8221],[87.4414,27.825],[87.4274,27.8307],[87.4142,27.8336],[87.4132,27.8391],[87.4337,27.8415],[87.4357,27.846],[87.4285,27.8519],[87.4282,27.8586],[87.4217,27.8603],[87.4099,27.8564],[87.4044,27.8514],[87.3902,27.8489],[87.3748,27.8441],[87.3632,27.8286],[87.3578,27.8272],[87.3505,27.8302],[87.348,27.8276],[87.3407,27.8297],[87.3325,27.8269],[87.3202,27.8263],[87.307,27.8352],[87.3066,27.8429],[87.2873,27.8443],[87.2677,27.8506],[87.2593,27.8488],[87.2563,27.8452],[87.2412,27.8392],[87.2318,27.8265],[87.2261,27.8225],[87.2203,27.8233],[87.1957,27.8197],[87.1856,27.822],[87.1753,27.8211],[87.1592,27.8242],[87.1562,27.8286],[87.1435,27.8367],[87.1286,27.8348],[87.1244,27.8391],[87.1184,27.8401],[87.1142,27.8451],[87.1106,27.8545],[87.11,27.8737],[87.1073,27.8775],[87.0913,27.8824],[87.0845,27.8992],[87.0803,27.9026],[87.0811,27.9149],[87.0683,27.9237],[87.0559,27.9264],[87.0528,27.934],[87.0492,27.9371],[87.0416,27.9502],[87.0272,27.9496],[87.0182,27.9575],[87.012,27.9534],[86.9947,27.9546],[86.9858,27.9492],[86.9816,27.9351],[86.982,27.9228],[86.9836,27.9196],[86.9762,27.9158],[86.9703,27.9075],[86.9695,27.9024],[86.9757,27.8948],[86.9761,27.8782],[86.9811,27.8735],[86.9923,27.8503],[86.9922,27.8392],[86.9878,27.8332],[86.9797,27.827],[86.9868,27.8239],[86.9937,27.8257],[87.0007,27.8241],[87.0028,27.8207],[87.0112,27.8175],[87.0126,27.8145],[86.9961,27.7949],[86.9863,27.7918],[86.9885,27.7801],[86.9822,27.7757],[86.9823,27.7669],[86.9855,27.7558],[86.9814,27.75],[86.9966,27.7408],[86.9978,27.7315],[87.0052,27.7297],[87.0107,27.7257],[87.0076,27.7112],[87.0029,27.7072],[87.0019,27.7012],[86.9921,27.6928],[86.9894,27.6849],[86.9904,27.6682],[86.9891,27.6562],[86.9862,27.646],[86.9787,27.6411],[86.9759,27.6357],[86.9621,27.6195],[86.9598,27.6086],[86.9565,27.6052],[86.959,27.5998],[86.9586,27.5771],[86.9559,27.5721],[86.9656,27.5667],[86.969,27.5587],[86.9692,27.5413],[86.9549,27.5327],[86.9504,27.5276],[86.9457,27.5166],[86.9458,27.5075],[86.9497,27.5004],[86.9595,27.4917],[86.9654,27.4832],[86.9501,27.4738],[86.9488,27.4665],[86.9426,27.4589],[86.9573,27.4579],[86.9667,27.4495],[86.9775,27.4466],[86.9829,27.4416],[86.9956,27.4381],[87.0061,27.4382],[87.0125,27.4358],[87.0336,27.4424],[87.0414,27.4472],[87.0473,27.4469],[87.0583,27.4409],[87.0693,27.4547],[87.0756,27.4596],[87.08,27.4573],[87.0886,27.4576],[87.0967,27.4552],[87.1059,27.4618],[87.1189,27.457],[87.1271,27.4572],[87.1379,27.4525],[87.1428,27.4472],[87.136,27.4361],[87.1296,27.434],[87.1265,27.426],[87.129,27.4234],[87.1304,27.4138],[87.1326,27.409],[87.1281,27.4038],[87.1337,27.3945],[87.1433,27.3942],[87.1535,27.3862],[87.1559,27.3819],[87.1711,27.3756],[87.1783,27.3657],[87.1947,27.3521],[87.1945,27.3464],[87.1873,27.3375],[87.1876,27.3339],[87.1941,27.3292],[87.1847,27.3163],[87.204,27.3011],[87.2022,27.2942],[87.2043,27.2874],[87.2093,27.2811],[87.2071,27.2733],[87.2093,27.2705],[87.2067,27.26],[87.208,27.2541],[87.2054,27.2455],[87.2136,27.2434],[87.2186,27.2331],[87.2299,27.2286],[87.2323,27.2221],[87.2392,27.2178],[87.2408,27.211],[87.2493,27.1975],[87.2493,27.1916],[87.2609,27.1832],[87.2656,27.1771],[87.2681,27.1824],[87.2797,27.1857],[87.2877,27.1898],[87.2948,27.1901],[87.3042,27.1853],[87.3149,27.182],[87.3303,27.1879],[87.3448,27.1868],[87.3595,27.1906],[87.3671,27.1881],[87.3752,27.1827],[87.3795,27.1749],[87.3767,27.1669],[87.3815,27.1657],[87.3892,27.158],[87.3922,27.1476],[87.3996,27.1436],[87.4093,27.1361],[87.4119,27.1444],[87.4086,27.1537],[87.4143,27.1672],[87.4233,27.1764],[87.4442,27.1799],[87.4542,27.1793],[87.4566,27.1836],[87.4631,27.1906],[87.4726,27.1976],[87.47,27.2013],[87.4712,27.2028],[87.4712,27.2202],[87.4803,27.2367],[87.4822,27.2499],[87.4907,27.2599],[87.4918,27.265],[87.4967,27.271],[87.5044,27.2779],[87.5128,27.2899],[87.5191,27.2964],[87.5188,27.3021],[87.5154,27.3067],[87.5,27.3136],[87.4967,27.3218],[87.4951,27.3322],[87.4815,27.3442],[87.4745,27.3591],[87.4679,27.3677],[87.461,27.3713],[87.4592,27.3864],[87.4549,27.3916],[87.447,27.4059],[87.4496,27.4136],[87.4557,27.4188],[87.4587,27.4256],[87.4636,27.4464],[87.4631,27.4664],[87.4614,27.474],[87.4669,27.4804],[87.4724,27.4842],[87.4742,27.4894],[87.469,27.4956],[87.4723,27.4996],[87.4703,27.5045],[87.473,27.5089],[87.4789,27.5121],[87.4801,27.5169],[87.4775,27.5269],[87.4811,27.5332],[87.4827,27.5417],[87.4896,27.5461],[87.4846,27.5547],[87.4844,27.5669],[87.4908,27.5701],[87.4923,27.5766],[87.501,27.5807],[87.5153,27.5987],[87.5227,27.5964],[87.5275,27.5926],[87.5319,27.5946],[87.5303,27.6028],[87.5331,27.6139],[87.5387,27.6243],[87.5372,27.6314],[87.5475,27.6374],[87.5468,27.6455],[87.5423,27.6507],[87.5348,27.6519],[87.548,27.6592],[87.5482,27.6652],[87.5522,27.6714],[87.5519,27.6805],[87.5554,27.6876],[87.5602,27.6905],[87.5636,27.6981],[87.5772,27.6929],[87.577,27.6845],[87.58,27.6775],[87.5839,27.6757],[87.5905,27.6803],[87.6026,27.6791],[87.605,27.6737],[87.6104,27.675],[87.613,27.6828],[87.6192,27.6902],[87.6153,27.6991],[87.6177,27.7043],[87.6245,27.7116],[87.6291,27.7124],[87.6419,27.7098],[87.6404,27.7182],[87.6467,27.7269],[87.6438,27.7307],[87.6527,27.7372],[87.6579,27.739],[87.6664,27.7505],[87.6606,27.7623],[87.6676,27.7656],[87.672,27.7715],[87.6734,27.7804],[87.6794,27.7883],[87.6751,27.7992],[87.668,27.8066]]]},"properties":{"DISTRICT":"SANKHUWASABHA"}},
{"type":"Feature","geometry":{"type":"Polygon","coordinates":[[[87.119,26.9229],[87.1296,26.9242],[87.1379,26.927],[87.1515,26.9252],[87.1586,26.9153],[87.1563,26.9258],[87.1607,26.9295],[87.1526,26.933],[87.1512,26.9387],[87.1576,26.9402],[87.164,26.9472],[87.1603,26.9529],[87.1662,26.9605],[87.1627,26.9657],[87.1698,26.9697],[87.1758,26.983],[87.1815,26.9843],[87.1849,26.9901],[87.1918,26.9924],[87.1996,27],[87.2009,27.0073],[87.198,27.019],[87.1931,27.0301],[87.1896,27.0334],[87.1858,27.0433],[87.1813,27.052],[87.1848,27.0626],[87.1856,27.0742],[87.1927,27.0766],[87.1934,27.0846],[87.1985,27.0876],[87.2045,27.0874],[87.2105,27.0966],[87.2165,27.0999],[87.2196,27.1059],[87.2344,27.1101],[87.2406,27.1168],[87.2489,27.1199],[87.2492,27.1279],[87.2598,27.1303],[87.2736,27.1428],[87.273,27.1513],[87.2772,27.1546],[87.2779,27.1602],[87.2731,27.1765],[87.2656,27.1771],[87.2609,27.1832],[87.2493,27.1916],[87.2493,27.1975],[87.2408,27.211],[87.2392,27.2178],[87.2323,27.2221],[87.2299,27.2286],[87.2186,27.2331],[87.2136,27.2434],[87.2054,27.2455],[87.208,27.2541],[87.2067,27.26],[87.2093,27.2705],[87.2071,27.2733],[87.2093,27.2811],[87.2043,27.2874],[87.2022,27.2942],[87.204,27.3011],[87.1847,27.3163],[87.1941,27.3292],[87.1876,27.3339],[87.1873,27.3375],[87.1945,27.3464],[87.1947,27.3521],[87.1783,27.3657],[87.1711,27.3756],[87.1559,27.3819],[87.1535,27.3862],[87.1433,27.3942],[87.1337,27.3945],[87.1281,27.4038],[87.1326,27.409],[87.1304,27.4138],[87.129,27.4234],[87.1265,27.426],[87.1296,27.434],[87.136,27.4361],[87.1428,27.4472],[87.1379,27.4525],[87.1271,27.4572],[87.1189,27.457],[87.1059,27.4618],[87.0967,27.4552],[87.0886,27.4576],[87.08,27.4573],[87.0756,27.4596],[87.0693,27.4547],[87.0583,27.4409],[87.0473,27.4469],[87.0414,27.4472],[87.0336,27.4424],[87.0125,27.4358],[87.0061,27.4382],[86.9956,27.4381],[86.9829,27.4416],[86.9775,27.4466],[86.9667,27.4495],[86.9573,27.4579],[86.9426,27.4589],[86.9412,27.4503],[86.9333,27.4412],[86.9183,27.44],[86.9085,27.4332],[86.9129,27.4073],[86.9234,27.3887],[86.933,27.3847],[86.9284,27.3721],[86.9363,27.3538],[86.9453,27.3539],[86.9492,27.3515],[86.9537,27.3429],[86.9505,27.3375],[86.9675,27.3226],[86.9709,27.3176],[86.9878,27.308],[86.9723,27.2997],[86.9677,27.2948],[86.968,27.2843],[86.9609,27.2761],[86.9533,27.2715],[86.9507,27.2658],[86.9434,27.2653],[86.9318,27.268],[86.9159,27.2665],[86.9023,27.2562],[86.9019,27.25],[86.9074,27.2443],[86.9094,27.2383],[86.916,27.2312],[86.9266,27.227],[86.9308,27.2229],[86.9321,27.2035],[86.9301,27.197],[86.9205,27.1869],[86.9191,27.1766],[86.9152,27.1693],[86.9192,27.1674],[86.9248,27.1581],[86.9221,27.1468],[86.9231,27.1404],[86.9173,27.1272],[86.9104,27.1266],[86.9041,27.1222],[86.8972,27.1146],[86.9007,27.1129],[86.9056,27.1044],[86.9198,27.0969],[86.9268,27.0912],[86.9449,27.087],[86.9491,27.085],[86.9525,27.0765],[86.9592,27.0721],[86.9671,27.0577],[86.9644,27.05],[86.9564,27.0479],[86.9527,27.0313],[86.9475,27.0199],[86.952,27.0191],[86.9575,27.0135],[86.9696,27.0071],[86.9708,27.0008],[86.966,26.9886],[86.9595,26.9851],[86.9608,26.9808],[86.9694,26.9809],[86.975,26.973],[86.9738,26.9621],[86.9754,26.9566],[86.9736,26.9507],[86.9689,26.9466],[86.9671,26.9412],[86.9675,26.9274],[86.958,26.9208],[86.9598,26.9183],[86.9522,26.9074],[86.954,26.9043],[86.9686,26.9007],[86.9806,26.8994],[86.984,26.8949],[86.995,26.8912],[87.0058,26.8864],[87.0079,26.8915],[87.0142,26.8911],[87.0283,26.8977],[87.033,26.9024],[87.0402,26.9009],[87.0446,26.9069],[87.0527,26.9021],[87.0601,26.9088],[87.0793,26.9084],[87.0863,26.9118],[87.0963,26.9102],[87.0952,26.9158],[87.1112,26.9173],[87.119,26.9229]]]},"properties":{"DISTRICT":"BHOJPUR"}},
{"type":"Feature","geometry":{"type":"Polygon","coordinates":[[[86.817,27.4329],[86.8254,27.4397],[86.8333,27.4319],[86.8376,27.4306],[86.8474,27.4329],[86.8506,27.4341],[86.8616,27.4351],[86.8744,27.428],[86.8925,27.4346],[86.9085,27.4332],[86.9183,27.44],[86.9333,27.4412],[86.9412,27.4503],[86.9426,27.4589],[86.9488,27.4665],[86.9501,27.4738],[86.9654,27.4832],[86.9595,27.4917],[86.9497,27.5004],[86.9458,27.5075],[86.9457,27.5166],[86.9504,27.5276],[86.9549,27.5327],[86.9692,27.5413],[86.969,27.5587],[86.9656,27.5667],[86.9559,27.5721],[86.9586,27.5771],[86.959,27.5998],[86.9565,27.6052],[86.9598,27.6086],[86.9621,27.6195],[86.9759,27.6357],[86.9787,27.6411],[86.9862,27.646],[86.9891,27.6562],[86.9904,27.6682],[86.9894,27.6849],[86.9921,27.6928],[87.0019,27.7012],[87.0029,27.7072],[87.0076,27.7112],[87.0107,27.7257],[87.0052,27.7297],[86.9978,27.7315],[86.9966,27.7408],[86.9814,27.75],[86.9855,27.7558],[86.9823,27.7669],[86.9822,27.7757],[86.9885,27.7801],[86.9863,27.7918],[86.9961,27.7949],[87.0126,27.8145],[87.0112,27.8175],[87.0028,27.8207],[87.0007,27.8241],[86.9937,27.8257],[86.9868,27.8239],[86.9797,27.827],[86.9878,27.8332],[86.9922,27.8392],[86.9923,27.8503],[86.9811,27.8735],[86.9761,27.8782],[86.9757,27.8948],[86.9695,27.9024],[86.9703,27.9075],[86.9762,27.9158],[86.9836,27.9196],[86.982,27.9228],[86.9816,27.9351],[86.9858,27.9492],[86.9756,27.9541],[86.9519,27.9566],[86.9359,27.9623],[86.9356,27.9774],[86.9284,27.9841],[86.9278,27.9876],[86.9205,27.9888],[86.912,27.9928],[86.8924,27.9967],[86.8838,28.0028],[86.8736,28.013],[86.875,28.0219],[86.8699,28.025],[86.8565,28.0279],[86.8507,28.0247],[86.8499,28.0197],[86.8383,28.0151],[86.8305,28.015],[86.8227,28.0195],[86.8143,28.0188],[86.8075,28.023],[86.7925,28.0187],[86.783,28.0261],[86.7827,28.0312],[86.7754,28.0378],[86.7615,28.0348],[86.7554,28.0377],[86.7496,28.0454],[86.7496,28.051],[86.7539,28.0547],[86.7556,28.0647],[86.7586,28.069],[86.7674,28.0745],[86.7558,28.0791],[86.7499,28.0856],[86.751,28.0941],[86.7407,28.1035],[86.7291,28.1034],[86.7179,28.1077],[86.7134,28.1058],[86.6915,28.1084],[86.6829,28.1034],[86.6711,28.1007],[86.6636,28.0948],[86.6604,28.0809],[86.6524,28.0746],[86.6414,28.0732],[86.6372,28.0705],[86.628,28.074],[86.6184,28.0733],[86.6108,28.0758],[86.605,28.0873],[86.6104,28.0919],[86.6049,28.1017],[86.5918,28.1043],[86.5908,28.1078],[86.5768,28.1128],[86.5707,28.1116],[86.5648,28.1069],[86.5645,28.1009],[86.569,28.0942],[86.5667,28.0862],[86.5621,28.0825],[86.5611,28.0772],[86.5678,28.0687],[86.5606,28.0632],[86.5582,28.0565],[86.5513,28.0505],[86.5389,28.0506],[86.5358,28.0464],[86.5358,28.0379],[86.5312,28.024],[86.5246,28.0166],[86.522,28.0044],[86.5187,27.9987],[86.5182,27.9898],[86.5152,27.9845],[86.5211,27.9713],[86.5149,27.9687],[86.518,27.9564],[86.5206,27.9529],[86.5223,27.9438],[86.5262,27.9396],[86.5369,27.9414],[86.5412,27.9354],[86.5502,27.9302],[86.5522,27.9189],[86.5558,27.9116],[86.5567,27.9024],[86.5542,27.8988],[86.557,27.8853],[86.5537,27.878],[86.5565,27.8569],[86.5526,27.8481],[86.5516,27.8414],[86.5428,27.8146],[86.5448,27.8109],[86.5488,27.8112],[86.5695,27.8037],[86.568,27.7993],[86.5712,27.7951],[86.5686,27.787],[86.5683,27.776],[86.5663,27.7702],[86.5685,27.7623],[86.5752,27.7543],[86.5653,27.7491],[86.5657,27.7447],[86.5607,27.7382],[86.5593,27.7283],[86.5534,27.7106],[86.5427,27.7013],[86.5414,27.6829],[86.539,27.6783],[86.5404,27.67],[86.535,27.6623],[86.5296,27.6593],[86.5286,27.6501],[86.5186,27.6466],[86.5094,27.6399],[86.5064,27.6291],[86.5023,27.6201],[86.4949,27.6135],[86.487,27.6169],[86.479,27.6155],[86.4721,27.6168],[86.4372,27.61],[86.4326,27.604],[86.4223,27.598],[86.4204,27.5911],[86.4102,27.5842],[86.4006,27.583],[86.3901,27.5722],[86.3842,27.5715],[86.3787,27.5678],[86.3711,27.5562],[86.3731,27.5517],[86.3609,27.5395],[86.36,27.5293],[86.358,27.526],[86.3632,27.5254],[86.3667,27.521],[86.3783,27.5157],[86.3889,27.5158],[86.4006,27.5179],[86.4039,27.5167],[86.4129,27.5068],[86.4139,27.5001],[86.4204,27.4919],[86.4278,27.4855],[86.442,27.4855],[86.4526,27.4656],[86.4557,27.4622],[86.4569,27.4542],[86.4698,27.4453],[86.4628,27.4335],[86.4725,27.4224],[86.4873,27.4222],[86.4937,27.4273],[86.505,27.4251],[86.5113,27.4115],[86.5268,27.4024],[86.5289,27.398],[86.5344,27.3965],[86.5379,27.3883],[86.5405,27.3867],[86.5504,27.378],[86.5601,27.3721],[86.5674,27.3641],[86.5661,27.3544],[86.5691,27.3458],[86.5732,27.3405],[86.5937,27.3433],[86.6007,27.3411],[86.6094,27.3431],[86.6374,27.3378],[86.6603,27.3397],[86.6731,27.3523],[86.681,27.3532],[86.6812,27.3657],[86.6847,27.3726],[86.6858,27.3818],[86.6833,27.3899],[86.6904,27.3931],[86.6987,27.3931],[86.7122,27.3953],[86.7366,27.3943],[86.7436,27.3972],[86.7542,27.3942],[86.76,27.3983],[86.768,27.4084],[86.7736,27.4114],[86.7843,27.4105],[86.791,27.4072],[86.7937,27.4107],[86.8062,27.4151],[86.8106,27.4221],[86.8134,27.4307],[86.817,27.4329]]]},"properties":{"DISTRICT":"SOLUKHUMBU"}},
{"type":"Feature","geometry":{"type":"Polygon","coordinates":[[[86.286,27.2459],[86.2903,27.2454],[86.2979,27.2379],[86.3085,27.2369],[86.3107,27.2336],[86.3183,27.2311],[86.3434,27.2287],[86.3454,27.2188],[86.3424,27.2099],[86.3473,27.2018],[86.3612,27.2008],[86.3711,27.1922],[86.3791,27.1937],[86.3824,27.1919],[86.3861,27.1828],[86.3922,27.1796],[86.4016,27.1767],[86.4046,27.1701],[86.4139,27.1691],[86.4196,27.1652],[86.4227,27.1497],[86.4311,27.1466],[86.4359,27.1488],[86.4367,27.1522],[86.4496,27.1639],[86.4669,27.1664],[86.4734,27.171],[86.476,27.1764],[86.4866,27.1801],[86.4927,27.1859],[86.5144,27.1868],[86.5272,27.1923],[86.5336,27.2016],[86.5417,27.2081],[86.5594,27.2265],[86.5628,27.2239],[86.5678,27.2231],[86.5759,27.2266],[86.579,27.2243],[86.5932,27.2259],[86.5999,27.2343],[86.6196,27.2343],[86.623,27.2367],[86.6243,27.2463],[86.6346,27.25],[86.6369,27.2561],[86.6463,27.2582],[86.6525,27.2636],[86.66,27.2626],[86.6629,27.2685],[86.6704,27.2682],[86.6731,27.2718],[86.6694,27.2776],[86.6752,27.2878],[86.6697,27.2972],[86.6786,27.2982],[86.6795,27.3024],[86.6882,27.3092],[86.6864,27.3135],[86.6864,27.3197],[86.6831,27.3227],[86.685,27.328],[86.6818,27.3355],[86.6831,27.3449],[86.681,27.3532],[86.6731,27.3523],[86.6603,27.3397],[86.6374,27.3378],[86.6094,27.3431],[86.6007,27.3411],[86.5937,27.3433],[86.5732,27.3405],[86.5691,27.3458],[86.5661,27.3544],[86.5674,27.3641],[86.5601,27.3721],[86.5504,27.378],[86.5405,27.3867],[86.5379,27.3883],[86.5344,27.3965],[86.5289,27.398],[86.5268,27.4024],[86.5113,27.4115],[86.505,27.4251],[86.4937,27.4273],[86.4873,27.4222],[86.4725,27.4224],[86.4628,27.4335],[86.4698,27.4453],[86.4569,27.4542],[86.4557,27.4622],[86.4526,27.4656],[86.442,27.4855],[86.4278,27.4855],[86.4204,27.4919],[86.4139,27.5001],[86.4129,27.5068],[86.4039,27.5167],[86.4006,27.5179],[86.3889,27.5158],[86.3783,27.5157],[86.3667,27.521],[86.3632,27.5254],[86.358,27.526],[86.3407,27.5198],[86.3356,27.5106],[86.3284,27.5043],[86.3274,27.5],[86.3211,27.4978],[86.3179,27.4922],[86.3054,27.4822],[86.2978,27.479],[86.2945,27.4703],[86.2875,27.4662],[86.2791,27.4639],[86.2653,27.4548],[86.2589,27.4428],[86.2582,27.4353],[86.2503,27.4242],[86.2498,27.4191],[86.2436,27.4179],[86.2399,27.4124],[86.2378,27.4034],[86.2301,27.3976],[86.2293,27.3884],[86.2268,27.3828],[86.2271,27.3703],[86.2216,27.3623],[86.2242,27.3601],[86.2195,27.3525],[86.2181,27.3336],[86.2213,27.3228],[86.2308,27.3199],[86.236,27.3074],[86.2404,27.3028],[86.2382,27.2951],[86.2425,27.288],[86.2339,27.2815],[86.2137,27.2635],[86.2066,27.2537],[86.2059,27.25],[86.2259,27.2387],[86.2315,27.2371],[86.2414,27.2406],[86.2443,27.2459],[86.2507,27.2479],[86.258,27.253],[86.2594,27.2575],[86.2795,27.2499],[86.286,27.2459]]]},"properties":{"DISTRICT":"OKHALDHUNGA"}},
{"type":"Feature","geometry":{"type":"Polygon","coordinates":[[[86.6864,27.3135],[86.6882,27.3092],[86.6795,27.3024],[86.6786,27.2982],[86.6697,27.2972],[86.6752,27.2878],[86.6694,27.2776],[86.6731,27.2718],[86.6704,27.2682],[86.6629,27.2685],[86.66,27.2626],[86.6525,27.2636],[86.6463,27.2582],[86.6369,27.2561],[86.6346,27.25],[86.6243,27.2463],[86.623,27.2367],[86.6196,27.2343],[86.5999,27.2343],[86.5932,27.2259],[86.579,27.2243],[86.5759,27.2266],[86.5678,27.2231],[86.5628,27.2239],[86.5594,27.2265],[86.5417,27.2081],[86.5336,27.2016],[86.5272,27.1923],[86.5144,27.1868],[86.4927,27.1859],[86.4866,27.1801],[86.476,27.1764],[86.4734,27.171],[86.4669,27.1664],[86.4496,27.1639],[86.4367,27.1522],[86.4359,27.1488],[86.4405,27.1457],[86.4369,27.1408],[86.4308,27.138],[86.4287,27.1338],[86.4344,27.1303],[86.4443,27.1335],[86.4497,27.1303],[86.451,27.1252],[86.4566,27.1193],[86.4613,27.1181],[86.4618,27.1053],[86.4677,27.1021],[86.4778,27.1024],[86.4808,27.1064],[86.4874,27.1092],[86.4931,27.1045],[86.4966,27.1056],[86.5033,27.1132],[86.5169,27.1139],[86.5239,27.1186],[86.5268,27.1252],[86.5356,27.1348],[86.5481,27.137],[86.553,27.1407],[86.5582,27.1407],[86.564,27.1452],[86.5752,27.1482],[86.5787,27.1511],[86.5877,27.1515],[86.6072,27.1398],[86.6159,27.1398],[86.6317,27.1339],[86.6427,27.1327],[86.6547,27.1285],[86.6572,27.1251],[86.6712,27.1197],[86.6743,27.113],[86.6841,27.104],[86.6918,27.1023],[86.7017,27.0927],[86.7021,27.0886],[86.7039,27.0821],[86.7133,27.0728],[86.7137,27.0661],[86.7221,27.0622],[86.7223,27.0558],[86.7291,27.0446],[86.7292,27.0391],[86.7346,27.0343],[86.7413,27.0327],[86.7494,27.0245],[86.7516,27.0098],[86.7559,27.0052],[86.7565,26.9968],[86.7548,26.9886],[86.7589,26.9855],[86.7574,26.9741],[86.7629,26.9706],[86.7669,26.9572],[86.7639,26.9424],[86.7656,26.9391],[86.7665,26.9366],[86.7636,26.9222],[86.7684,26.9141],[86.7705,26.9014],[86.7754,26.8978],[86.7739,26.8863],[86.7836,26.8868],[86.7868,26.8807],[86.8015,26.8776],[86.8077,26.8726],[86.8164,26.8744],[86.8248,26.8719],[86.8294,26.8742],[86.8362,26.8745],[86.84,26.8834],[86.8498,26.8876],[86.8567,26.8885],[86.8652,26.8948],[86.8884,26.8981],[86.9031,26.8958],[86.9089,26.8976],[86.9193,26.8967],[86.9268,26.9043],[86.9426,26.9032],[86.954,26.9043],[86.9522,26.9074],[86.9598,26.9183],[86.958,26.9208],[86.9675,26.9274],[86.9671,26.9412],[86.9689,26.9466],[86.9736,26.9507],[86.9754,26.9566],[86.9738,26.9621],[86.975,26.973],[86.9694,26.9809],[86.9608,26.9808],[86.9595,26.9851],[86.966,26.9886],[86.9708,27.0008],[86.9696,27.0071],[86.9575,27.0135],[86.952,27.0191],[86.9475,27.0199],[86.9527,27.0313],[86.9564,27.0479],[86.9644,27.05],[86.9671,27.0577],[86.9592,27.0721],[86.9525,27.0765],[86.9491,27.085],[86.9449,27.087],[86.9268,27.0912],[86.9198,27.0969],[86.9056,27.1044],[86.9007,27.1129],[86.8972,27.1146],[86.9041,27.1222],[86.9104,27.1266],[86.9173,27.1272],[86.9231,27.1404],[86.9221,27.1468],[86.9248,27.1581],[86.9192,27.1674],[86.9152,27.1693],[86.9191,27.1766],[86.9205,27.1869],[86.9301,27.197],[86.9321,27.2035],[86.9308,27.2229],[86.9266,27.227],[86.916,27.2312],[86.9094,27.2383],[86.9074,27.2443],[86.9019,27.25],[86.9023,27.2562],[86.9159,27.2665],[86.9318,27.268],[86.9434,27.2653],[86.9507,27.2658],[86.9533,27.2715],[86.9609,27.2761],[86.968,27.2843],[86.9677,27.2948],[86.9723,27.2997],[86.9878,27.308],[86.9709,27.3176],[86.9675,27.3226],[86.9505,27.3375],[86.9537,27.3429],[86.9492,27.3515],[86.9453,27.3539],[86.9363,27.3538],[86.9284,27.3721],[86.933,27.3847],[86.9234,27.3887],[86.9129,27.4073],[86.9085,27.4332],[86.8925,27.4346],[86.8744,27.428],[86.8616,27.4351],[86.8506,27.4341],[86.8474,27.4329],[86.8376,27.4306],[86.8333,27.4319],[86.8254,27.4397],[86.817,27.4329],[86.8134,27.4307],[86.8106,27.4221],[86.8062,27.4151],[86.7937,27.4107],[86.791,27.4072],[86.7843,27.4105],[86.7736,27.4114],[86.768,27.4084],[86.76,27.3983],[86.7542,27.3942],[86.7436,27.3972],[86.7366,27.3943],[86.7122,27.3953],[86.6987,27.3931],[86.6904,27.3931],[86.6833,27.3899],[86.6858,27.3818],[86.6847,27.3726],[86.6812,27.3657],[86.681,27.3532],[86.6831,27.3449],[86.6818,27.3355],[86.685,27.328],[86.6831,27.3227],[86.6864,27.3197],[86.6864,27.3135]]]},"properties":{"DISTRICT":"KHOTANG"}},
{"type":"Feature","geometry":{"type":"Polygon","coordinates":[[[87.1586,26.9153],[87.1515,26.9252],[87.1379,26.927],[87.1296,26.9242],[87.119,26.9229],[87.1112,26.9173],[87.0952,26.9158],[87.0963,26.9102],[87.0863,26.9118],[87.0793,26.9084],[87.0601,26.9088],[87.0527,26.9021],[87.0446,26.9069],[87.0402,26.9009],[87.033,26.9024],[87.0283,26.8977],[87.0142,26.8911],[87.0079,26.8915],[87.0058,26.8864],[86.995,26.8912],[86.984,26.8949],[86.9806,26.8994],[86.9686,26.9007],[86.954,26.9043],[86.9426,26.9032],[86.9268,26.9043],[86.9193,26.8967],[86.9089,26.8976],[86.9031,26.8958],[86.8884,26.8981],[86.8652,26.8948],[86.8567,26.8885],[86.8498,26.8876],[86.84,26.8834],[86.8362,26.8745],[86.8294,26.8742],[86.8248,26.8719],[86.8164,26.8744],[86.8077,26.8726],[86.8015,26.8776],[86.7868,26.8807],[86.7836,26.8868],[86.7739,26.8863],[86.7754,26.8978],[86.7705,26.9014],[86.7684,26.9141],[86.7636,26.9222],[86.7665,26.9366],[86.7656,26.9391],[86.7639,26.9424],[86.7669,26.9572],[86.7629,26.9706],[86.7574,26.9741],[86.7589,26.9855],[86.7548,26.9886],[86.7565,26.9968],[86.7559,27.0052],[86.7516,27.0098],[86.7494,27.0245],[86.7413,27.0327],[86.7346,27.0343],[86.7292,27.0391],[86.7291,27.0446],[86.7223,27.0558],[86.7221,27.0622],[86.7137,27.0661],[86.7133,27.0728],[86.7039,27.0821],[86.7021,27.0886],[86.7017,27.0927],[86.6918,27.1023],[86.6841,27.104],[86.6743,27.113],[86.6712,27.1197],[86.6572,27.1251],[86.6547,27.1285],[86.6427,27.1327],[86.6317,27.1339],[86.6159,27.1398],[86.6072,27.1398],[86.5877,27.1515],[86.5787,27.1511],[86.5752,27.1482],[86.564,27.1452],[86.5582,27.1407],[86.553,27.1407],[86.5481,27.137],[86.5356,27.1348],[86.5268,27.1252],[86.5239,27.1186],[86.5169,27.1139],[86.5033,27.1132],[86.4966,27.1056],[86.4931,27.1045],[86.4874,27.1092],[86.4808,27.1064],[86.4778,27.1024],[86.4677,27.1021],[86.4618,27.1053],[86.4613,27.1181],[86.4566,27.1193],[86.451,27.1252],[86.4497,27.1303],[86.4443,27.1335],[86.4344,27.1303],[86.4287,27.1338],[86.4308,27.138],[86.4369,27.1408],[86.4405,27.1457],[86.4359,27.1488],[86.4311,27.1466],[86.4227,27.1497],[86.4196,27.1652],[86.4139,27.1691],[86.4046,27.1701],[86.4016,27.1767],[86.3922,27.1796],[86.3805,27.1652],[86.3728,27.1507],[86.3706,27.1406],[86.3627,27.1391],[86.3579,27.143],[86.3436,27.1446],[86.3388,27.1363],[86.3376,27.1274],[86.3331,27.1169],[86.3269,27.1096],[86.3156,27.1106],[86.3088,27.1086],[86.3136,27.1026],[86.3273,27.0989],[86.3343,27.0995],[86.3428,27.106],[86.3573,27.104],[86.3607,27.0837],[86.3578,27.0814],[86.3536,27.07],[86.3493,27.0642],[86.3659,27.0534],[86.3665,27.0419],[86.3692,27.0374],[86.3817,27.0311],[86.3765,27.0226],[86.3755,27.0032],[86.369,27],[86.3706,26.9951],[86.3669,26.9786],[86.3554,26.9643],[86.3485,26.9634],[86.3189,26.9634],[86.3102,26.9601],[86.2951,26.9504],[86.2836,26.9468],[86.2821,26.9372],[86.2787,26.9329],[86.2669,26.9279],[86.262,26.9188],[86.2616,26.9141],[86.2548,26.9112],[86.2486,26.9148],[86.2443,26.9053],[86.2385,26.903],[86.2269,26.9037],[86.2245,26.8988],[86.2263,26.8925],[86.2233,26.8882],[86.2183,26.8959],[86.206,26.8997],[86.2023,26.9052],[86.1943,26.9039],[86.1892,26.9061],[86.1734,26.9196],[86.1609,26.9257],[86.1598,26.9296],[86.1583,26.9186],[86.1631,26.914],[86.1709,26.9133],[86.1763,26.9078],[86.1815,26.8993],[86.1871,26.9002],[86.1898,26.8942],[86.1969,26.8937],[86.2022,26.8901],[86.2213,26.8815],[86.2298,26.8803],[86.2432,26.8663],[86.2494,26.8636],[86.2592,26.8723],[86.2706,26.8778],[86.2736,26.8822],[86.2888,26.8862],[86.301,26.8855],[86.3163,26.8788],[86.344,26.8795],[86.3525,26.8777],[86.3677,26.8721],[86.3719,26.8798],[86.3765,26.8837],[86.3769,26.8883],[86.3794,26.8968],[86.3853,26.9025],[86.3851,26.9079],[86.4035,26.9079],[86.416,26.9065],[86.4306,26.9022],[86.4358,26.8979],[86.4477,26.8912],[86.4593,26.8871],[86.4768,26.8869],[86.4819,26.8882],[86.4798,26.8826],[86.4841,26.8695],[86.4902,26.8678],[86.4956,26.8598],[86.4991,26.8563],[86.507,26.8559],[86.5087,26.8466],[86.5134,26.8428],[86.5209,26.8418],[86.5219,26.8315],[86.5398,26.8316],[86.5421,26.8351],[86.5544,26.8349],[86.557,26.8303],[86.554,26.8241],[86.5557,26.8143],[86.5527,26.8131],[86.5483,26.8031],[86.5381,26.7955],[86.5337,26.7885],[86.5387,26.784],[86.5506,26.7816],[86.5538,26.7863],[86.56,26.7899],[86.5678,26.7878],[86.5674,26.7825],[86.5803,26.784],[86.5796,26.7754],[86.5606,26.7534],[86.5557,26.7468],[86.5763,26.7392],[86.5741,26.7328],[86.576,26.7202],[86.5854,26.712],[86.5836,26.7078],[86.5857,26.7013],[86.5934,26.6969],[86.6012,26.6974],[86.6135,26.689],[86.619,26.6947],[86.63,26.69],[86.6366,26.6982],[86.6459,26.6968],[86.6519,26.6894],[86.659,26.6912],[86.6665,26.7023],[86.6735,26.6965],[86.6731,26.6931],[86.6874,26.6878],[86.6942,26.6899],[86.7011,26.6979],[86.7052,26.699],[86.7081,26.7064],[86.7207,26.7065],[86.7299,26.7093],[86.7408,26.7115],[86.7453,26.7009],[86.7556,26.6949],[86.7661,26.6945],[86.778,26.7021],[86.7868,26.7045],[86.804,26.7125],[86.8157,26.7075],[86.8212,26.709],[86.8258,26.7139],[86.8304,26.7123],[86.8378,26.7108],[86.8424,26.704],[86.8426,26.6981],[86.8461,26.6928],[86.8509,26.6914],[86.864,26.7014],[86.8682,26.7006],[86.8692,26.71],[86.8731,26.712],[86.8874,26.7117],[86.8923,26.72],[86.9065,26.7317],[86.906,26.735],[86.913,26.7389],[86.9113,26.7459],[86.9111,26.7589],[86.916,26.7601],[86.9241,26.7662],[86.9275,26.7636],[86.9303,26.7571],[86.9272,26.7496],[86.935,26.7404],[86.9469,26.7326],[86.9517,26.7318],[86.9663,26.7356],[86.9734,26.7296],[86.9781,26.7189],[86.9839,26.7162],[86.9866,26.7098],[86.987,26.7032],[86.9933,26.6982],[87.0056,26.7085],[87.0124,26.7105],[87.0157,26.7148],[87.0163,26.7217],[87.0213,26.728],[87.027,26.7294],[87.0278,26.737],[87.0356,26.7449],[87.0403,26.7537],[87.0458,26.7559],[87.0539,26.7493],[87.0671,26.7442],[87.0713,26.7501],[87.1016,26.751],[87.1063,26.7533],[87.1155,26.7647],[87.1243,26.7804],[87.1294,26.7858],[87.1313,26.7952],[87.1401,26.8122],[87.1444,26.815],[87.1467,26.8225],[87.1446,26.8351],[87.1519,26.8463],[87.1548,26.8681],[87.1606,26.875],[87.1673,26.8776],[87.1708,26.8875],[87.1707,26.8992],[87.1648,26.9094],[87.1586,26.9153]]]},"properties":{"DISTRICT":"UDAYAPUR"}},
{"type":"Feature","geometry":{"type":"Polygon","coordinates":[[[86.7453,26.7009],[86.7408,26.7115],[86.7299,26.7093],[86.7207,26.7065],[86.7081,26.7064],[86.7052,26.699],[86.7011,26.6979],[86.6942,26.6899],[86.6874,26.6878],[86.6731,26.6931],[86.6735,26.6965],[86.6665,26.7023],[86.659,26.6912],[86.6519,26.6894],[86.6459,26.6968],[86.6366,26.6982],[86.63,26.69],[86.619,26.6947],[86.6135,26.689],[86.6012,26.6974],[86.5934,26.6969],[86.5857,26.7013],[86.5836,26.7078],[86.5854,26.712],[86.576,26.7202],[86.5741,26.7328],[86.5763,26.7392],[86.5557,26.7468],[86.5606,26.7534],[86.5796,26.7754],[86.5803,26.784],[86.5674,26.7825],[86.5678,26.7878],[86.56,26.7899],[86.5538,26.7863],[86.5506,26.7816],[86.5387,26.784],[86.5337,26.7885],[86.5275,26.7847],[86.5256,26.7795],[86.5271,26.7713],[86.5233,26.7586],[86.5305,26.7503],[86.5293,26.7428],[86.5131,26.7365],[86.5049,26.7231],[86.5092,26.7138],[86.5084,26.7047],[86.5119,26.7],[86.5094,26.6918],[86.5114,26.682],[86.5088,26.6789],[86.5048,26.6659],[86.5012,26.6637],[86.5019,26.6556],[86.506,26.6526],[86.508,26.6343],[86.5143,26.6222],[86.5126,26.6147],[86.514,26.5986],[86.5078,26.5928],[86.5051,26.5864],[86.4997,26.5839],[86.4965,26.5777],[86.4987,26.5601],[86.4883,26.5495],[86.4997,26.542],[86.5181,26.5389],[86.5241,26.5432],[86.5442,26.5382],[86.5473,26.5347],[86.5568,26.5239],[86.5576,26.5151],[86.5638,26.5093],[86.567,26.5017],[86.5727,26.4962],[86.5806,26.4942],[86.591,26.4931],[86.6283,26.4805],[86.6299,26.4752],[86.6285,26.4692],[86.642,26.4632],[86.6927,26.4506],[86.6976,26.4488],[86.7027,26.4369],[86.7225,26.4345],[86.7275,26.4258],[86.7431,26.4242],[86.7489,26.4306],[86.7517,26.4402],[86.7552,26.4451],[86.7627,26.4478],[86.7677,26.4584],[86.7826,26.4544],[86.8069,26.446],[86.8359,26.4387],[86.8453,26.4399],[86.8483,26.4479],[86.8585,26.4482],[86.8627,26.456],[86.876,26.4539],[86.8862,26.4606],[86.8965,26.4619],[86.897,26.4684],[86.8926,26.4814],[86.8956,26.4873],[86.9065,26.488],[86.9141,26.4989],[86.9203,26.5041],[86.9183,26.5094],[86.9261,26.5227],[86.9357,26.5332],[86.9533,26.5369],[86.9593,26.5423],[86.9687,26.5463],[86.9755,26.5561],[86.9906,26.5685],[86.9942,26.5759],[86.9859,26.5836],[86.9869,26.5952],[86.9913,26.6027],[86.9893,26.6127],[86.9813,26.6249],[86.9879,26.6286],[86.991,26.6355],[86.9936,26.6492],[86.9974,26.6537],[87.0047,26.656],[87.0095,26.6666],[87.0153,26.6697],[87.0132,26.6826],[87.0168,26.6889],[87.0155,26.7004],[87.0124,26.7105],[87.0056,26.7085],[86.9933,26.6982],[86.987,26.7032],[86.9866,26.7098],[86.9839,26.7162],[86.9781,26.7189],[86.9734,26.7296],[86.9663,26.7356],[86.9517,26.7318],[86.9469,26.7326],[86.935,26.7404],[86.9272,26.7496],[86.9303,26.7571],[86.9275,26.7636],[86.9241,26.7662],[86.916,26.7601],[86.9111,26.7589],[86.9113,26.7459],[86.913,26.7389],[86.906,26.735],[86.9065,26.7317],[86.8923,26.72],[86.8874,26.7117],[86.8731,26.712],[86.8692,26.71],[86.8682,26.7006],[86.864,26.7014],[86.8509,26.6914],[86.8461,26.6928],[86.8426,26.6981],[86.8424,26.704],[86.8378,26.7108],[86.8304,26.7123],[86.8258,26.7139],[86.8212,26.709],[86.8157,26.7075],[86.804,26.7125],[86.7868,26.7045],[86.778,26.7021],[86.7661,26.6945],[86.7556,26.6949],[86.7453,26.7009]]]},"properties":{"DISTRICT":"SAPTARI"}},
{"type":"Feature","geometry":{"type":"Polygon","coordinates":[[[86.3293,26.6193],[86.3449,26.6167],[86.3414,26.6081],[86.3433,26.6057],[86.3582,26.604],[86.3994,26.5927],[86.3973,26.5848],[86.4326,26.5727],[86.4579,26.5678],[86.4883,26.5495],[86.4987,26.5601],[86.4965,26.5777],[86.4997,26.5839],[86.5051,26.5864],[86.5078,26.5928],[86.514,26.5986],[86.5126,26.6147],[86.5143,26.6222],[86.508,26.6343],[86.506,26.6526],[86.5019,26.6556],[86.5012,26.6637],[86.5048,26.6659],[86.5088,26.6789],[86.5114,26.682],[86.5094,26.6918],[86.5119,26.7],[86.5084,26.7047],[86.5092,26.7138],[86.5049,26.7231],[86.5131,26.7365],[86.5293,26.7428],[86.5305,26.7503],[86.5233,26.7586],[86.5271,26.7713],[86.5256,26.7795],[86.5275,26.7847],[86.5337,26.7885],[86.5381,26.7955],[86.5483,26.8031],[86.5527,26.8131],[86.5557,26.8143],[86.554,26.8241],[86.557,26.8303],[86.5544,26.8349],[86.5421,26.8351],[86.5398,26.8316],[86.5219,26.8315],[86.5209,26.8418],[86.5134,26.8428],[86.5087,26.8466],[86.507,26.8559],[86.4991,26.8563],[86.4956,26.8598],[86.4902,26.8678],[86.4841,26.8695],[86.4798,26.8826],[86.4819,26.8882],[86.4768,26.8869],[86.4593,26.8871],[86.4477,26.8912],[86.4358,26.8979],[86.4306,26.9022],[86.416,26.9065],[86.4035,26.9079],[86.3851,26.9079],[86.3853,26.9025],[86.3794,26.8968],[86.3769,26.8883],[86.3765,26.8837],[86.3719,26.8798],[86.3677,26.8721],[86.3525,26.8777],[86.344,26.8795],[86.3163,26.8788],[86.301,26.8855],[86.2888,26.8862],[86.2736,26.8822],[86.2706,26.8778],[86.2592,26.8723],[86.2494,26.8636],[86.2432,26.8663],[86.2298,26.8803],[86.2213,26.8815],[86.2022,26.8901],[86.1969,26.8937],[86.1898,26.8942],[86.1871,26.9002],[86.1815,26.8993],[86.1763,26.9078],[86.1709,26.9133],[86.1631,26.914],[86.1583,26.9186],[86.1598,26.9296],[86.1546,26.9338],[86.1459,26.9268],[86.1419,26.9208],[86.1349,26.9146],[86.1343,26.9049],[86.1365,26.8986],[86.1335,26.893],[86.1371,26.8828],[86.144,26.8697],[86.1422,26.8637],[86.1467,26.8558],[86.1556,26.8512],[86.1575,26.8447],[86.153,26.8372],[86.1521,26.8292],[86.1573,26.819],[86.1549,26.8127],[86.1532,26.7953],[86.1478,26.7895],[86.1487,26.783],[86.1514,26.7682],[86.1568,26.7629],[86.1617,26.7519],[86.1656,26.7496],[86.176,26.7488],[86.1787,26.7397],[86.1862,26.7215],[86.1952,26.7122],[86.1963,26.6994],[86.1994,26.6886],[86.2025,26.6849],[86.1994,26.6768],[86.199,26.6666],[86.1913,26.6633],[86.1859,26.6555],[86.1718,26.6509],[86.171,26.6427],[86.1559,26.6392],[86.1527,26.634],[86.1576,26.6259],[86.152,26.6124],[86.1489,26.6084],[86.1574,26.6096],[86.1632,26.6144],[86.17,26.614],[86.1739,26.6168],[86.1848,26.6134],[86.1889,26.6147],[86.1973,26.6083],[86.1991,26.5931],[86.2081,26.5961],[86.2098,26.5931],[86.2196,26.5881],[86.2261,26.591],[86.2367,26.5931],[86.24,26.6013],[86.2535,26.6149],[86.263,26.6153],[86.278,26.617],[86.2952,26.6129],[86.3102,26.6197],[86.3293,26.6193]]]},"properties":{"DISTRICT":"SIRAHA"}},
{"type":"Feature","geometry":{"type":"Polygon","coordinates":[[[85.92,26.8335],[85.9178,26.8284],[85.9179,26.8191],[85.9111,26.805],[85.913,26.8022],[85.91,26.7843],[85.903,26.7805],[85.9001,26.7754],[85.9001,26.7685],[85.8904,26.7591],[85.8833,26.7568],[85.8817,26.7458],[85.8912,26.7373],[85.891,26.7297],[85.895,26.7253],[85.8956,26.7179],[85.8917,26.7094],[85.8892,26.6981],[85.8935,26.6945],[85.8972,26.6872],[85.9081,26.6816],[85.9081,26.6752],[85.9004,26.6659],[85.9083,26.664],[85.9078,26.6536],[85.9009,26.6517],[85.8974,26.6467],[85.8852,26.6407],[85.8824,26.6354],[85.8776,26.6368],[85.8716,26.6281],[85.8654,26.6273],[85.8644,26.618],[85.8572,26.6186],[85.8531,26.6105],[85.8549,26.6039],[85.8601,26.5895],[85.8506,26.5766],[85.8514,26.5686],[85.8592,26.5717],[85.8624,26.5699],[85.8821,26.5836],[85.8878,26.582],[85.8946,26.5945],[85.9027,26.5946],[85.9026,26.5996],[85.9087,26.6033],[85.9148,26.6039],[85.9176,26.6082],[85.9287,26.6113],[85.931,26.6149],[85.9403,26.6159],[85.9479,26.6125],[85.9485,26.6209],[85.9537,26.6239],[85.9579,26.6306],[85.9548,26.6371],[85.957,26.6465],[85.9639,26.6508],[85.9699,26.6516],[85.9784,26.6579],[85.99,26.6564],[86.0021,26.6546],[86.0082,26.656],[86.0121,26.6536],[86.016,26.6602],[86.0211,26.6608],[86.0293,26.6664],[86.0552,26.66],[86.0722,26.6567],[86.0758,26.6499],[86.09,26.6429],[86.1031,26.6368],[86.1217,26.6297],[86.141,26.6285],[86.1433,26.6169],[86.1384,26.6062],[86.1445,26.6049],[86.1489,26.6084],[86.152,26.6124],[86.1576,26.6259],[86.1527,26.634],[86.1559,26.6392],[86.171,26.6427],[86.1718,26.6509],[86.1859,26.6555],[86.1913,26.6633],[86.199,26.6666],[86.1994,26.6768],[86.2025,26.6849],[86.1994,26.6886],[86.1963,26.6994],[86.1952,26.7122],[86.1862,26.7215],[86.1787,26.7397],[86.176,26.7488],[86.1656,26.7496],[86.1617,26.7519],[86.1568,26.7629],[86.1514,26.7682],[86.1487,26.783],[86.1478,26.7895],[86.1532,26.7953],[86.1549,26.8127],[86.1573,26.819],[86.1521,26.8292],[86.153,26.8372],[86.1575,26.8447],[86.1556,26.8512],[86.1467,26.8558],[86.1422,26.8637],[86.144,26.8697],[86.1371,26.8828],[86.1335,26.893],[86.1365,26.8986],[86.1343,26.9049],[86.1349,26.9146],[86.1419,26.9208],[86.1459,26.9268],[86.1546,26.9338],[86.1598,26.9296],[86.1609,26.9257],[86.1734,26.9196],[86.1892,26.9061],[86.1943,26.9039],[86.2023,26.9052],[86.206,26.8997],[86.2183,26.8959],[86.2233,26.8882],[86.2263,26.8925],[86.2245,26.8988],[86.2269,26.9037],[86.2385,26.903],[86.2443,26.9053],[86.2486,26.9148],[86.2548,26.9112],[86.2616,26.9141],[86.262,26.9188],[86.2598,26.9207],[86.2576,26.9322],[86.2432,26.94],[86.2349,26.9502],[86.2311,26.9489],[86.2214,26.9562],[86.2117,26.9658],[86.2016,26.9699],[86.1936,26.9783],[86.1787,26.9863],[86.1659,26.9913],[86.1563,26.9936],[86.1427,26.999],[86.1284,27.0066],[86.1021,27.017],[86.089,27.0189],[86.0529,27.0186],[86.0276,27.0201],[86.0148,27.0184],[86.0076,27.0217],[86.0033,27.0209],[85.994,27.0245],[85.9882,27.0327],[85.9799,27.0414],[85.9721,27.0536],[85.972,27.0607],[85.9685,27.0667],[85.9645,27.0791],[85.9579,27.0839],[85.9525,27.0836],[85.9464,27.0918],[85.9382,27.1099],[85.9404,27.1211],[85.9323,27.125],[85.9162,27.1295],[85.9079,27.1335],[85.9032,27.1269],[85.9081,27.1192],[85.9166,27.1138],[85.924,27.1044],[85.936,27.0994],[85.9408,27.0925],[85.9404,27.0854],[85.9371,27.0771],[85.9459,27.0667],[85.9475,27.0602],[85.9361,27.0443],[85.9295,27.0413],[85.9203,27.0427],[85.9231,27.0366],[85.9292,27.0306],[85.9279,27.026],[85.9192,27.0181],[85.9137,27.0072],[85.9165,27.0003],[85.9159,26.9901],[85.9108,26.9763],[85.9114,26.9716],[85.9086,26.9606],[85.9201,26.9588],[85.9193,26.9481],[85.9162,26.9423],[85.9174,26.9381],[85.9154,26.9294],[85.9148,26.922],[85.9071,26.9152],[85.9044,26.9016],[85.9013,26.893],[85.9027,26.885],[85.8974,26.8774],[85.8998,26.8729],[85.9175,26.8664],[85.9218,26.854],[85.9221,26.8459],[85.9183,26.8369],[85.92,26.8335]]]},"properties":{"DISTRICT":"DHANUSHA"}},
{"type":"Feature","geometry":{"type":"Polygon","coordinates":[[[85.9079,27.1335],[85.8852,27.1461],[85.8643,27.1271],[85.856,27.1376],[85.8407,27.1444],[85.8369,27.1491],[85.8421,27.1523],[85.8458,27.1597],[85.833,27.1669],[85.8276,27.1681],[85.8182,27.161],[85.8127,27.1553],[85.813,27.1511],[85.8034,27.1424],[85.7961,27.1378],[85.7945,27.1305],[85.7996,27.1225],[85.7932,27.1178],[85.8,27.1141],[85.7942,27.1077],[85.8033,27.1046],[85.7974,27.0932],[85.7925,27.0949],[85.7901,27.0889],[85.7842,27.0819],[85.7841,27.0743],[85.7678,27.054],[85.7593,27.049],[85.75,27.0342],[85.7497,27.0265],[85.7429,27.0125],[85.7404,27.0001],[85.7414,26.9924],[85.7362,26.9853],[85.7376,26.9804],[85.7353,26.971],[85.7319,26.9668],[85.7289,26.9541],[85.726,26.9524],[85.7217,26.9467],[85.7199,26.9345],[85.7136,26.9317],[85.7093,26.9238],[85.7095,26.9106],[85.7076,26.9023],[85.7009,26.8969],[85.6971,26.8844],[85.694,26.8818],[85.6907,26.8717],[85.6858,26.8718],[85.6785,26.8641],[85.6788,26.8549],[85.6828,26.8471],[85.6825,26.843],[85.7066,26.8319],[85.7233,26.82],[85.731,26.8078],[85.7308,26.8025],[85.7367,26.7956],[85.7374,26.7783],[85.7358,26.7696],[85.731,26.7494],[85.7364,26.7371],[85.7282,26.7206],[85.7302,26.7177],[85.7268,26.7029],[85.7277,26.6702],[85.7379,26.662],[85.7345,26.6537],[85.7514,26.6383],[85.7554,26.6375],[85.762,26.6359],[85.7716,26.6296],[85.8037,26.624],[85.8056,26.6146],[85.8198,26.6024],[85.8327,26.6013],[85.8351,26.6108],[85.8533,26.6082],[85.8549,26.6039],[85.8531,26.6105],[85.8572,26.6186],[85.8644,26.618],[85.8654,26.6273],[85.8716,26.6281],[85.8776,26.6368],[85.8824,26.6354],[85.8852,26.6407],[85.8974,26.6467],[85.9009,26.6517],[85.9078,26.6536],[85.9083,26.664],[85.9004,26.6659],[85.9081,26.6752],[85.9081,26.6816],[85.8972,26.6872],[85.8935,26.6945],[85.8892,26.6981],[85.8917,26.7094],[85.8956,26.7179],[85.895,26.7253],[85.891,26.7297],[85.8912,26.7373],[85.8817,26.7458],[85.8833,26.7568],[85.8904,26.7591],[85.9001,26.7685],[85.9001,26.7754],[85.903,26.7805],[85.91,26.7843],[85.913,26.8022],[85.9111,26.805],[85.9179,26.8191],[85.9178,26.8284],[85.92,26.8335],[85.9183,26.8369],[85.9221,26.8459],[85.9218,26.854],[85.9175,26.8664],[85.8998,26.8729],[85.8974,26.8774],[85.9027,26.885],[85.9013,26.893],[85.9044,26.9016],[85.9071,26.9152],[85.9148,26.922],[85.9154,26.9294],[85.9174,26.9381],[85.9162,26.9423],[85.9193,26.9481],[85.9201,26.9588],[85.9086,26.9606],[85.9114,26.9716],[85.9108,26.9763],[85.9159,26.9901],[85.9165,27.0003],[85.9137,27.0072],[85.9192,27.0181],[85.9279,27.026],[85.9292,27.0306],[85.9231,27.0366],[85.9203,27.0427],[85.9295,27.0413],[85.9361,27.0443],[85.9475,27.0602],[85.9459,27.0667],[85.9371,27.0771],[85.9404,27.0854],[85.9408,27.0925],[85.936,27.0994],[85.924,27.1044],[85.9166,27.1138],[85.9081,27.1192],[85.9032,27.1269],[85.9079,27.1335]]]},"properties":{"DISTRICT":"MAHOTTARI"}},
{"type":"Feature","geometry":{"type":"Polygon","coordinates":[[[85.4047,27.034],[85.4021,27.0255],[85.3968,27.0183],[85.3908,27.0143],[85.3882,27.0083],[85.3926,26.9988],[85.3997,26.9927],[85.4031,26.9855],[85.4036,26.9773],[85.3982,26.9698],[85.4031,26.954],[85.4001,26.9507],[85.4012,26.9415],[85.3998,26.9365],[85.3894,26.923],[85.3885,26.9178],[85.3894,26.916],[85.3916,26.9123],[85.3937,26.8988],[85.3978,26.8921],[85.3935,26.881],[85.382,26.8805],[85.3729,26.8729],[85.364,26.871],[85.3549,26.8664],[85.3445,26.8582],[85.3452,26.8561],[85.3452,26.8556],[85.354,26.85],[85.3552,26.8422],[85.3515,26.8365],[85.3378,26.8334],[85.3358,26.829],[85.3348,26.8223],[85.3257,26.8116],[85.3253,26.8021],[85.3282,26.7981],[85.334,26.7979],[85.3426,26.789],[85.3422,26.7827],[85.3349,26.7763],[85.348,26.7751],[85.3485,26.7594],[85.3355,26.76],[85.3342,26.7507],[85.3284,26.7443],[85.3366,26.7412],[85.3573,26.7597],[85.3638,26.7628],[85.3733,26.7584],[85.3793,26.762],[85.3865,26.7739],[85.3943,26.775],[85.405,26.7826],[85.4084,26.7889],[85.41,26.791],[85.4201,26.7901],[85.4266,26.7858],[85.4376,26.7887],[85.4539,26.7812],[85.4661,26.788],[85.4759,26.7899],[85.4802,26.7925],[85.4826,26.802],[85.4978,26.797],[85.5,26.8115],[85.5021,26.8132],[85.5112,26.8162],[85.5221,26.8141],[85.5447,26.8373],[85.5557,26.834],[85.5599,26.8437],[85.568,26.8407],[85.5743,26.8567],[85.5776,26.8608],[85.5848,26.8585],[85.5902,26.8485],[85.6097,26.8576],[85.6216,26.8693],[85.6262,26.8734],[85.6367,26.8719],[85.6446,26.853],[85.6825,26.843],[85.6828,26.8471],[85.6788,26.8549],[85.6785,26.8641],[85.6858,26.8718],[85.6907,26.8717],[85.694,26.8818],[85.6971,26.8844],[85.7009,26.8969],[85.7076,26.9023],[85.7095,26.9106],[85.7093,26.9238],[85.7136,26.9317],[85.7199,26.9345],[85.7217,26.9467],[85.726,26.9524],[85.7289,26.9541],[85.7319,26.9668],[85.7353,26.971],[85.7376,26.9804],[85.7362,26.9853],[85.7414,26.9924],[85.7404,27.0001],[85.7429,27.0125],[85.7497,27.0265],[85.75,27.0342],[85.7593,27.049],[85.7678,27.054],[85.7841,27.0743],[85.7842,27.0819],[85.7901,27.0889],[85.7925,27.0949],[85.7974,27.0932],[85.8033,27.1046],[85.7942,27.1077],[85.8,27.1141],[85.7932,27.1178],[85.7996,27.1225],[85.7945,27.1305],[85.7961,27.1378],[85.8034,27.1424],[85.813,27.1511],[85.8127,27.1553],[85.8182,27.161],[85.8138,27.1614],[85.795,27.1689],[85.7909,27.1732],[85.7761,27.1781],[85.7707,27.1821],[85.744,27.1877],[85.7278,27.1946],[85.7201,27.1879],[85.7073,27.1847],[85.7006,27.1858],[85.6924,27.1775],[85.6883,27.1761],[85.684,27.169],[85.6734,27.1662],[85.6647,27.1559],[85.6583,27.1548],[85.6461,27.1429],[85.6437,27.1418],[85.6357,27.141],[85.6306,27.1371],[85.6251,27.1404],[85.6151,27.1414],[85.6069,27.1394],[85.6026,27.1432],[85.597,27.1403],[85.5913,27.1426],[85.5809,27.1431],[85.5732,27.1368],[85.5713,27.1431],[85.56,27.1442],[85.5516,27.142],[85.5398,27.1483],[85.5331,27.1407],[85.5235,27.1406],[85.5182,27.1424],[85.5033,27.1432],[85.498,27.1462],[85.4918,27.1543],[85.493,27.146],[85.4869,27.1347],[85.478,27.1301],[85.4732,27.1232],[85.4737,27.1183],[85.4646,27.1082],[85.4531,27.1016],[85.4451,27.0902],[85.437,27.0894],[85.4343,27.0854],[85.4342,27.0754],[85.4367,27.0694],[85.4339,27.0652],[85.4261,27.0609],[85.4264,27.0542],[85.4177,27.0492],[85.4148,27.0453],[85.4142,27.0377],[85.4047,27.034]]]},"properties":{"DISTRICT":"SARLAHI"}},
{"type":"Feature","geometry":{"type":"Polygon","coordinates":[[[86.3088,27.1086],[86.3156,27.1106],[86.3269,27.1096],[86.3331,27.1169],[86.3376,27.1274],[86.3388,27.1363],[86.3436,27.1446],[86.3579,27.143],[86.3627,27.1391],[86.3706,27.1406],[86.3728,27.1507],[86.3805,27.1652],[86.3922,27.1796],[86.3861,27.1828],[86.3824,27.1919],[86.3791,27.1937],[86.3711,27.1922],[86.3612,27.2008],[86.3473,27.2018],[86.3424,27.2099],[86.3454,27.2188],[86.3434,27.2287],[86.3183,27.2311],[86.3107,27.2336],[86.3085,27.2369],[86.2979,27.2379],[86.2903,27.2454],[86.286,27.2459],[86.2795,27.2499],[86.2594,27.2575],[86.258,27.253],[86.2507,27.2479],[86.2443,27.2459],[86.2414,27.2406],[86.2315,27.2371],[86.2259,27.2387],[86.2059,27.25],[86.1934,27.2549],[86.1831,27.2519],[86.1771,27.2531],[86.1585,27.2517],[86.1531,27.2419],[86.1449,27.2477],[86.1384,27.2501],[86.1319,27.2585],[86.1299,27.2645],[86.1197,27.2684],[86.114,27.2723],[86.1082,27.2676],[86.0945,27.2681],[86.0841,27.2751],[86.0787,27.2763],[86.0766,27.2913],[86.0658,27.2911],[86.0577,27.2878],[86.0489,27.297],[86.0412,27.298],[86.0344,27.3079],[86.0238,27.3087],[86.0245,27.3152],[86.0206,27.3203],[85.9989,27.3376],[85.9855,27.3357],[85.9839,27.3404],[85.985,27.3512],[85.9821,27.3526],[85.9789,27.3713],[85.9725,27.3749],[85.9683,27.3842],[85.9607,27.3886],[85.9552,27.3871],[85.9541,27.381],[85.9482,27.38],[85.9374,27.3879],[85.9359,27.3952],[85.9307,27.3968],[85.9269,27.4047],[85.9202,27.4088],[85.9125,27.4092],[85.8985,27.416],[85.8931,27.4135],[85.8882,27.4196],[85.8808,27.4164],[85.876,27.4191],[85.8693,27.4189],[85.8645,27.4228],[85.8541,27.425],[85.8427,27.4331],[85.8321,27.4376],[85.8293,27.4424],[85.8312,27.4478],[85.8238,27.4507],[85.8119,27.4446],[85.8054,27.4384],[85.7933,27.4431],[85.7885,27.4379],[85.7856,27.4247],[85.7817,27.4185],[85.7758,27.3979],[85.7606,27.4003],[85.7463,27.4081],[85.7367,27.4076],[85.7303,27.4116],[85.7181,27.4072],[85.7139,27.397],[85.7028,27.385],[85.6999,27.3685],[85.6976,27.3641],[85.7068,27.3564],[85.706,27.3446],[85.7017,27.3408],[85.6898,27.3374],[85.6821,27.3449],[85.6666,27.3382],[85.6633,27.3346],[85.6527,27.3335],[85.6444,27.3482],[85.6407,27.3516],[85.6252,27.3446],[85.6135,27.3427],[85.6012,27.3439],[85.5882,27.3433],[85.5804,27.3444],[85.573,27.3402],[85.5669,27.3445],[85.5613,27.3391],[85.5355,27.3564],[85.5255,27.3497],[85.5165,27.3501],[85.5066,27.3561],[85.5121,27.3635],[85.5055,27.3697],[85.4983,27.375],[85.4895,27.3762],[85.4811,27.3713],[85.4749,27.3698],[85.4749,27.3663],[85.4694,27.3579],[85.463,27.3547],[85.4576,27.3548],[85.4491,27.3476],[85.4486,27.3364],[85.4411,27.3363],[85.4253,27.3301],[85.4204,27.3209],[85.4237,27.3168],[85.4265,27.304],[85.4336,27.3009],[85.4328,27.2919],[85.44,27.2835],[85.4504,27.2843],[85.469,27.2751],[85.4759,27.269],[85.4813,27.2692],[85.4849,27.259],[85.491,27.2499],[85.4894,27.2393],[85.4906,27.2199],[85.5039,27.2229],[85.5067,27.2186],[85.5037,27.2079],[85.5124,27.1987],[85.5074,27.1941],[85.4913,27.1984],[85.4894,27.1938],[85.4948,27.187],[85.4912,27.1837],[85.4847,27.1838],[85.4853,27.1752],[85.4922,27.1712],[85.4974,27.1734],[85.5054,27.1733],[85.4918,27.1543],[85.498,27.1462],[85.5033,27.1432],[85.5182,27.1424],[85.5235,27.1406],[85.5331,27.1407],[85.5398,27.1483],[85.5516,27.142],[85.56,27.1442],[85.5713,27.1431],[85.5732,27.1368],[85.5809,27.1431],[85.5913,27.1426],[85.597,27.1403],[85.6026,27.1432],[85.6069,27.1394],[85.6151,27.1414],[85.6251,27.1404],[85.6306,27.1371],[85.6357,27.141],[85.6437,27.1418],[85.6461,27.1429],[85.6583,27.1548],[85.6647,27.1559],[85.6734,27.1662],[85.684,27.169],[85.6883,27.1761],[85.6924,27.1775],[85.7006,27.1858],[85.7073,27.1847],[85.7201,27.1879],[85.7278,27.1946],[85.744,27.1877],[85.7707,27.1821],[85.7761,27.1781],[85.7909,27.1732],[85.795,27.1689],[85.8138,27.1614],[85.8182,27.161],[85.8276,27.1681],[85.833,27.1669],[85.8458,27.1597],[85.8421,27.1523],[85.8369,27.1491],[85.8407,27.1444],[85.856,27.1376],[85.8643,27.1271],[85.8852,27.1461],[85.9079,27.1335],[85.9162,27.1295],[85.9323,27.125],[85.9404,27.1211],[85.9382,27.1099],[85.9464,27.0918],[85.9525,27.0836],[85.9579,27.0839],[85.9645,27.0791],[85.9685,27.0667],[85.972,27.0607],[85.9721,27.0536],[85.9799,27.0414],[85.9882,27.0327],[85.994,27.0245],[86.0033,27.0209],[86.0076,27.0217],[86.0148,27.0184],[86.0276,27.0201],[86.0529,27.0186],[86.089,27.0189],[86.1021,27.017],[86.1284,27.0066],[86.1427,26.999],[86.1563,26.9936],[86.1659,26.9913],[86.1787,26.9863],[86.1936,26.9783],[86.2016,26.9699],[86.2117,26.9658],[86.2214,26.9562],[86.2311,26.9489],[86.2349,26.9502],[86.2432,26.94],[86.2576,26.9322],[86.2598,26.9207],[86.262,26.9188],[86.2669,26.9279],[86.2787,26.9329],[86.2821,26.9372],[86.2836,26.9468],[86.2951,26.9504],[86.3102,26.9601],[86.3189,26.9634],[86.3485,26.9634],[86.3554,26.9643],[86.3669,26.9786],[86.3706,26.9951],[86.369,27],[86.3755,27.0032],[86.3765,27.0226],[86.3817,27.0311],[86.3692,27.0374],[86.3665,27.0419],[86.3659,27.0534],[86.3493,27.0642],[86.3536,27.07],[86.3578,27.0814],[86.3607,27.0837],[86.3573,27.104],[86.3428,27.106],[86.3343,27.0995],[86.3273,27.0989],[86.3136,27.1026],[86.3088,27.1086]]]},"properties":{"DISTRICT":"SINDHULI"}},
{"type":"Feature","geometry":{"type":"Polygon","coordinates":[[[85.8879,27.6119],[85.8833,27.6143],[85.8769,27.6126],[85.8655,27.5946],[85.855,27.5912],[85.8479,27.5804],[85.8401,27.5756],[85.8287,27.575],[85.8267,27.57],[85.8256,27.5669],[85.8309,27.5464],[85.8272,27.5364],[85.8216,27.528],[85.8212,27.5176],[85.8141,27.5113],[85.8028,27.5059],[85.8001,27.5],[85.8042,27.4974],[85.805,27.4916],[85.8106,27.4844],[85.8095,27.4793],[85.8165,27.4729],[85.817,27.464],[85.8117,27.4592],[85.8116,27.4549],[85.8238,27.4507],[85.8312,27.4478],[85.8293,27.4424],[85.8321,27.4376],[85.8427,27.4331],[85.8541,27.425],[85.8645,27.4228],[85.8693,27.4189],[85.876,27.4191],[85.8808,27.4164],[85.8882,27.4196],[85.8931,27.4135],[85.8985,27.416],[85.9125,27.4092],[85.9202,27.4088],[85.9269,27.4047],[85.9307,27.3968],[85.9359,27.3952],[85.9374,27.3879],[85.9482,27.38],[85.9541,27.381],[85.9552,27.3871],[85.9607,27.3886],[85.9683,27.3842],[85.9725,27.3749],[85.9789,27.3713],[85.9821,27.3526],[85.985,27.3512],[85.9839,27.3404],[85.9855,27.3357],[85.9989,27.3376],[86.0206,27.3203],[86.0245,27.3152],[86.0238,27.3087],[86.0344,27.3079],[86.0412,27.298],[86.0489,27.297],[86.0577,27.2878],[86.0658,27.2911],[86.0766,27.2913],[86.0787,27.2763],[86.0841,27.2751],[86.0945,27.2681],[86.1082,27.2676],[86.114,27.2723],[86.1197,27.2684],[86.1299,27.2645],[86.1319,27.2585],[86.1384,27.2501],[86.1449,27.2477],[86.1531,27.2419],[86.1585,27.2517],[86.1771,27.2531],[86.1831,27.2519],[86.1934,27.2549],[86.2059,27.25],[86.2066,27.2537],[86.2137,27.2635],[86.2339,27.2815],[86.2425,27.288],[86.2382,27.2951],[86.2404,27.3028],[86.236,27.3074],[86.2308,27.3199],[86.2213,27.3228],[86.2181,27.3336],[86.2195,27.3525],[86.2242,27.3601],[86.2216,27.3623],[86.2271,27.3703],[86.2268,27.3828],[86.2293,27.3884],[86.2301,27.3976],[86.2378,27.4034],[86.2399,27.4124],[86.2436,27.4179],[86.2498,27.4191],[86.2503,27.4242],[86.2582,27.4353],[86.2589,27.4428],[86.2653,27.4548],[86.2791,27.4639],[86.2875,27.4662],[86.2945,27.4703],[86.2978,27.479],[86.3054,27.4822],[86.3179,27.4922],[86.3211,27.4978],[86.3274,27.5],[86.3284,27.5043],[86.3356,27.5106],[86.3407,27.5198],[86.358,27.526],[86.36,27.5293],[86.3609,27.5395],[86.3731,27.5517],[86.3711,27.5562],[86.3787,27.5678],[86.3842,27.5715],[86.3901,27.5722],[86.4006,27.583],[86.4102,27.5842],[86.4204,27.5911],[86.4223,27.598],[86.4326,27.604],[86.4372,27.61],[86.4721,27.6168],[86.479,27.6155],[86.487,27.6169],[86.4949,27.6135],[86.5023,27.6201],[86.5064,27.6291],[86.5094,27.6399],[86.5186,27.6466],[86.5286,27.6501],[86.5296,27.6593],[86.535,27.6623],[86.5404,27.67],[86.539,27.6783],[86.5414,27.6829],[86.5427,27.7013],[86.5534,27.7106],[86.5593,27.7283],[86.5607,27.7382],[86.5657,27.7447],[86.5653,27.7491],[86.5752,27.7543],[86.5685,27.7623],[86.5663,27.7702],[86.5683,27.776],[86.5686,27.787],[86.5712,27.7951],[86.568,27.7993],[86.5695,27.8037],[86.5488,27.8112],[86.5448,27.8109],[86.5405,27.8072],[86.5272,27.8055],[86.5229,27.8071],[86.5131,27.8061],[86.5057,27.8087],[86.5025,27.8132],[86.4891,27.8086],[86.4826,27.8113],[86.4816,27.8201],[86.4761,27.8211],[86.4719,27.8257],[86.4609,27.8228],[86.4574,27.8237],[86.4524,27.8323],[86.4411,27.8281],[86.4322,27.8151],[86.4221,27.8133],[86.4199,27.794],[86.4147,27.7899],[86.4246,27.7862],[86.4155,27.7746],[86.4143,27.77],[86.4157,27.7652],[86.4127,27.7605],[86.415,27.7512],[86.4129,27.747],[86.4254,27.7409],[86.4299,27.7335],[86.4278,27.7227],[86.4228,27.7152],[86.4124,27.7178],[86.399,27.712],[86.3845,27.7014],[86.3782,27.6921],[86.3606,27.6919],[86.3543,27.6937],[86.3474,27.6861],[86.3406,27.6819],[86.3356,27.6725],[86.3325,27.6611],[86.3203,27.6494],[86.3141,27.6458],[86.3093,27.6366],[86.3084,27.627],[86.305,27.6152],[86.301,27.6101],[86.2912,27.6031],[86.2844,27.6041],[86.2813,27.6004],[86.2713,27.5948],[86.2643,27.598],[86.2609,27.595],[86.2509,27.5927],[86.2381,27.5861],[86.228,27.585],[86.2179,27.5815],[86.2052,27.5801],[86.1934,27.5704],[86.1887,27.5619],[86.1662,27.546],[86.1565,27.535],[86.1522,27.5148],[86.1452,27.5097],[86.1443,27.4959],[86.1399,27.4954],[86.1318,27.4897],[86.125,27.4779],[86.1149,27.4747],[86.1175,27.4777],[86.101,27.4981],[86.0959,27.5],[86.0857,27.4963],[86.0789,27.4973],[86.0763,27.5017],[86.0626,27.497],[86.0569,27.4995],[86.0468,27.4977],[86.0342,27.5027],[86.0274,27.5018],[86.0114,27.5009],[86.003,27.5021],[86.0013,27.5064],[85.9904,27.5075],[85.9901,27.5193],[85.9988,27.5312],[86.0029,27.541],[86,27.5457],[85.9944,27.5482],[85.9834,27.5562],[85.9762,27.5656],[85.9685,27.5725],[85.964,27.5792],[85.9579,27.5822],[85.9546,27.5888],[85.944,27.591],[85.9329,27.595],[85.9174,27.6048],[85.9115,27.6041],[85.9042,27.609],[85.8879,27.6119]]]},"properties":{"DISTRICT":"RAMECHHAP"}},
{"type":"Feature","geometry":{"type":"Polygon","coordinates":[[[85.9415,27.6689],[85.9285,27.6634],[85.9206,27.6633],[85.9184,27.659],[85.9169,27.6457],[85.9126,27.6434],[85.913,27.6368],[85.9062,27.6315],[85.9006,27.6297],[85.8935,27.6242],[85.8867,27.6138],[85.8879,27.6119],[85.9042,27.609],[85.9115,27.6041],[85.9174,27.6048],[85.9329,27.595],[85.944,27.591],[85.9546,27.5888],[85.9579,27.5822],[85.964,27.5792],[85.9685,27.5725],[85.9762,27.5656],[85.9834,27.5562],[85.9944,27.5482],[86,27.5457],[86.0029,27.541],[85.9988,27.5312],[85.9901,27.5193],[85.9904,27.5075],[86.0013,27.5064],[86.003,27.5021],[86.0114,27.5009],[86.0274,27.5018],[86.0342,27.5027],[86.0468,27.4977],[86.0569,27.4995],[86.0626,27.497],[86.0763,27.5017],[86.0789,27.4973],[86.0857,27.4963],[86.0959,27.5],[86.101,27.4981],[86.1175,27.4777],[86.1149,27.4747],[86.125,27.4779],[86.1318,27.4897],[86.1399,27.4954],[86.1443,27.4959],[86.1452,27.5097],[86.1522,27.5148],[86.1565,27.535],[86.1662,27.546],[86.1887,27.5619],[86.1934,27.5704],[86.2052,27.5801],[86.2179,27.5815],[86.228,27.585],[86.2381,27.5861],[86.2509,27.5927],[86.2609,27.595],[86.2643,27.598],[86.2713,27.5948],[86.2813,27.6004],[86.2844,27.6041],[86.2912,27.6031],[86.301,27.6101],[86.305,27.6152],[86.3084,27.627],[86.3093,27.6366],[86.3141,27.6458],[86.3203,27.6494],[86.3325,27.6611],[86.3356,27.6725],[86.3406,27.6819],[86.3474,27.6861],[86.3543,27.6937],[86.3606,27.6919],[86.3782,27.6921],[86.3845,27.7014],[86.399,27.712],[86.4124,27.7178],[86.4228,27.7152],[86.4278,27.7227],[86.4299,27.7335],[86.4254,27.7409],[86.4129,27.747],[86.415,27.7512],[86.4127,27.7605],[86.4157,27.7652],[86.4143,27.77],[86.4155,27.7746],[86.4246,27.7862],[86.4147,27.7899],[86.4199,27.794],[86.4221,27.8133],[86.4322,27.8151],[86.4411,27.8281],[86.4524,27.8323],[86.4574,27.8237],[86.4609,27.8228],[86.4719,27.8257],[86.4761,27.8211],[86.4816,27.8201],[86.4826,27.8113],[86.4891,27.8086],[86.5025,27.8132],[86.5057,27.8087],[86.5131,27.8061],[86.5229,27.8071],[86.5272,27.8055],[86.5405,27.8072],[86.5448,27.8109],[86.5428,27.8146],[86.5516,27.8414],[86.5526,27.8481],[86.5565,27.8569],[86.5537,27.878],[86.557,27.8853],[86.5542,27.8988],[86.5567,27.9024],[86.5558,27.9116],[86.5522,27.9189],[86.5502,27.9302],[86.5412,27.9354],[86.5369,27.9414],[86.5262,27.9396],[86.5223,27.9438],[86.5206,27.9529],[86.518,27.9564],[86.5001,27.957],[86.4947,27.9524],[86.4839,27.9477],[86.4761,27.9479],[86.4688,27.9411],[86.4723,27.9298],[86.4619,27.9221],[86.4583,27.9153],[86.4489,27.9123],[86.4449,27.9055],[86.4316,27.9093],[86.4132,27.9063],[86.4078,27.9164],[86.4007,27.9229],[86.3933,27.9256],[86.3837,27.9376],[86.3724,27.9408],[86.36,27.9411],[86.3508,27.9374],[86.34,27.9492],[86.3419,27.9533],[86.3379,27.9598],[86.3377,27.9648],[86.3212,27.9476],[86.3157,27.9494],[86.3103,27.9557],[86.3064,27.9553],[86.3024,27.9606],[86.3022,27.9669],[86.299,27.9728],[86.2912,27.9781],[86.2834,27.9769],[86.2688,27.9802],[86.2562,27.9777],[86.2398,27.9728],[86.2354,27.9741],[86.2291,27.9807],[86.2252,27.9924],[86.2248,28.0039],[86.2224,28.0108],[86.2236,28.0233],[86.2278,28.029],[86.2267,28.034],[86.2215,28.0368],[86.2178,28.0461],[86.2188,28.0522],[86.2157,28.0552],[86.212,28.0652],[86.212,28.0721],[86.2066,28.0834],[86.2121,28.095],[86.2249,28.0955],[86.2209,28.1088],[86.2206,28.1146],[86.2073,28.1333],[86.1996,28.138],[86.1979,28.1511],[86.1997,28.1561],[86.1945,28.1602],[86.1945,28.1662],[86.1891,28.1739],[86.1764,28.1687],[86.1786,28.1623],[86.178,28.1558],[86.1812,28.1496],[86.1797,28.1426],[86.1685,28.1379],[86.1626,28.1378],[86.1547,28.1302],[86.1458,28.1271],[86.1443,28.1202],[86.1347,28.1164],[86.1353,28.1101],[86.1329,28.1003],[86.1202,28.0912],[86.1073,28.0927],[86.0945,28.0976],[86.0854,28.0911],[86.09,28.0737],[86.0972,28.0616],[86.092,28.0574],[86.0899,28.0491],[86.0901,28.0393],[86.0928,28.033],[86.0888,28.0267],[86.0819,28.0218],[86.0839,28.0145],[86.1017,27.9927],[86.1059,27.984],[86.1115,27.9578],[86.1095,27.9556],[86.1177,27.9453],[86.126,27.9414],[86.1286,27.9335],[86.1263,27.9274],[86.0928,27.9198],[86.0896,27.9166],[86.0763,27.9106],[86.0674,27.8995],[86.0587,27.8951],[86.0499,27.8854],[86.051,27.8815],[86.0448,27.8676],[86.0328,27.8625],[86.0261,27.845],[86.0129,27.8393],[86.005,27.8294],[86.0111,27.8201],[86.0223,27.8087],[86.0249,27.8005],[86.0239,27.7921],[86.0279,27.7836],[86.0221,27.7722],[86.0256,27.766],[86.0364,27.7564],[86.0329,27.7425],[86.0304,27.7392],[86.0146,27.7445],[86.007,27.745],[85.9796,27.7351],[85.9689,27.7419],[85.9634,27.7419],[85.9636,27.7364],[85.9556,27.7292],[85.9542,27.7222],[85.9475,27.7154],[85.9391,27.7099],[85.9387,27.705],[85.9411,27.6924],[85.9365,27.6873],[85.9405,27.677],[85.9415,27.6689]]]},"properties":{"DISTRICT":"DOLAKHA"}},
{"type":"Feature","geometry":{"type":"Polygon","coordinates":[[[86.005,27.8294],[86.0129,27.8393],[86.0261,27.845],[86.0328,27.8625],[86.0448,27.8676],[86.051,27.8815],[86.0499,27.8854],[86.0587,27.8951],[86.0674,27.8995],[86.058,27.9039],[86.046,27.9061],[86.042,27.9039],[86.0304,27.9076],[86.0236,27.9083],[86.0161,27.9149],[86.0054,27.9111],[85.9849,27.9209],[85.9699,27.9323],[85.9506,27.9418],[85.954,27.9453],[85.9608,27.9588],[85.9621,27.9673],[85.9806,27.9877],[85.9795,27.9965],[85.9763,28.001],[85.9668,28.0019],[85.9587,28.0122],[85.948,28.0203],[85.9382,28.0239],[85.9307,28.0314],[85.9261,28.0387],[85.9172,28.0491],[85.9037,28.0532],[85.9031,28.0614],[85.8995,28.0661],[85.8989,28.0745],[85.9033,28.0787],[85.9054,28.0881],[85.9014,28.0978],[85.9004,28.1088],[85.8912,28.1164],[85.8799,28.1176],[85.8725,28.1235],[85.8716,28.1352],[85.8747,28.1427],[85.8726,28.1466],[85.8621,28.1542],[85.8617,28.1611],[85.8536,28.167],[85.8508,28.1839],[85.8321,28.1845],[85.8204,28.1937],[85.8189,28.2024],[85.815,28.203],[85.8096,28.1982],[85.8023,28.1962],[85.8015,28.1904],[85.796,28.1844],[85.7827,28.1779],[85.7808,28.1741],[85.769,28.1762],[85.752,28.1751],[85.7449,28.1713],[85.73,28.1695],[85.7216,28.1739],[85.7156,28.1704],[85.7156,28.1624],[85.7057,28.1638],[85.701,28.1592],[85.6909,28.1558],[85.6845,28.1567],[85.6796,28.158],[85.667,28.1536],[85.6532,28.1509],[85.6508,28.1461],[85.6439,28.1446],[85.6376,28.1379],[85.6337,28.1296],[85.6279,28.1293],[85.6188,28.1325],[85.6167,28.1355],[85.6179,28.1432],[85.6153,28.1503],[85.6095,28.1525],[85.6039,28.1579],[85.5913,28.1535],[85.5863,28.1532],[85.5782,28.1565],[85.5739,28.1608],[85.5662,28.1628],[85.5568,28.1681],[85.5353,28.1673],[85.5291,28.1572],[85.523,28.155],[85.5056,28.1519],[85.4975,28.1415],[85.4926,28.1385],[85.4976,28.1221],[85.4915,28.1124],[85.4915,28.1056],[85.4757,28.105],[85.4579,28.0919],[85.449,28.0906],[85.4441,28.0824],[85.4466,28.0764],[85.4646,28.0692],[85.4807,28.0561],[85.4863,28.0442],[85.4949,28.039],[85.4994,28.0292],[85.4992,28.0194],[85.495,28.0077],[85.4965,28.0022],[85.4895,27.9923],[85.4946,27.9759],[85.4943,27.972],[85.4876,27.9711],[85.4837,27.9666],[85.4808,27.9592],[85.4847,27.9525],[85.4852,27.9337],[85.4892,27.9267],[85.4898,27.9196],[85.4817,27.9034],[85.4788,27.8898],[85.4766,27.8828],[85.4707,27.8815],[85.4723,27.875],[85.4714,27.8678],[85.4632,27.863],[85.4624,27.8582],[85.4539,27.8493],[85.457,27.8458],[85.4505,27.8254],[85.4509,27.8174],[85.4536,27.8111],[85.4641,27.8046],[85.4702,27.7966],[85.4701,27.7835],[85.4738,27.7789],[85.4817,27.7802],[85.4907,27.7795],[85.5,27.7862],[85.518,27.7866],[85.5358,27.7917],[85.5397,27.7881],[85.5535,27.7808],[85.5619,27.767],[85.568,27.764],[85.5665,27.7548],[85.5523,27.7567],[85.5564,27.7489],[85.5647,27.7483],[85.5723,27.7446],[85.5762,27.7488],[85.5846,27.7494],[85.5962,27.7443],[85.6059,27.7485],[85.612,27.7443],[85.6156,27.7332],[85.6328,27.7266],[85.6383,27.7214],[85.6465,27.718],[85.657,27.7199],[85.6585,27.7157],[85.6725,27.7081],[85.6733,27.7051],[85.6824,27.6994],[85.6836,27.6851],[85.6889,27.6852],[85.689,27.6783],[85.6946,27.6748],[85.696,27.6637],[85.7086,27.652],[85.7233,27.6659],[85.7339,27.6704],[85.7339,27.6747],[85.7486,27.6775],[85.7501,27.6757],[85.769,27.6713],[85.7713,27.6675],[85.7803,27.6686],[85.7896,27.6653],[85.8049,27.6657],[85.8149,27.6688],[85.8223,27.6606],[85.8242,27.6554],[85.8182,27.6478],[85.8211,27.6427],[85.8254,27.6422],[85.8446,27.6258],[85.8525,27.627],[85.8589,27.6323],[85.8671,27.6278],[85.8833,27.6143],[85.8879,27.6119],[85.8867,27.6138],[85.8935,27.6242],[85.9006,27.6297],[85.9062,27.6315],[85.913,27.6368],[85.9126,27.6434],[85.9169,27.6457],[85.9184,27.659],[85.9206,27.6633],[85.9285,27.6634],[85.9415,27.6689],[85.9405,27.677],[85.9365,27.6873],[85.9411,27.6924],[85.9387,27.705],[85.9391,27.7099],[85.9475,27.7154],[85.9542,27.7222],[85.9556,27.7292],[85.9636,27.7364],[85.9634,27.7419],[85.9689,27.7419],[85.9796,27.7351],[86.007,27.745],[86.0146,27.7445],[86.0304,27.7392],[86.0329,27.7425],[86.0364,27.7564],[86.0256,27.766],[86.0221,27.7722],[86.0279,27.7836],[86.0239,27.7921],[86.0249,27.8005],[86.0223,27.8087],[86.0111,27.8201],[86.005,27.8294]]]},"properties":{"DISTRICT":"SINDHUPALCHOK"}},
{"type":"Feature","geometry":{"type":"Polygon","coordinates":[[[85.4628,27.6251],[85.4563,27.6369],[85.4497,27.6297],[85.4424,27.6284],[85.4362,27.6227],[85.4308,27.6245],[85.4227,27.6199],[85.4368,27.6096],[85.438,27.6062],[85.4324,27.6013],[85.4311,27.5969],[85.4235,27.5926],[85.4173,27.5992],[85.4195,27.6046],[85.4154,27.6069],[85.4138,27.6029],[85.4062,27.6021],[85.4081,27.587],[85.4049,27.5812],[85.4036,27.5725],[85.3892,27.5628],[85.4012,27.5541],[85.4059,27.5449],[85.4141,27.5479],[85.4228,27.5446],[85.4259,27.5409],[85.4337,27.5385],[85.4392,27.5413],[85.4414,27.5357],[85.441,27.5274],[85.445,27.5153],[85.4416,27.5039],[85.4413,27.488],[85.4457,27.4799],[85.4439,27.4763],[85.431,27.4638],[85.4208,27.4591],[85.409,27.4472],[85.4126,27.4436],[85.4205,27.4432],[85.4175,27.4344],[85.4127,27.4326],[85.416,27.4259],[85.4117,27.4167],[85.4195,27.412],[85.4209,27.408],[85.4214,27.4036],[85.436,27.4073],[85.4351,27.4031],[85.4454,27.4018],[85.4493,27.3961],[85.45,27.3879],[85.4613,27.3947],[85.4635,27.3874],[85.4723,27.388],[85.4752,27.3781],[85.4799,27.3738],[85.4749,27.3698],[85.4811,27.3713],[85.4895,27.3762],[85.4983,27.375],[85.5055,27.3697],[85.5121,27.3635],[85.5066,27.3561],[85.5165,27.3501],[85.5255,27.3497],[85.5355,27.3564],[85.5613,27.3391],[85.5669,27.3445],[85.573,27.3402],[85.5804,27.3444],[85.5882,27.3433],[85.6012,27.3439],[85.6135,27.3427],[85.6252,27.3446],[85.6407,27.3516],[85.6444,27.3482],[85.6527,27.3335],[85.6633,27.3346],[85.6666,27.3382],[85.6821,27.3449],[85.6898,27.3374],[85.7017,27.3408],[85.706,27.3446],[85.7068,27.3564],[85.6976,27.3641],[85.6999,27.3685],[85.7028,27.385],[85.7139,27.397],[85.7181,27.4072],[85.7303,27.4116],[85.7367,27.4076],[85.7463,27.4081],[85.7606,27.4003],[85.7758,27.3979],[85.7817,27.4185],[85.7856,27.4247],[85.7885,27.4379],[85.7933,27.4431],[85.8054,27.4384],[85.8119,27.4446],[85.8238,27.4507],[85.8116,27.4549],[85.8117,27.4592],[85.817,27.464],[85.8165,27.4729],[85.8095,27.4793],[85.8106,27.4844],[85.805,27.4916],[85.8042,27.4974],[85.8001,27.5],[85.8028,27.5059],[85.8141,27.5113],[85.8212,27.5176],[85.8216,27.528],[85.8272,27.5364],[85.8309,27.5464],[85.8256,27.5669],[85.8267,27.57],[85.8287,27.575],[85.8401,27.5756],[85.8479,27.5804],[85.855,27.5912],[85.8655,27.5946],[85.8769,27.6126],[85.8833,27.6143],[85.8671,27.6278],[85.8589,27.6323],[85.8525,27.627],[85.8446,27.6258],[85.8254,27.6422],[85.8211,27.6427],[85.8182,27.6478],[85.8242,27.6554],[85.8223,27.6606],[85.8149,27.6688],[85.8049,27.6657],[85.7896,27.6653],[85.7803,27.6686],[85.7713,27.6675],[85.769,27.6713],[85.7501,27.6757],[85.7486,27.6775],[85.7339,27.6747],[85.7339,27.6704],[85.7233,27.6659],[85.7086,27.652],[85.696,27.6637],[85.6946,27.6748],[85.689,27.6783],[85.6889,27.6852],[85.6836,27.6851],[85.6824,27.6994],[85.6733,27.7051],[85.6725,27.7081],[85.6585,27.7157],[85.657,27.7199],[85.6465,27.718],[85.6383,27.7214],[85.6328,27.7266],[85.6156,27.7332],[85.612,27.7443],[85.6059,27.7485],[85.5962,27.7443],[85.5846,27.7494],[85.5762,27.7488],[85.5723,27.7446],[85.5647,27.7483],[85.5564,27.7489],[85.5523,27.7567],[85.5408,27.7547],[85.5394,27.7503],[85.5275,27.7363],[85.5257,27.73],[85.5274,27.7254],[85.5218,27.7183],[85.5245,27.7028],[85.5236,27.6941],[85.506,27.6894],[85.5031,27.6782],[85.4996,27.6734],[85.4969,27.6622],[85.494,27.6579],[85.496,27.6528],[85.4799,27.6416],[85.4722,27.6341],[85.4669,27.6263],[85.4628,27.6251]]]},"properties":{"DISTRICT":"KAVREPALANCHOK"}},
{"type":"Feature","geometry":{"type":"Polygon","coordinates":[[[85.3918,27.4084],[85.3972,27.4108],[85.4011,27.404],[85.4117,27.4063],[85.4162,27.4046],[85.4209,27.408],[85.4195,27.412],[85.4117,27.4167],[85.416,27.4259],[85.4127,27.4326],[85.4175,27.4344],[85.4205,27.4432],[85.4126,27.4436],[85.409,27.4472],[85.4208,27.4591],[85.431,27.4638],[85.4439,27.4763],[85.4457,27.4799],[85.4413,27.488],[85.4416,27.5039],[85.445,27.5153],[85.441,27.5274],[85.4414,27.5357],[85.4392,27.5413],[85.4337,27.5385],[85.4259,27.5409],[85.4228,27.5446],[85.4141,27.5479],[85.4059,27.5449],[85.4012,27.5541],[85.3892,27.5628],[85.4036,27.5725],[85.4049,27.5812],[85.4081,27.587],[85.4062,27.6021],[85.4138,27.6029],[85.4154,27.6069],[85.4195,27.6046],[85.4173,27.5992],[85.4235,27.5926],[85.4311,27.5969],[85.4324,27.6013],[85.438,27.6062],[85.4368,27.6096],[85.4227,27.6199],[85.4201,27.62],[85.408,27.6296],[85.3956,27.6354],[85.3916,27.6449],[85.3869,27.6487],[85.3767,27.6513],[85.3674,27.6601],[85.3633,27.6689],[85.3543,27.6677],[85.3459,27.6715],[85.3333,27.6794],[85.3276,27.6864],[85.321,27.6875],[85.3091,27.6933],[85.3053,27.6917],[85.3016,27.679],[85.2939,27.6726],[85.2993,27.6683],[85.2993,27.6609],[85.2908,27.6519],[85.2899,27.6449],[85.2848,27.6444],[85.2894,27.6368],[85.2947,27.6343],[85.2958,27.6285],[85.294,27.6187],[85.2966,27.6061],[85.284,27.5915],[85.2833,27.5851],[85.2753,27.579],[85.2693,27.5708],[85.2653,27.5706],[85.2604,27.5713],[85.2524,27.564],[85.2532,27.561],[85.2466,27.5478],[85.242,27.5477],[85.2338,27.5369],[85.2408,27.5326],[85.2481,27.5315],[85.2531,27.5283],[85.2525,27.5209],[85.2426,27.517],[85.2362,27.5047],[85.2394,27.5],[85.2449,27.5],[85.25,27.4963],[85.2466,27.4866],[85.2499,27.4829],[85.2495,27.4767],[85.2596,27.4677],[85.2638,27.4566],[85.2705,27.4528],[85.2748,27.4541],[85.2834,27.4512],[85.2954,27.4523],[85.3041,27.4461],[85.3156,27.4446],[85.32,27.4357],[85.3323,27.4377],[85.338,27.4317],[85.3429,27.4327],[85.3489,27.4286],[85.3519,27.431],[85.3582,27.4287],[85.368,27.4247],[85.3742,27.4189],[85.3796,27.4178],[85.3918,27.4084]]]},"properties":{"DISTRICT":"LALITPUR"}},
{"type":"Feature","geometry":{"type":"Polygon","coordinates":[[[85.5274,27.7254],[85.5223,27.7284],[85.4773,27.7155],[85.471,27.7204],[85.4586,27.7196],[85.448,27.7253],[85.4389,27.7275],[85.4304,27.7251],[85.4182,27.7203],[85.4145,27.7132],[85.4008,27.7047],[85.3984,27.7016],[85.394,27.7028],[85.3875,27.6964],[85.3723,27.6889],[85.3572,27.6782],[85.3543,27.6677],[85.3633,27.6689],[85.3674,27.6601],[85.3767,27.6513],[85.3869,27.6487],[85.3916,27.6449],[85.3956,27.6354],[85.408,27.6296],[85.4201,27.62],[85.4227,27.6199],[85.4308,27.6245],[85.4362,27.6227],[85.4424,27.6284],[85.4497,27.6297],[85.4563,27.6369],[85.4628,27.6251],[85.4669,27.6263],[85.4722,27.6341],[85.4799,27.6416],[85.496,27.6528],[85.494,27.6579],[85.4969,27.6622],[85.4996,27.6734],[85.5031,27.6782],[85.506,27.6894],[85.5236,27.6941],[85.5245,27.7028],[85.5218,27.7183],[85.5274,27.7254]]]},"properties":{"DISTRICT":"BHAKTAPUR"}},
{"type":"Feature","geometry":{"type":"Polygon","coordinates":[[[85.3494,27.8086],[85.3415,27.8128],[85.3307,27.8146],[85.3124,27.8132],[85.3087,27.8104],[85.3023,27.8125],[85.294,27.8087],[85.2932,27.8042],[85.2865,27.8008],[85.281,27.7932],[85.2695,27.781],[85.2629,27.7785],[85.2577,27.7794],[85.2549,27.7754],[85.2654,27.7704],[85.2653,27.7662],[85.2703,27.7633],[85.2725,27.7581],[85.2694,27.7455],[85.2574,27.7446],[85.2533,27.7487],[85.2489,27.7443],[85.2382,27.7437],[85.2222,27.7354],[85.2226,27.7266],[85.2196,27.722],[85.2099,27.7225],[85.2043,27.7198],[85.1988,27.7091],[85.1968,27.6941],[85.1909,27.6812],[85.1924,27.6774],[85.2058,27.6695],[85.2075,27.6661],[85.2237,27.6542],[85.2301,27.6544],[85.2354,27.6495],[85.2302,27.6427],[85.2247,27.6313],[85.2249,27.6259],[85.2304,27.6248],[85.2378,27.6198],[85.2399,27.6138],[85.24,27.601],[85.2452,27.5944],[85.2415,27.5897],[85.241,27.584],[85.2449,27.5779],[85.2553,27.5787],[85.262,27.5771],[85.2653,27.5706],[85.2693,27.5708],[85.2753,27.579],[85.2833,27.5851],[85.284,27.5915],[85.2966,27.6061],[85.294,27.6187],[85.2958,27.6285],[85.2947,27.6343],[85.2894,27.6368],[85.2848,27.6444],[85.2899,27.6449],[85.2908,27.6519],[85.2993,27.6609],[85.2993,27.6683],[85.2939,27.6726],[85.3016,27.679],[85.3053,27.6917],[85.3091,27.6933],[85.321,27.6875],[85.3276,27.6864],[85.3333,27.6794],[85.3459,27.6715],[85.3543,27.6677],[85.3572,27.6782],[85.3723,27.6889],[85.3875,27.6964],[85.394,27.7028],[85.3984,27.7016],[85.4008,27.7047],[85.4145,27.7132],[85.4182,27.7203],[85.4304,27.7251],[85.4389,27.7275],[85.448,27.7253],[85.4586,27.7196],[85.471,27.7204],[85.4773,27.7155],[85.5223,27.7284],[85.5274,27.7254],[85.5257,27.73],[85.5275,27.7363],[85.5394,27.7503],[85.5408,27.7547],[85.5523,27.7567],[85.5665,27.7548],[85.568,27.764],[85.5619,27.767],[85.5535,27.7808],[85.5397,27.7881],[85.5358,27.7917],[85.518,27.7866],[85.5,27.7862],[85.4907,27.7795],[85.4817,27.7802],[85.4738,27.7789],[85.4701,27.7835],[85.4702,27.7966],[85.4641,27.8046],[85.4536,27.8111],[85.4509,27.8174],[85.4496,27.815],[85.4385,27.8108],[85.4333,27.813],[85.423,27.8093],[85.4137,27.8097],[85.3968,27.815],[85.3879,27.812],[85.3751,27.8089],[85.364,27.8138],[85.3494,27.8086]]]},"properties":{"DISTRICT":"KATHMANDU"}},
{"type":"Feature","geometry":{"type":"Polygon","coordinates":[[[85.1662,27.766],[85.1793,27.7679],[85.1819,27.7717],[85.2075,27.7699],[85.2163,27.774],[85.2233,27.7753],[85.2286,27.7724],[85.2441,27.7749],[85.2549,27.7754],[85.2577,27.7794],[85.2629,27.7785],[85.2695,27.781],[85.281,27.7932],[85.2865,27.8008],[85.2932,27.8042],[85.294,27.8087],[85.3023,27.8125],[85.3087,27.8104],[85.3124,27.8132],[85.3307,27.8146],[85.3415,27.8128],[85.3494,27.8086],[85.364,27.8138],[85.3751,27.8089],[85.3879,27.812],[85.3968,27.815],[85.4137,27.8097],[85.423,27.8093],[85.4333,27.813],[85.4385,27.8108],[85.4496,27.815],[85.4509,27.8174],[85.4505,27.8254],[85.457,27.8458],[85.4539,27.8493],[85.4624,27.8582],[85.4632,27.863],[85.4714,27.8678],[85.4723,27.875],[85.4707,27.8815],[85.4766,27.8828],[85.4788,27.8898],[85.4817,27.9034],[85.4898,27.9196],[85.4892,27.9267],[85.4852,27.9337],[85.4847,27.9525],[85.4808,27.9592],[85.4837,27.9666],[85.4876,27.9711],[85.4943,27.972],[85.4946,27.9759],[85.4895,27.9923],[85.4965,28.0022],[85.495,28.0077],[85.4992,28.0194],[85.4994,28.0292],[85.4949,28.039],[85.4863,28.0442],[85.4807,28.0561],[85.4646,28.0692],[85.4466,28.0764],[85.4441,28.0824],[85.4348,28.0803],[85.428,28.0723],[85.4286,28.0624],[85.4228,28.0597],[85.4146,28.0618],[85.4066,28.0539],[85.4049,28.0439],[85.4063,28.0402],[85.3976,28.0378],[85.3921,28.0303],[85.3715,28.0186],[85.3572,28.0115],[85.3469,28.0112],[85.3389,28.0021],[85.3357,27.9928],[85.3267,27.987],[85.3213,27.9892],[85.3116,27.9875],[85.3008,27.9826],[85.2922,27.9829],[85.283,27.9726],[85.2786,27.9649],[85.2713,27.9667],[85.2619,27.972],[85.2471,27.9727],[85.2311,27.9742],[85.2205,27.9751],[85.2157,27.9727],[85.2003,27.9751],[85.1902,27.9758],[85.185,27.9743],[85.1825,27.9817],[85.1826,27.9878],[85.1883,27.9963],[85.186,28.0094],[85.1888,28.0192],[85.1717,28.0216],[85.1588,28.0265],[85.147,28.0271],[85.1425,28.0289],[85.1353,28.0379],[85.1401,28.0488],[85.1569,28.0689],[85.1727,28.0811],[85.1721,28.0832],[85.1578,28.0882],[85.1413,28.0853],[85.1319,28.0857],[85.1247,28.091],[85.1167,28.0765],[85.1075,28.0765],[85.0999,28.0727],[85.0922,28.072],[85.0829,28.0668],[85.0645,28.0667],[85.0569,28.0502],[85.0438,28.0368],[85.0356,28.0321],[85.0234,28.0294],[85.0171,28.0263],[84.9978,28.0248],[84.9915,28.0285],[84.9927,28.0156],[85.0022,28.0078],[85.0054,28],[85.0318,27.9954],[85.0339,27.9884],[85.0309,27.9717],[85.022,27.9682],[85.0103,27.951],[85.0101,27.9488],[85.0178,27.9503],[85.0183,27.9434],[85.0109,27.9356],[85.0117,27.9244],[85.0098,27.919],[85.0005,27.9027],[84.9949,27.8964],[84.9944,27.8883],[84.9911,27.8855],[84.9971,27.8749],[84.9925,27.8624],[84.9945,27.8548],[85.0006,27.8555],[85.0086,27.8504],[85.0082,27.8416],[85.0176,27.8322],[85.0251,27.8328],[85.019,27.8265],[85.0176,27.8161],[85.0249,27.8144],[85.0397,27.8145],[85.0508,27.8096],[85.0488,27.8014],[85.0624,27.7937],[85.0764,27.7919],[85.0903,27.7875],[85.099,27.7794],[85.1081,27.7741],[85.1135,27.7752],[85.1179,27.7685],[85.13,27.7605],[85.1371,27.7616],[85.1418,27.7656],[85.1515,27.7636],[85.1573,27.7667],[85.1662,27.766]]]},"properties":{"DISTRICT":"NUWAKOT"}},
{"type":"Feature","geometry":{"type":"Polygon","coordinates":[[[85.8023,28.1962],[85.7933,28.2036],[85.7787,28.2084],[85.7779,28.2161],[85.7663,28.2271],[85.7593,28.2287],[85.7561,28.2352],[85.7506,28.2401],[85.7507,28.2489],[85.7453,28.2567],[85.745,28.2722],[85.7418,28.2759],[85.7405,28.2845],[85.7355,28.2908],[85.7383,28.2984],[85.7396,28.3191],[85.7382,28.3234],[85.7304,28.3278],[85.7346,28.3391],[85.7305,28.3429],[85.7291,28.3493],[85.7223,28.3593],[85.7212,28.3671],[85.7266,28.3732],[85.7186,28.3769],[85.7138,28.3861],[85.7032,28.3844],[85.6976,28.3855],[85.6867,28.3825],[85.6863,28.3775],[85.6885,28.3467],[85.6785,28.3505],[85.6688,28.3484],[85.6667,28.3315],[85.6604,28.3251],[85.656,28.3163],[85.662,28.3083],[85.663,28.3028],[85.6474,28.2896],[85.6391,28.275],[85.6293,28.2669],[85.611,28.2567],[85.6059,28.2644],[85.6013,28.2791],[85.5989,28.2988],[85.6029,28.3042],[85.5954,28.3083],[85.5827,28.3061],[85.5782,28.3102],[85.5645,28.3096],[85.5496,28.3152],[85.5455,28.3189],[85.5283,28.3281],[85.5088,28.3338],[85.4931,28.331],[85.4603,28.3368],[85.4547,28.3352],[85.4424,28.3351],[85.4325,28.3301],[85.4177,28.3269],[85.4154,28.3231],[85.4164,28.3159],[85.4146,28.3087],[85.4028,28.2994],[85.3942,28.2883],[85.3797,28.2785],[85.3778,28.2826],[85.3704,28.2859],[85.3549,28.2865],[85.3505,28.2883],[85.3505,28.3015],[85.3421,28.3037],[85.3276,28.2989],[85.3252,28.2958],[85.3054,28.2897],[85.301,28.2906],[85.2952,28.2874],[85.2752,28.2876],[85.2756,28.2942],[85.2686,28.2979],[85.257,28.2943],[85.2494,28.303],[85.2464,28.3139],[85.2437,28.3176],[85.2336,28.3223],[85.2176,28.3318],[85.2063,28.3398],[85.2025,28.3403],[85.1958,28.333],[85.1845,28.3243],[85.1621,28.3317],[85.1795,28.3057],[85.1815,28.3004],[85.1829,28.2807],[85.1866,28.2758],[85.1898,28.2662],[85.1948,28.2643],[85.2027,28.2564],[85.2048,28.25],[85.197,28.2448],[85.1954,28.2342],[85.1907,28.2282],[85.1908,28.2193],[85.2019,28.2125],[85.2066,28.2038],[85.2061,28.1975],[85.2011,28.1835],[85.2018,28.1754],[85.198,28.1686],[85.1849,28.1668],[85.1764,28.1622],[85.1716,28.1547],[85.1584,28.1425],[85.1567,28.1393],[85.16,28.1283],[85.1519,28.1171],[85.1401,28.1097],[85.1289,28.1073],[85.1263,28.1053],[85.1247,28.091],[85.1319,28.0857],[85.1413,28.0853],[85.1578,28.0882],[85.1721,28.0832],[85.1727,28.0811],[85.1569,28.0689],[85.1401,28.0488],[85.1353,28.0379],[85.1425,28.0289],[85.147,28.0271],[85.1588,28.0265],[85.1717,28.0216],[85.1888,28.0192],[85.186,28.0094],[85.1883,27.9963],[85.1826,27.9878],[85.1825,27.9817],[85.185,27.9743],[85.1902,27.9758],[85.2003,27.9751],[85.2157,27.9727],[85.2205,27.9751],[85.2311,27.9742],[85.2471,27.9727],[85.2619,27.972],[85.2713,27.9667],[85.2786,27.9649],[85.283,27.9726],[85.2922,27.9829],[85.3008,27.9826],[85.3116,27.9875],[85.3213,27.9892],[85.3267,27.987],[85.3357,27.9928],[85.3389,28.0021],[85.3469,28.0112],[85.3572,28.0115],[85.3715,28.0186],[85.3921,28.0303],[85.3976,28.0378],[85.4063,28.0402],[85.4049,28.0439],[85.4066,28.0539],[85.4146,28.0618],[85.4228,28.0597],[85.4286,28.0624],[85.428,28.0723],[85.4348,28.0803],[85.4441,28.0824],[85.449,28.0906],[85.4579,28.0919],[85.4757,28.105],[85.4915,28.1056],[85.4915,28.1124],[85.4976,28.1221],[85.4926,28.1385],[85.4975,28.1415],[85.5056,28.1519],[85.523,28.155],[85.5291,28.1572],[85.5353,28.1673],[85.5568,28.1681],[85.5662,28.1628],[85.5739,28.1608],[85.5782,28.1565],[85.5863,28.1532],[85.5913,28.1535],[85.6039,28.1579],[85.6095,28.1525],[85.6153,28.1503],[85.6179,28.1432],[85.6167,28.1355],[85.6188,28.1325],[85.6279,28.1293],[85.6337,28.1296],[85.6376,28.1379],[85.6439,28.1446],[85.6508,28.1461],[85.6532,28.1509],[85.667,28.1536],[85.6796,28.158],[85.6845,28.1567],[85.6909,28.1558],[85.701,28.1592],[85.7057,28.1638],[85.7156,28.1624],[85.7156,28.1704],[85.7216,28.1739],[85.73,28.1695],[85.7449,28.1713],[85.752,28.1751],[85.769,28.1762],[85.7808,28.1741],[85.7827,28.1779],[85.796,28.1844],[85.8015,28.1904],[85.8023,28.1962]]]},"properties":{"DISTRICT":"RASUWA"}},
{"type":"Feature","geometry":{"type":"Polygon","coordinates":[[[84.9043,27.6952],[84.9095,27.6983],[84.9218,27.6939],[84.9242,27.6886],[84.9316,27.6865],[84.9464,27.6868],[84.9537,27.6832],[84.9609,27.6888],[84.9699,27.6911],[84.9787,27.6953],[84.9817,27.7028],[84.9913,27.7064],[85.0006,27.706],[85.013,27.7075],[85.0242,27.7037],[85.0323,27.6979],[85.041,27.7029],[85.0449,27.69],[85.0563,27.6997],[85.0633,27.6943],[85.067,27.6966],[85.0681,27.7031],[85.072,27.7034],[85.0788,27.7088],[85.0856,27.7069],[85.0905,27.712],[85.1029,27.7081],[85.1055,27.7039],[85.1118,27.7009],[85.1192,27.6939],[85.1225,27.6833],[85.1334,27.6808],[85.1368,27.6745],[85.1438,27.6711],[85.1528,27.6697],[85.1587,27.6726],[85.1644,27.6707],[85.1772,27.6798],[85.1909,27.6812],[85.1968,27.6941],[85.1988,27.7091],[85.2043,27.7198],[85.2099,27.7225],[85.2196,27.722],[85.2226,27.7266],[85.2222,27.7354],[85.2382,27.7437],[85.2489,27.7443],[85.2533,27.7487],[85.2574,27.7446],[85.2694,27.7455],[85.2725,27.7581],[85.2703,27.7633],[85.2653,27.7662],[85.2654,27.7704],[85.2549,27.7754],[85.2441,27.7749],[85.2286,27.7724],[85.2233,27.7753],[85.2163,27.774],[85.2075,27.7699],[85.1819,27.7717],[85.1793,27.7679],[85.1662,27.766],[85.1573,27.7667],[85.1515,27.7636],[85.1418,27.7656],[85.1371,27.7616],[85.13,27.7605],[85.1179,27.7685],[85.1135,27.7752],[85.1081,27.7741],[85.099,27.7794],[85.0903,27.7875],[85.0764,27.7919],[85.0624,27.7937],[85.0488,27.8014],[85.0508,27.8096],[85.0397,27.8145],[85.0249,27.8144],[85.0176,27.8161],[85.019,27.8265],[85.0251,27.8328],[85.0176,27.8322],[85.0082,27.8416],[85.0086,27.8504],[85.0006,27.8555],[84.9945,27.8548],[84.9925,27.8624],[84.9971,27.8749],[84.9911,27.8855],[84.9944,27.8883],[84.9949,27.8964],[85.0005,27.9027],[85.0098,27.919],[85.0117,27.9244],[85.0109,27.9356],[85.0183,27.9434],[85.0178,27.9503],[85.0101,27.9488],[85.0103,27.951],[85.022,27.9682],[85.0309,27.9717],[85.0339,27.9884],[85.0318,27.9954],[85.0054,28],[85.0022,28.0078],[84.9927,28.0156],[84.9915,28.0285],[84.9978,28.0248],[85.0171,28.0263],[85.0234,28.0294],[85.0356,28.0321],[85.0438,28.0368],[85.0569,28.0502],[85.0645,28.0667],[85.0829,28.0668],[85.0922,28.072],[85.0999,28.0727],[85.1075,28.0765],[85.1167,28.0765],[85.1247,28.091],[85.1263,28.1053],[85.1289,28.1073],[85.1401,28.1097],[85.1519,28.1171],[85.16,28.1283],[85.1567,28.1393],[85.1584,28.1425],[85.1716,28.1547],[85.1764,28.1622],[85.1849,28.1668],[85.198,28.1686],[85.2018,28.1754],[85.2011,28.1835],[85.2061,28.1975],[85.2066,28.2038],[85.2019,28.2125],[85.1908,28.2193],[85.1907,28.2282],[85.1954,28.2342],[85.197,28.2448],[85.2048,28.25],[85.2027,28.2564],[85.1948,28.2643],[85.1898,28.2662],[85.1866,28.2758],[85.1829,28.2807],[85.1815,28.3004],[85.1795,28.3057],[85.1621,28.3317],[85.1431,28.3303],[85.1309,28.3379],[85.123,28.3356],[85.1102,28.3464],[85.0974,28.3445],[85.0828,28.3457],[85.0696,28.3391],[85.0552,28.3268],[85.0489,28.3257],[85.0423,28.3102],[85.035,28.302],[85.0402,28.2917],[85.034,28.2791],[85.0335,28.2727],[85.0292,28.2613],[85.0236,28.2601],[85.003,28.2522],[85.0049,28.2479],[85.0013,28.2443],[84.9918,28.2427],[84.9793,28.2265],[84.9714,28.2221],[84.9643,28.2125],[84.9728,28.1989],[84.9745,28.1883],[84.9702,28.1851],[84.9663,28.1773],[84.9676,28.1735],[84.9636,28.165],[84.9595,28.1553],[84.9601,28.1476],[84.9564,28.1433],[84.9607,28.1336],[84.9594,28.127],[84.954,28.124],[84.9447,28.1224],[84.9376,28.1264],[84.931,28.1261],[84.923,28.1158],[84.9235,28.1057],[84.9185,28.1025],[84.9023,28.1064],[84.8947,28.0998],[84.8876,28.1053],[84.8832,28.1126],[84.8716,28.1203],[84.8612,28.1199],[84.8569,28.1224],[84.8466,28.1165],[84.8447,28.1105],[84.8393,28.1039],[84.8392,28.0943],[84.834,28.0894],[84.8337,28.0843],[84.8246,28.0644],[84.8207,28.0478],[84.8125,28.0392],[84.8153,28.0222],[84.8123,28.0181],[84.8155,28.0091],[84.8135,28.0027],[84.7991,27.9979],[84.793,27.998],[84.7863,27.9831],[84.7795,27.9776],[84.7769,27.9712],[84.7719,27.9673],[84.7629,27.967],[84.7567,27.9622],[84.7487,27.9604],[84.7477,27.9529],[84.7442,27.9489],[84.7419,27.9406],[84.7366,27.9337],[84.7346,27.9269],[84.7373,27.9152],[84.7354,27.9072],[84.7398,27.8968],[84.7389,27.891],[84.751,27.8863],[84.7481,27.8803],[84.7547,27.8749],[84.7564,27.8651],[84.7615,27.8592],[84.7679,27.8571],[84.7702,27.8515],[84.7697,27.8436],[84.7781,27.8351],[84.7753,27.8292],[84.7759,27.824],[84.7846,27.8136],[84.777,27.8083],[84.7715,27.8107],[84.7716,27.8149],[84.7668,27.8183],[84.7588,27.8139],[84.7584,27.8088],[84.7527,27.805],[84.7407,27.8037],[84.7389,27.7986],[84.734,27.7954],[84.7294,27.7998],[84.7214,27.8032],[84.716,27.8002],[84.7101,27.8023],[84.7093,27.8065],[84.6872,27.8101],[84.679,27.8156],[84.6702,27.8183],[84.6679,27.8251],[84.664,27.8226],[84.6423,27.822],[84.6255,27.8165],[84.621,27.8089],[84.6372,27.8068],[84.6479,27.7996],[84.6452,27.7932],[84.6393,27.7943],[84.6402,27.7827],[84.6502,27.7836],[84.6513,27.7798],[84.6604,27.781],[84.6748,27.7801],[84.6771,27.7777],[84.6709,27.7667],[84.6834,27.7592],[84.6814,27.75],[84.6724,27.738],[84.6768,27.7304],[84.6824,27.7303],[84.6858,27.726],[84.6948,27.721],[84.7023,27.7272],[84.7107,27.7278],[84.7174,27.7259],[84.725,27.7293],[84.7315,27.7273],[84.7404,27.7327],[84.7597,27.7354],[84.7727,27.7222],[84.7896,27.716],[84.7987,27.709],[84.7943,27.6971],[84.7891,27.6904],[84.7944,27.6867],[84.7993,27.6833],[84.8009,27.6719],[84.8088,27.6754],[84.8108,27.6787],[84.82,27.6826],[84.8301,27.6918],[84.8385,27.6907],[84.8528,27.6863],[84.8721,27.6772],[84.8781,27.6706],[84.8844,27.6698],[84.8899,27.6745],[84.9043,27.6952]]]},"properties":{"DISTRICT":"DHADING"}},
{"type":"Feature","geometry":{"type":"Polygon","coordinates":[[[85.3918,27.4084],[85.3796,27.4178],[85.3742,27.4189],[85.368,27.4247],[85.3582,27.4287],[85.3519,27.431],[85.3489,27.4286],[85.3429,27.4327],[85.338,27.4317],[85.3323,27.4377],[85.32,27.4357],[85.3156,27.4446],[85.3041,27.4461],[85.2954,27.4523],[85.2834,27.4512],[85.2748,27.4541],[85.2705,27.4528],[85.2638,27.4566],[85.2596,27.4677],[85.2495,27.4767],[85.2499,27.4829],[85.2466,27.4866],[85.25,27.4963],[85.2449,27.5],[85.2394,27.5],[85.2362,27.5047],[85.2426,27.517],[85.2525,27.5209],[85.2531,27.5283],[85.2481,27.5315],[85.2408,27.5326],[85.2338,27.5369],[85.242,27.5477],[85.2466,27.5478],[85.2532,27.561],[85.2524,27.564],[85.2604,27.5713],[85.2653,27.5706],[85.262,27.5771],[85.2553,27.5787],[85.2449,27.5779],[85.241,27.584],[85.2415,27.5897],[85.2452,27.5944],[85.24,27.601],[85.2399,27.6138],[85.2378,27.6198],[85.2304,27.6248],[85.2249,27.6259],[85.2247,27.6313],[85.2302,27.6427],[85.2354,27.6495],[85.2301,27.6544],[85.2237,27.6542],[85.2075,27.6661],[85.2058,27.6695],[85.1924,27.6774],[85.1909,27.6812],[85.1772,27.6798],[85.1644,27.6707],[85.1587,27.6726],[85.1528,27.6697],[85.1438,27.6711],[85.1368,27.6745],[85.1334,27.6808],[85.1225,27.6833],[85.1192,27.6939],[85.1118,27.7009],[85.1055,27.7039],[85.1029,27.7081],[85.0905,27.712],[85.0856,27.7069],[85.0788,27.7088],[85.072,27.7034],[85.0681,27.7031],[85.067,27.6966],[85.0633,27.6943],[85.0563,27.6997],[85.0449,27.69],[85.041,27.7029],[85.0323,27.6979],[85.0242,27.7037],[85.013,27.7075],[85.0006,27.706],[84.9913,27.7064],[84.9817,27.7028],[84.9787,27.6953],[84.9699,27.6911],[84.9609,27.6888],[84.9537,27.6832],[84.9464,27.6868],[84.9316,27.6865],[84.9242,27.6886],[84.9218,27.6939],[84.9095,27.6983],[84.9043,27.6952],[84.8899,27.6745],[84.8844,27.6698],[84.8781,27.6706],[84.8721,27.6772],[84.8528,27.6863],[84.8385,27.6907],[84.8301,27.6918],[84.82,27.6826],[84.8108,27.6787],[84.8088,27.6754],[84.8009,27.6719],[84.7993,27.6833],[84.7944,27.6867],[84.7856,27.6799],[84.7821,27.6714],[84.773,27.6663],[84.7697,27.6565],[84.749,27.6489],[84.7477,27.6556],[84.7337,27.6556],[84.7201,27.6395],[84.7207,27.6342],[84.7249,27.6313],[84.7252,27.6261],[84.7321,27.6253],[84.7338,27.6169],[84.7376,27.6086],[84.7401,27.6037],[84.7331,27.5818],[84.7227,27.5735],[84.7154,27.5652],[84.7058,27.5583],[84.6928,27.5638],[84.6898,27.5619],[84.6822,27.5507],[84.6855,27.5443],[84.684,27.5323],[84.6813,27.5239],[84.684,27.5088],[84.6914,27.5],[84.6955,27.491],[84.6946,27.4856],[84.6989,27.4756],[84.693,27.4727],[84.6952,27.4684],[84.6913,27.4645],[84.6942,27.4592],[84.6829,27.4481],[84.6699,27.4444],[84.6669,27.4292],[84.68,27.4291],[84.6928,27.4323],[84.7216,27.4314],[84.7213,27.4339],[84.7274,27.4436],[84.73,27.4439],[84.7362,27.4438],[84.7418,27.4402],[84.7455,27.4418],[84.7513,27.4373],[84.7708,27.4369],[84.7768,27.4384],[84.7868,27.4351],[84.7934,27.4374],[84.8108,27.4235],[84.8127,27.4157],[84.8177,27.4187],[84.8278,27.4193],[84.8359,27.4175],[84.8463,27.4118],[84.8535,27.4035],[84.8539,27.3985],[84.8703,27.3973],[84.874,27.3988],[84.881,27.3958],[84.8848,27.3876],[84.8906,27.389],[84.8995,27.3844],[84.9008,27.3773],[84.9046,27.3744],[84.9112,27.3767],[84.9163,27.3725],[84.9236,27.3705],[84.9283,27.364],[84.9381,27.3662],[84.9496,27.3613],[84.9566,27.3661],[84.9599,27.3592],[84.9641,27.3624],[84.9717,27.356],[84.9778,27.3561],[84.9824,27.3613],[84.9899,27.3614],[85.0014,27.3651],[85.0031,27.3555],[85.0067,27.3526],[85.0334,27.3603],[85.0378,27.3572],[85.0462,27.3601],[85.059,27.3654],[85.063,27.3609],[85.0688,27.3606],[85.0727,27.3641],[85.0893,27.3606],[85.0936,27.3563],[85.0953,27.3483],[85.0941,27.3417],[85.0971,27.3322],[85.108,27.3188],[85.1201,27.3162],[85.1235,27.3016],[85.1273,27.3013],[85.1289,27.2923],[85.1397,27.2892],[85.147,27.2827],[85.1478,27.2722],[85.1582,27.2618],[85.1705,27.2595],[85.1723,27.2552],[85.1777,27.2534],[85.1844,27.247],[85.1993,27.2453],[85.2047,27.25],[85.2114,27.2449],[85.2174,27.2465],[85.234,27.2431],[85.2412,27.2483],[85.2513,27.2461],[85.2592,27.2304],[85.2631,27.2267],[85.2716,27.2278],[85.2829,27.2309],[85.2953,27.2326],[85.303,27.2302],[85.3096,27.2315],[85.3181,27.2276],[85.3351,27.2227],[85.3412,27.2193],[85.35,27.222],[85.3616,27.2108],[85.3648,27.2125],[85.3751,27.2097],[85.3788,27.2118],[85.3861,27.2073],[85.3954,27.2101],[85.3995,27.2059],[85.4011,27.1965],[85.4115,27.1967],[85.4205,27.1898],[85.4265,27.1927],[85.4362,27.1899],[85.4384,27.1872],[85.4504,27.1865],[85.4517,27.1802],[85.4556,27.1771],[85.4552,27.1681],[85.4595,27.1658],[85.4697,27.1654],[85.4748,27.1615],[85.4885,27.1641],[85.4963,27.1696],[85.4974,27.1734],[85.4922,27.1712],[85.4853,27.1752],[85.4847,27.1838],[85.4912,27.1837],[85.4948,27.187],[85.4894,27.1938],[85.4913,27.1984],[85.5074,27.1941],[85.5124,27.1987],[85.5037,27.2079],[85.5067,27.2186],[85.5039,27.2229],[85.4906,27.2199],[85.4894,27.2393],[85.491,27.2499],[85.4849,27.259],[85.4813,27.2692],[85.4759,27.269],[85.469,27.2751],[85.4504,27.2843],[85.44,27.2835],[85.4328,27.2919],[85.4336,27.3009],[85.4265,27.304],[85.4237,27.3168],[85.4204,27.3209],[85.4253,27.3301],[85.4411,27.3363],[85.4486,27.3364],[85.4491,27.3476],[85.4576,27.3548],[85.463,27.3547],[85.4694,27.3579],[85.4749,27.3663],[85.4749,27.3698],[85.4799,27.3738],[85.4752,27.3781],[85.4723,27.388],[85.4635,27.3874],[85.4613,27.3947],[85.45,27.3879],[85.4493,27.3961],[85.4454,27.4018],[85.4351,27.4031],[85.436,27.4073],[85.4214,27.4036],[85.4209,27.408],[85.4162,27.4046],[85.4117,27.4063],[85.4011,27.404],[85.3972,27.4108],[85.3918,27.4084]]]},"properties":{"DISTRICT":"MAKWANPUR"}},
{"type":"Feature","geometry":{"type":"Polygon","coordinates":[[[85.1948,26.8665],[85.1929,26.8468],[85.195,26.8385],[85.1934,26.8309],[85.1869,26.8218],[85.1792,26.8149],[85.179,26.8094],[85.1847,26.8006],[85.1816,26.7978],[85.1888,26.7906],[85.1943,26.7912],[85.197,26.7855],[85.1939,26.7818],[85.1997,26.7693],[85.214,26.7576],[85.2366,26.7623],[85.25,26.7601],[85.2596,26.7561],[85.2625,26.7549],[85.2861,26.753],[85.3078,26.7518],[85.3216,26.7486],[85.3284,26.7443],[85.3342,26.7507],[85.3355,26.76],[85.3485,26.7594],[85.348,26.7751],[85.3349,26.7763],[85.3422,26.7827],[85.3426,26.789],[85.334,26.7979],[85.3282,26.7981],[85.3253,26.8021],[85.3257,26.8116],[85.3348,26.8223],[85.3358,26.829],[85.3378,26.8334],[85.3515,26.8365],[85.3552,26.8422],[85.354,26.85],[85.3452,26.8556],[85.3452,26.8561],[85.3445,26.8582],[85.3549,26.8664],[85.364,26.871],[85.3729,26.8729],[85.382,26.8805],[85.3935,26.881],[85.3978,26.8921],[85.3937,26.8988],[85.3916,26.9123],[85.3894,26.916],[85.3885,26.9178],[85.3894,26.923],[85.3998,26.9365],[85.4012,26.9415],[85.4001,26.9507],[85.4031,26.954],[85.3982,26.9698],[85.4036,26.9773],[85.4031,26.9855],[85.3997,26.9927],[85.3926,26.9988],[85.3882,27.0083],[85.3908,27.0143],[85.3968,27.0183],[85.4021,27.0255],[85.4047,27.034],[85.4142,27.0377],[85.4148,27.0453],[85.4177,27.0492],[85.4264,27.0542],[85.4261,27.0609],[85.4339,27.0652],[85.4367,27.0694],[85.4342,27.0754],[85.4343,27.0854],[85.437,27.0894],[85.4451,27.0902],[85.4531,27.1016],[85.4646,27.1082],[85.4737,27.1183],[85.4732,27.1232],[85.478,27.1301],[85.4869,27.1347],[85.493,27.146],[85.4918,27.1543],[85.5054,27.1733],[85.4974,27.1734],[85.4963,27.1696],[85.4885,27.1641],[85.4748,27.1615],[85.4697,27.1654],[85.4595,27.1658],[85.4552,27.1681],[85.4556,27.1771],[85.4517,27.1802],[85.4504,27.1865],[85.4384,27.1872],[85.4362,27.1899],[85.4265,27.1927],[85.4205,27.1898],[85.4115,27.1967],[85.4011,27.1965],[85.3995,27.2059],[85.3954,27.2101],[85.3861,27.2073],[85.3788,27.2118],[85.3751,27.2097],[85.3648,27.2125],[85.3616,27.2108],[85.35,27.222],[85.3412,27.2193],[85.3351,27.2227],[85.3181,27.2276],[85.3096,27.2315],[85.303,27.2302],[85.2953,27.2326],[85.2829,27.2309],[85.2716,27.2278],[85.265,27.2216],[85.2674,27.2127],[85.2535,27.1892],[85.2523,27.175],[85.2495,27.1675],[85.2486,27.1587],[85.2336,27.144],[85.2335,27.1339],[85.2259,27.1278],[85.2085,27.1169],[85.2034,27.1127],[85.1985,27.1032],[85.2031,27.0938],[85.2046,27.0832],[85.1965,27.0775],[85.2024,27.0692],[85.2018,27.0642],[85.1942,27.0643],[85.1944,27.0603],[85.1856,27.0489],[85.189,27.047],[85.195,27.05],[85.2003,27.0476],[85.1968,27.0428],[85.2024,27.0383],[85.1811,27.0384],[85.1815,27.0331],[85.1887,27.034],[85.1997,27.0296],[85.1969,27.0213],[85.1864,27.0196],[85.1837,27.0157],[85.1889,27.0117],[85.1891,27.0071],[85.1798,27.0029],[85.1702,26.9887],[85.1658,26.9793],[85.1745,26.9766],[85.1724,26.9612],[85.1732,26.9585],[85.1721,26.9516],[85.1776,26.9477],[85.176,26.9427],[85.17,26.9441],[85.1662,26.938],[85.178,26.9306],[85.1813,26.9249],[85.1735,26.9157],[85.1782,26.9103],[85.1793,26.9066],[85.1756,26.8911],[85.1708,26.8878],[85.1749,26.8777],[85.1729,26.8725],[85.1786,26.8689],[85.1921,26.8698],[85.1948,26.8665]]]},"properties":{"DISTRICT":"RAUTAHAT"}},
{"type":"Feature","geometry":{"type":"Polygon","coordinates":[[[85.1702,26.9887],[85.1798,27.0029],[85.1891,27.0071],[85.1889,27.0117],[85.1837,27.0157],[85.1864,27.0196],[85.1969,27.0213],[85.1997,27.0296],[85.1887,27.034],[85.1815,27.0331],[85.1811,27.0384],[85.2024,27.0383],[85.1968,27.0428],[85.2003,27.0476],[85.195,27.05],[85.189,27.047],[85.1856,27.0489],[85.1944,27.0603],[85.1942,27.0643],[85.2018,27.0642],[85.2024,27.0692],[85.1965,27.0775],[85.2046,27.0832],[85.2031,27.0938],[85.1985,27.1032],[85.2034,27.1127],[85.2085,27.1169],[85.2259,27.1278],[85.2335,27.1339],[85.2336,27.144],[85.2486,27.1587],[85.2495,27.1675],[85.2523,27.175],[85.2535,27.1892],[85.2674,27.2127],[85.265,27.2216],[85.2716,27.2278],[85.2631,27.2267],[85.2592,27.2304],[85.2513,27.2461],[85.2412,27.2483],[85.234,27.2431],[85.2174,27.2465],[85.2114,27.2449],[85.2047,27.25],[85.1993,27.2453],[85.1844,27.247],[85.1777,27.2534],[85.1723,27.2552],[85.1705,27.2595],[85.1582,27.2618],[85.1478,27.2722],[85.147,27.2827],[85.1397,27.2892],[85.1289,27.2923],[85.1273,27.3013],[85.1235,27.3016],[85.1201,27.3162],[85.108,27.3188],[85.0971,27.3322],[85.0941,27.3417],[85.0953,27.3483],[85.0936,27.3563],[85.0893,27.3606],[85.0727,27.3641],[85.0688,27.3606],[85.063,27.3609],[85.059,27.3654],[85.0462,27.3601],[85.0378,27.3572],[85.0334,27.3603],[85.0067,27.3526],[85.0031,27.3555],[85.0014,27.3651],[84.9899,27.3614],[84.9824,27.3613],[84.9778,27.3561],[84.9717,27.356],[84.969,27.3503],[84.9692,27.3404],[84.9662,27.3358],[84.967,27.3274],[84.9712,27.3197],[84.9696,27.3123],[84.9649,27.3096],[84.9609,27.3074],[84.9598,27.3],[84.9649,27.2841],[84.9701,27.2784],[84.9752,27.2688],[84.9751,27.2636],[84.971,27.25],[84.9674,27.2441],[84.9657,27.2315],[84.9667,27.225],[84.9654,27.2145],[84.9612,27.2045],[84.9613,27.1942],[84.9562,27.1918],[84.9508,27.1789],[84.9508,27.1718],[84.9469,27.1629],[84.9547,27.1518],[84.949,27.1409],[84.9574,27.1347],[84.9572,27.1266],[84.9537,27.1189],[84.9438,27.1111],[84.9408,27.1037],[84.9416,27.0936],[84.9305,27.0894],[84.9265,27.0835],[84.9312,27.0764],[84.9383,27.0743],[84.9377,27.0704],[84.9338,27.0684],[84.9197,27.0723],[84.9022,27.0456],[84.9043,27.0398],[84.9038,27.032],[84.9171,27.0337],[84.9135,27.0196],[84.9079,27.0122],[84.9035,27.0106],[84.8888,26.9937],[84.8837,26.9924],[84.876,26.9865],[84.8684,26.9835],[84.8908,26.9772],[84.8943,26.972],[84.8988,26.9724],[84.9121,26.9677],[84.9315,26.9684],[84.9457,26.9636],[84.9553,26.9596],[84.9648,26.96],[84.9693,26.9555],[84.9805,26.94],[84.9798,26.9368],[84.9784,26.9317],[84.9724,26.9287],[84.9739,26.9153],[85.0011,26.9121],[85.0039,26.9096],[84.9949,26.903],[85.0075,26.8944],[85.0554,26.8888],[85.0604,26.885],[85.058,26.8815],[85.0476,26.8784],[85.0443,26.8749],[85.0311,26.8746],[85.0288,26.8662],[85.0307,26.8538],[85.0596,26.8489],[85.0589,26.8528],[85.0766,26.8557],[85.0868,26.8547],[85.0916,26.8598],[85.0879,26.8643],[85.092,26.8686],[85.0983,26.8668],[85.1017,26.8708],[85.1134,26.8722],[85.1259,26.8711],[85.1374,26.8676],[85.1422,26.8709],[85.1559,26.8704],[85.1703,26.8682],[85.1786,26.8689],[85.1729,26.8725],[85.1749,26.8777],[85.1708,26.8878],[85.1756,26.8911],[85.1793,26.9066],[85.1782,26.9103],[85.1735,26.9157],[85.1813,26.9249],[85.178,26.9306],[85.1662,26.938],[85.17,26.9441],[85.176,26.9427],[85.1776,26.9477],[85.1721,26.9516],[85.1732,26.9585],[85.1724,26.9612],[85.1745,26.9766],[85.1658,26.9793],[85.1702,26.9887]]]},"properties":{"DISTRICT":"BARA"}},
{"type":"Feature","geometry":{"type":"Polygon","coordinates":[[[84.8198,27.0205],[84.8319,27.0193],[84.8406,27.0138],[84.8569,27.008],[84.8534,27.0028],[84.8597,26.9976],[84.861,26.9877],[84.8684,26.9835],[84.876,26.9865],[84.8837,26.9924],[84.8888,26.9937],[84.9035,27.0106],[84.9079,27.0122],[84.9135,27.0196],[84.9171,27.0337],[84.9038,27.032],[84.9043,27.0398],[84.9022,27.0456],[84.9197,27.0723],[84.9338,27.0684],[84.9377,27.0704],[84.9383,27.0743],[84.9312,27.0764],[84.9265,27.0835],[84.9305,27.0894],[84.9416,27.0936],[84.9408,27.1037],[84.9438,27.1111],[84.9537,27.1189],[84.9572,27.1266],[84.9574,27.1347],[84.949,27.1409],[84.9547,27.1518],[84.9469,27.1629],[84.9508,27.1718],[84.9508,27.1789],[84.9562,27.1918],[84.9613,27.1942],[84.9612,27.2045],[84.9654,27.2145],[84.9667,27.225],[84.9657,27.2315],[84.9674,27.2441],[84.971,27.25],[84.9751,27.2636],[84.9752,27.2688],[84.9701,27.2784],[84.9649,27.2841],[84.9598,27.3],[84.9609,27.3074],[84.9649,27.3096],[84.9696,27.3123],[84.9712,27.3197],[84.967,27.3274],[84.9662,27.3358],[84.9692,27.3404],[84.969,27.3503],[84.9717,27.356],[84.9641,27.3624],[84.9599,27.3592],[84.9566,27.3661],[84.9496,27.3613],[84.9381,27.3662],[84.9283,27.364],[84.9236,27.3705],[84.9163,27.3725],[84.9112,27.3767],[84.9046,27.3744],[84.9008,27.3773],[84.8995,27.3844],[84.8906,27.389],[84.8848,27.3876],[84.881,27.3958],[84.874,27.3988],[84.8703,27.3973],[84.8539,27.3985],[84.8535,27.4035],[84.8463,27.4118],[84.8359,27.4175],[84.8278,27.4193],[84.8177,27.4187],[84.8127,27.4157],[84.8108,27.4235],[84.7934,27.4374],[84.7868,27.4351],[84.7768,27.4384],[84.7708,27.4369],[84.7513,27.4373],[84.7455,27.4418],[84.7418,27.4402],[84.7362,27.4438],[84.73,27.4439],[84.7274,27.4436],[84.7213,27.4339],[84.7216,27.4314],[84.6928,27.4323],[84.68,27.4291],[84.6669,27.4292],[84.6639,27.4328],[84.6488,27.4291],[84.6452,27.4425],[84.6373,27.4442],[84.6303,27.4506],[84.6114,27.452],[84.6024,27.4514],[84.5856,27.4559],[84.5782,27.4537],[84.5753,27.4585],[84.5674,27.4629],[84.5598,27.4581],[84.558,27.4413],[84.5535,27.4369],[84.55,27.4265],[84.5502,27.4176],[84.5418,27.4187],[84.5363,27.4123],[84.5471,27.4097],[84.549,27.4044],[84.538,27.4031],[84.5376,27.3937],[84.5416,27.3874],[84.5326,27.3808],[84.522,27.3838],[84.5062,27.3809],[84.5039,27.3763],[84.4977,27.3765],[84.4901,27.3713],[84.486,27.3659],[84.488,27.3583],[84.5059,27.3545],[84.5203,27.3524],[84.5229,27.3534],[84.5357,27.3499],[84.5672,27.3473],[84.5886,27.3411],[84.6108,27.3362],[84.621,27.3376],[84.6249,27.3353],[84.6343,27.3229],[84.6452,27.306],[84.6551,27.2889],[84.6786,27.2463],[84.6874,27.2262],[84.6917,27.2223],[84.6918,27.2174],[84.6868,27.2124],[84.6894,27.2089],[84.6828,27.2007],[84.6857,27.1969],[84.6846,27.1836],[84.683,27.175],[84.6776,27.1713],[84.6826,27.1673],[84.6789,27.1629],[84.6837,27.159],[84.6829,27.1509],[84.6857,27.1434],[84.6807,27.1348],[84.6811,27.1272],[84.6778,27.1232],[84.6791,27.1149],[84.6746,27.1136],[84.673,27.107],[84.6769,27.1],[84.6723,27.0979],[84.6684,27.0875],[84.6577,27.0841],[84.6588,27.0789],[84.6493,27.0756],[84.6453,27.0599],[84.6485,27.0511],[84.645,27.0462],[84.6821,27.032],[84.7036,27.0268],[84.7118,27.0212],[84.7162,27.0212],[84.7256,27.0134],[84.7352,27.0135],[84.7589,27.0026],[84.7644,27.0087],[84.7669,27.0127],[84.7755,27.0174],[84.7848,27.0139],[84.7863,27.0079],[84.791,27.0084],[84.7885,26.9983],[84.796,26.9957],[84.8012,27.0033],[84.8077,27.006],[84.8099,27.0117],[84.8198,27.0205]]]},"properties":{"DISTRICT":"PARSA"}},
{"type":"Feature","geometry":{"type":"Polygon","coordinates":[[[84.3262,27.6894],[84.3228,27.6842],[84.2945,27.6681],[84.2723,27.6623],[84.2583,27.6508],[84.2529,27.6539],[84.2432,27.6516],[84.2327,27.6459],[84.2203,27.6434],[84.208,27.6382],[84.1767,27.6175],[84.1619,27.6034],[84.1519,27.5972],[84.1438,27.5886],[84.1374,27.5843],[84.1283,27.5711],[84.1277,27.5659],[84.1168,27.5531],[84.1094,27.5515],[84.0924,27.5545],[84.0767,27.5593],[84.0665,27.5511],[84.0546,27.5563],[84.0478,27.5539],[84.0439,27.5451],[84.0386,27.5385],[84.0275,27.5369],[84.0164,27.5396],[84.0102,27.5438],[84,27.5452],[83.9941,27.5432],[83.9835,27.545],[83.9713,27.5503],[83.9598,27.5482],[83.957,27.5434],[83.95,27.5399],[83.9344,27.5451],[83.9265,27.5444],[83.9221,27.5409],[83.9208,27.5328],[83.9242,27.5247],[83.9241,27.5179],[83.9322,27.5128],[83.944,27.5155],[83.9497,27.5199],[83.953,27.5263],[83.9586,27.5269],[83.967,27.523],[83.9715,27.5159],[83.9686,27.506],[83.9598,27.5002],[83.9432,27.4937],[83.9406,27.4882],[83.9457,27.4733],[83.9467,27.4656],[83.9414,27.4549],[83.9333,27.4494],[83.9417,27.4486],[83.9485,27.441],[83.9643,27.4438],[83.9673,27.4463],[83.9745,27.442],[83.9941,27.4441],[84,27.4418],[84.0069,27.442],[84.011,27.4375],[84.0179,27.4346],[84.029,27.4334],[84.0278,27.4379],[84.0336,27.4412],[84.0456,27.4431],[84.0538,27.4424],[84.0568,27.4492],[84.0634,27.4548],[84.0626,27.4616],[84.0689,27.4697],[84.0703,27.4761],[84.0799,27.4837],[84.0842,27.4828],[84.0977,27.4897],[84.1018,27.5102],[84.0997,27.5153],[84.1068,27.5204],[84.1188,27.5191],[84.1196,27.5135],[84.1259,27.5109],[84.1337,27.5126],[84.141,27.5176],[84.153,27.5167],[84.152,27.501],[84.1466,27.497],[84.1477,27.4922],[84.1557,27.4839],[84.1616,27.4844],[84.1731,27.479],[84.1737,27.4755],[84.1908,27.4719],[84.1963,27.473],[84.2083,27.4692],[84.2109,27.4647],[84.2062,27.4598],[84.2104,27.4529],[84.2105,27.4425],[84.2209,27.4402],[84.2228,27.4469],[84.2338,27.4561],[84.2422,27.4524],[84.246,27.4545],[84.2563,27.4519],[84.2609,27.4464],[84.2608,27.4385],[84.2747,27.4286],[84.2757,27.4211],[84.2802,27.4157],[84.2812,27.4067],[84.2777,27.4009],[84.2787,27.3952],[84.2841,27.3965],[84.2935,27.3851],[84.2975,27.3846],[84.3027,27.3902],[84.3127,27.3865],[84.3197,27.3819],[84.3409,27.3774],[84.3502,27.374],[84.3585,27.3733],[84.375,27.3764],[84.3903,27.3719],[84.3933,27.3683],[84.4082,27.3702],[84.4123,27.3683],[84.4264,27.3718],[84.4462,27.3682],[84.4504,27.3631],[84.4599,27.3619],[84.4718,27.355],[84.4786,27.3623],[84.488,27.3583],[84.486,27.3659],[84.4901,27.3713],[84.4977,27.3765],[84.5039,27.3763],[84.5062,27.3809],[84.522,27.3838],[84.5326,27.3808],[84.5416,27.3874],[84.5376,27.3937],[84.538,27.4031],[84.549,27.4044],[84.5471,27.4097],[84.5363,27.4123],[84.5418,27.4187],[84.5502,27.4176],[84.55,27.4265],[84.5535,27.4369],[84.558,27.4413],[84.5598,27.4581],[84.5674,27.4629],[84.5753,27.4585],[84.5782,27.4537],[84.5856,27.4559],[84.6024,27.4514],[84.6114,27.452],[84.6303,27.4506],[84.6373,27.4442],[84.6452,27.4425],[84.6488,27.4291],[84.6639,27.4328],[84.6669,27.4292],[84.6699,27.4444],[84.6829,27.4481],[84.6942,27.4592],[84.6913,27.4645],[84.6952,27.4684],[84.693,27.4727],[84.6989,27.4756],[84.6946,27.4856],[84.6955,27.491],[84.6914,27.5],[84.684,27.5088],[84.6813,27.5239],[84.684,27.5323],[84.6855,27.5443],[84.6822,27.5507],[84.6898,27.5619],[84.6928,27.5638],[84.7058,27.5583],[84.7154,27.5652],[84.7227,27.5735],[84.7331,27.5818],[84.7401,27.6037],[84.7376,27.6086],[84.7338,27.6169],[84.7321,27.6253],[84.7252,27.6261],[84.7249,27.6313],[84.7207,27.6342],[84.7201,27.6395],[84.7337,27.6556],[84.7477,27.6556],[84.749,27.6489],[84.7697,27.6565],[84.773,27.6663],[84.7821,27.6714],[84.7856,27.6799],[84.7944,27.6867],[84.7891,27.6904],[84.7943,27.6971],[84.7987,27.709],[84.7896,27.716],[84.7727,27.7222],[84.7597,27.7354],[84.7404,27.7327],[84.7315,27.7273],[84.725,27.7293],[84.7174,27.7259],[84.7107,27.7278],[84.7023,27.7272],[84.6948,27.721],[84.6858,27.726],[84.6824,27.7303],[84.6768,27.7304],[84.6724,27.738],[84.6814,27.75],[84.6834,27.7592],[84.6709,27.7667],[84.6771,27.7777],[84.6748,27.7801],[84.6604,27.781],[84.6513,27.7798],[84.6502,27.7836],[84.6402,27.7827],[84.6393,27.7943],[84.6452,27.7932],[84.6479,27.7996],[84.6372,27.8068],[84.621,27.8089],[84.6255,27.8165],[84.6423,27.822],[84.664,27.8226],[84.6679,27.8251],[84.6635,27.8285],[84.6662,27.8404],[84.6629,27.8488],[84.6513,27.8525],[84.652,27.8581],[84.6485,27.8604],[84.6381,27.8599],[84.635,27.8694],[84.6307,27.8708],[84.6295,27.877],[84.622,27.8803],[84.6152,27.8725],[84.6071,27.872],[84.6038,27.8759],[84.5982,27.8761],[84.5921,27.8795],[84.5791,27.8707],[84.5791,27.864],[84.5696,27.8587],[84.5609,27.8577],[84.5604,27.8473],[84.5573,27.8356],[84.5478,27.8315],[84.5433,27.8332],[84.5272,27.8332],[84.5229,27.8312],[84.5226,27.8217],[84.5202,27.8165],[84.5148,27.8153],[84.4986,27.8207],[84.4949,27.8192],[84.4765,27.8234],[84.4675,27.8239],[84.4671,27.8187],[84.4568,27.8201],[84.4479,27.8229],[84.4432,27.8172],[84.4343,27.8121],[84.4321,27.7905],[84.4363,27.7827],[84.4415,27.7782],[84.4505,27.7782],[84.4621,27.7739],[84.4695,27.767],[84.4741,27.7539],[84.4669,27.753],[84.4592,27.7593],[84.452,27.7588],[84.4408,27.7438],[84.4352,27.741],[84.4242,27.7411],[84.4329,27.713],[84.4328,27.7056],[84.4301,27.7035],[84.4103,27.6962],[84.3802,27.6811],[84.3718,27.6845],[84.366,27.6901],[84.3647,27.6954],[84.3568,27.701],[84.3508,27.7029],[84.3321,27.6963],[84.3262,27.6894]]]},"properties":{"DISTRICT":"CHITWAN"}},
{"type":"Feature","geometry":{"type":"Polygon","coordinates":[[[84.9745,28.1883],[84.9728,28.1989],[84.9643,28.2125],[84.9714,28.2221],[84.9793,28.2265],[84.9918,28.2427],[85.0013,28.2443],[85.0049,28.2479],[85.003,28.2522],[85.0236,28.2601],[85.0292,28.2613],[85.0335,28.2727],[85.034,28.2791],[85.0402,28.2917],[85.035,28.302],[85.0423,28.3102],[85.0489,28.3257],[85.0552,28.3268],[85.0696,28.3391],[85.0828,28.3457],[85.0974,28.3445],[85.1102,28.3464],[85.1153,28.357],[85.1168,28.3658],[85.1231,28.3712],[85.1248,28.3869],[85.1287,28.3908],[85.1271,28.3967],[85.1188,28.4061],[85.1197,28.4156],[85.1149,28.4332],[85.1165,28.443],[85.1042,28.4486],[85.1017,28.4567],[85.1065,28.4599],[85.1149,28.4712],[85.1152,28.4786],[85.1201,28.4849],[85.1267,28.4877],[85.1362,28.4854],[85.1479,28.4857],[85.1551,28.4904],[85.1589,28.4971],[85.1591,28.5088],[85.1683,28.5212],[85.1684,28.5319],[85.1712,28.5333],[85.1877,28.5329],[85.191,28.5444],[85.1906,28.5538],[85.1871,28.5601],[85.1938,28.5689],[85.1836,28.5791],[85.1835,28.5876],[85.1775,28.592],[85.1759,28.5973],[85.1916,28.6054],[85.1996,28.6207],[85.2003,28.6266],[85.1871,28.6321],[85.1907,28.6407],[85.1786,28.6448],[85.1613,28.6433],[85.1474,28.6564],[85.1479,28.6609],[85.1367,28.6677],[85.1348,28.6755],[85.1176,28.6864],[85.1126,28.6832],[85.1041,28.6817],[85.0963,28.678],[85.091,28.6715],[85.0827,28.6714],[85.075,28.6776],[85.0608,28.6823],[85.0535,28.6695],[85.0437,28.6686],[85.0426,28.6579],[85.0342,28.6565],[85.0252,28.6488],[85.0194,28.6393],[85.0111,28.637],[85.0027,28.6231],[84.9911,28.6128],[84.9881,28.6061],[84.995,28.6009],[84.9899,28.594],[84.9741,28.5866],[84.967,28.5867],[84.9512,28.5802],[84.9476,28.5945],[84.941,28.5956],[84.9345,28.5937],[84.9209,28.5949],[84.9126,28.5885],[84.9018,28.5901],[84.8923,28.5884],[84.8883,28.5825],[84.8675,28.5803],[84.8591,28.5706],[84.7837,28.609],[84.7698,28.6104],[84.7575,28.6134],[84.7491,28.6182],[84.7394,28.6166],[84.7274,28.6205],[84.7222,28.6289],[84.716,28.6329],[84.703,28.6344],[84.7003,28.6394],[84.7037,28.6482],[84.6996,28.6538],[84.7072,28.6706],[84.6986,28.6717],[84.6904,28.6787],[84.6782,28.6789],[84.6705,28.6833],[84.6708,28.6909],[84.6637,28.6987],[84.6528,28.7023],[84.6529,28.7143],[84.6467,28.7198],[84.6421,28.7281],[84.6316,28.7326],[84.6285,28.7364],[84.6175,28.7366],[84.608,28.7333],[84.5945,28.7365],[84.589,28.7345],[84.5739,28.7351],[84.5695,28.7414],[84.5537,28.7504],[84.5419,28.744],[84.5359,28.7453],[84.526,28.7436],[84.5169,28.7485],[84.5123,28.7452],[84.5044,28.7442],[84.494,28.7346],[84.4868,28.724],[84.486,28.7176],[84.4921,28.7129],[84.4945,28.708],[84.5032,28.6987],[84.5215,28.6951],[84.5225,28.6896],[84.5174,28.686],[84.5147,28.6745],[84.5241,28.6635],[84.5227,28.6493],[84.5336,28.6462],[84.536,28.6384],[84.5431,28.6238],[84.5436,28.5983],[84.5511,28.5841],[84.5504,28.5785],[84.5529,28.5698],[84.5497,28.5622],[84.554,28.5591],[84.55,28.5544],[84.5616,28.55],[84.5622,28.5327],[84.5696,28.5219],[84.5692,28.5173],[84.5727,28.5099],[84.5673,28.5014],[84.5692,28.495],[84.5669,28.4868],[84.5703,28.4827],[84.5852,28.4769],[84.5954,28.4623],[84.6012,28.4516],[84.615,28.4474],[84.6213,28.4493],[84.6325,28.4448],[84.6428,28.4343],[84.6492,28.4184],[84.6621,28.4094],[84.6785,28.386],[84.6785,28.3763],[84.6851,28.372],[84.697,28.3608],[84.6901,28.354],[84.6829,28.3429],[84.6717,28.3422],[84.6699,28.3278],[84.6655,28.3217],[84.6615,28.3238],[84.6621,28.3148],[84.6572,28.3123],[84.6521,28.2968],[84.6486,28.2922],[84.6486,28.2833],[84.6528,28.2756],[84.6538,28.2674],[84.6486,28.25],[84.6428,28.2451],[84.6351,28.2296],[84.6359,28.2217],[84.6395,28.2147],[84.6422,28.2031],[84.6351,28.1888],[84.6257,28.1838],[84.6153,28.171],[84.61,28.1586],[84.5988,28.1512],[84.591,28.1478],[84.5894,28.1435],[84.5783,28.138],[84.5763,28.1303],[84.5629,28.1273],[84.5547,28.1204],[84.5532,28.1093],[84.5443,28.1004],[84.5319,28.099],[84.5218,28.0944],[84.5194,28.0901],[84.5135,28.088],[84.5,28.085],[84.48,28.0871],[84.4817,28.0813],[84.4903,28.0714],[84.4894,28.0624],[84.4843,28.0554],[84.4798,28.058],[84.4704,28.0455],[84.464,28.0315],[84.4663,28.0279],[84.4617,28.0235],[84.4623,28.0129],[84.4594,28.0037],[84.4424,27.9893],[84.4299,27.9859],[84.4226,27.9768],[84.421,27.9694],[84.4244,27.9642],[84.4245,27.9559],[84.4301,27.9508],[84.4469,27.9461],[84.4521,27.9501],[84.457,27.9486],[84.4601,27.9423],[84.4653,27.9435],[84.4761,27.9394],[84.4753,27.9365],[84.484,27.932],[84.4904,27.9263],[84.502,27.9258],[84.5087,27.9228],[84.5111,27.9134],[84.5167,27.917],[84.5199,27.9123],[84.5252,27.9151],[84.5341,27.9128],[84.5389,27.9174],[84.5423,27.9135],[84.5398,27.9089],[84.5476,27.9047],[84.5435,27.9019],[84.5428,27.8852],[84.5469,27.8816],[84.5427,27.8764],[84.5466,27.8697],[84.5533,27.8707],[84.5502,27.8624],[84.5609,27.8577],[84.5696,27.8587],[84.5791,27.864],[84.5791,27.8707],[84.5921,27.8795],[84.5982,27.8761],[84.6038,27.8759],[84.6071,27.872],[84.6152,27.8725],[84.622,27.8803],[84.6295,27.877],[84.6307,27.8708],[84.635,27.8694],[84.6381,27.8599],[84.6485,27.8604],[84.652,27.8581],[84.6513,27.8525],[84.6629,27.8488],[84.6662,27.8404],[84.6635,27.8285],[84.6679,27.8251],[84.6702,27.8183],[84.679,27.8156],[84.6872,27.8101],[84.7093,27.8065],[84.7101,27.8023],[84.716,27.8002],[84.7214,27.8032],[84.7294,27.7998],[84.734,27.7954],[84.7389,27.7986],[84.7407,27.8037],[84.7527,27.805],[84.7584,27.8088],[84.7588,27.8139],[84.7668,27.8183],[84.7716,27.8149],[84.7715,27.8107],[84.777,27.8083],[84.7846,27.8136],[84.7759,27.824],[84.7753,27.8292],[84.7781,27.8351],[84.7697,27.8436],[84.7702,27.8515],[84.7679,27.8571],[84.7615,27.8592],[84.7564,27.8651],[84.7547,27.8749],[84.7481,27.8803],[84.751,27.8863],[84.7389,27.891],[84.7398,27.8968],[84.7354,27.9072],[84.7373,27.9152],[84.7346,27.9269],[84.7366,27.9337],[84.7419,27.9406],[84.7442,27.9489],[84.7477,27.9529],[84.7487,27.9604],[84.7567,27.9622],[84.7629,27.967],[84.7719,27.9673],[84.7769,27.9712],[84.7795,27.9776],[84.7863,27.9831],[84.793,27.998],[84.7991,27.9979],[84.8135,28.0027],[84.8155,28.0091],[84.8123,28.0181],[84.8153,28.0222],[84.8125,28.0392],[84.8207,28.0478],[84.8246,28.0644],[84.8337,28.0843],[84.834,28.0894],[84.8392,28.0943],[84.8393,28.1039],[84.8447,28.1105],[84.8466,28.1165],[84.8569,28.1224],[84.8612,28.1199],[84.8716,28.1203],[84.8832,28.1126],[84.8876,28.1053],[84.8947,28.0998],[84.9023,28.1064],[84.9185,28.1025],[84.9235,28.1057],[84.923,28.1158],[84.931,28.1261],[84.9376,28.1264],[84.9447,28.1224],[84.954,28.124],[84.9594,28.127],[84.9607,28.1336],[84.9564,28.1433],[84.9601,28.1476],[84.9595,28.1553],[84.9636,28.165],[84.9676,28.1735],[84.9663,28.1773],[84.9702,28.1851],[84.9745,28.1883]]]},"properties":{"DISTRICT":"GORKHA"}},
{"type":"Feature","geometry":{"type":"Polygon","coordinates":[[[84.697,28.3608],[84.6851,28.372],[84.6785,28.3763],[84.6785,28.386],[84.6621,28.4094],[84.6492,28.4184],[84.6428,28.4343],[84.6325,28.4448],[84.6213,28.4493],[84.615,28.4474],[84.6012,28.4516],[84.5954,28.4623],[84.5852,28.4769],[84.5703,28.4827],[84.5638,28.4763],[84.552,28.4711],[84.5354,28.4708],[84.5342,28.4728],[84.5112,28.4642],[84.493,28.4614],[84.4885,28.4704],[84.4818,28.4728],[84.4676,28.4915],[84.4635,28.5],[84.4526,28.5068],[84.444,28.5101],[84.4346,28.51],[84.4251,28.5031],[84.4195,28.4911],[84.4192,28.4776],[84.4172,28.4714],[84.4065,28.4607],[84.4003,28.4564],[84.3766,28.461],[84.3764,28.4538],[84.3627,28.4525],[84.3575,28.4537],[84.3451,28.452],[84.3301,28.4527],[84.3235,28.4497],[84.314,28.4492],[84.3054,28.4468],[84.3002,28.4486],[84.2932,28.4451],[84.2809,28.4469],[84.2789,28.4509],[84.2712,28.4564],[84.2682,28.4513],[84.2567,28.4473],[84.2475,28.4394],[84.2496,28.4339],[84.2465,28.4233],[84.2379,28.4191],[84.2292,28.4122],[84.2267,28.4022],[84.2185,28.3959],[84.2145,28.3857],[84.2183,28.3803],[84.2198,28.3601],[84.2129,28.3532],[84.2066,28.3375],[84.207,28.3271],[84.1989,28.3173],[84.1951,28.3],[84.19,28.2968],[84.1889,28.2913],[84.1959,28.2835],[84.1988,28.2776],[84.2077,28.2732],[84.2131,28.2654],[84.2133,28.2567],[84.2163,28.2441],[84.215,28.2281],[84.2113,28.2165],[84.2101,28.2077],[84.2029,28.1989],[84.1929,28.1964],[84.1957,28.1928],[84.1964,28.1882],[84.2079,28.1892],[84.2113,28.1835],[84.2209,28.1807],[84.2155,28.1722],[84.2219,28.1649],[84.2207,28.1588],[84.2244,28.1543],[84.2247,28.1467],[84.2307,28.1406],[84.2291,28.1361],[84.2207,28.1319],[84.2195,28.1236],[84.2246,28.1193],[84.2256,28.1118],[84.2314,28.1016],[84.2281,28.0957],[84.2328,28.0881],[84.234,28.0787],[84.247,28.0825],[84.2504,28.0877],[84.2554,28.0848],[84.2659,28.0932],[84.2714,28.0905],[84.2802,28.0929],[84.283,28.0978],[84.3028,28.1065],[84.3114,28.107],[84.3254,28.1194],[84.3316,28.1239],[84.3428,28.1218],[84.3508,28.1269],[84.3612,28.129],[84.3692,28.1274],[84.3798,28.1283],[84.391,28.1263],[84.3978,28.1296],[84.4009,28.1271],[84.4279,28.1157],[84.4334,28.1108],[84.4402,28.1053],[84.4458,28.1039],[84.4499,28.098],[84.4589,28.0912],[84.4626,28.084],[84.4676,28.0817],[84.4678,28.0767],[84.4782,28.0652],[84.4798,28.058],[84.4843,28.0554],[84.4894,28.0624],[84.4903,28.0714],[84.4817,28.0813],[84.48,28.0871],[84.5,28.085],[84.5135,28.088],[84.5194,28.0901],[84.5218,28.0944],[84.5319,28.099],[84.5443,28.1004],[84.5532,28.1093],[84.5547,28.1204],[84.5629,28.1273],[84.5763,28.1303],[84.5783,28.138],[84.5894,28.1435],[84.591,28.1478],[84.5988,28.1512],[84.61,28.1586],[84.6153,28.171],[84.6257,28.1838],[84.6351,28.1888],[84.6422,28.2031],[84.6395,28.2147],[84.6359,28.2217],[84.6351,28.2296],[84.6428,28.2451],[84.6486,28.25],[84.6538,28.2674],[84.6528,28.2756],[84.6486,28.2833],[84.6486,28.2922],[84.6521,28.2968],[84.6572,28.3123],[84.6621,28.3148],[84.6615,28.3238],[84.6655,28.3217],[84.6699,28.3278],[84.6717,28.3422],[84.6829,28.3429],[84.6901,28.354],[84.697,28.3608]]]},"properties":{"DISTRICT":"LAMJUNG"}},
{"type":"Feature","geometry":{"type":"Polygon","coordinates":[[[84.4753,27.9365],[84.4761,27.9394],[84.4653,27.9435],[84.4601,27.9423],[84.457,27.9486],[84.4521,27.9501],[84.4469,27.9461],[84.4301,27.9508],[84.4245,27.9559],[84.4244,27.9642],[84.421,27.9694],[84.4226,27.9768],[84.4299,27.9859],[84.4424,27.9893],[84.4594,28.0037],[84.4623,28.0129],[84.4617,28.0235],[84.4663,28.0279],[84.464,28.0315],[84.4704,28.0455],[84.4798,28.058],[84.4782,28.0652],[84.4678,28.0767],[84.4676,28.0817],[84.4626,28.084],[84.4589,28.0912],[84.4499,28.098],[84.4458,28.1039],[84.4402,28.1053],[84.4334,28.1108],[84.4279,28.1157],[84.4009,28.1271],[84.3978,28.1296],[84.391,28.1263],[84.3798,28.1283],[84.3692,28.1274],[84.3612,28.129],[84.3508,28.1269],[84.3428,28.1218],[84.3316,28.1239],[84.3254,28.1194],[84.3114,28.107],[84.3028,28.1065],[84.283,28.0978],[84.2802,28.0929],[84.2714,28.0905],[84.2659,28.0932],[84.2554,28.0848],[84.2504,28.0877],[84.247,28.0825],[84.234,28.0787],[84.2328,28.0881],[84.2281,28.0957],[84.2211,28.0997],[84.2139,28.0946],[84.1996,28.0971],[84.1968,28.0953],[84.186,28.0956],[84.1812,28.1011],[84.1679,28.1008],[84.1605,28.097],[84.1457,28.1061],[84.1341,28.1044],[84.1187,28.107],[84.1158,28.106],[84.1078,28.1103],[84.0958,28.1037],[84.0896,28.0946],[84.081,28.0914],[84.0718,28.0775],[84.061,28.0878],[84.0493,28.0843],[84.0412,28.0962],[84.0346,28.0993],[84.0287,28.1055],[84.0227,28.1037],[84.0145,28.106],[84.0069,28.1158],[83.9951,28.1088],[83.9971,28.1025],[83.9944,28.0993],[83.9842,28.0992],[83.972,28.0884],[83.964,28.0872],[83.9608,28.08],[83.9709,28.0746],[83.9519,28.0667],[83.9417,28.0682],[83.9435,28.0607],[83.9484,28.0538],[83.9565,28.0508],[83.9629,28.0445],[83.9633,28.0407],[83.9695,28.0374],[83.9826,28.0373],[83.9907,28.0445],[83.9977,28.0468],[83.9984,28.0357],[84.0074,28.0301],[84.0222,28.0272],[84.0302,28.0241],[84.034,28.0193],[84.0268,28.0134],[84.0075,28.0133],[84.0046,28.0062],[83.9941,28.006],[83.9907,27.9979],[83.9823,27.998],[83.9833,27.9917],[83.9803,27.9863],[83.9829,27.9766],[83.9797,27.9681],[83.972,27.9586],[83.9719,27.9366],[83.9764,27.93],[83.9755,27.9226],[83.9802,27.9165],[83.9803,27.9105],[83.9764,27.9026],[83.9627,27.899],[83.957,27.8951],[83.9534,27.8893],[83.9486,27.8942],[83.9427,27.8937],[83.9394,27.8877],[83.9443,27.8758],[83.9473,27.8712],[83.9537,27.8693],[83.9604,27.8728],[83.983,27.8654],[83.9964,27.8661],[84.0023,27.8546],[84.0094,27.8544],[84.0181,27.8513],[84.0194,27.8611],[84.0249,27.8609],[84.0306,27.8562],[84.0393,27.8577],[84.045,27.8544],[84.0513,27.8557],[84.0557,27.8489],[84.0695,27.8562],[84.0717,27.8629],[84.0802,27.8694],[84.1025,27.8663],[84.0978,27.8582],[84.1047,27.8548],[84.1121,27.861],[84.1156,27.8529],[84.1233,27.8538],[84.1219,27.8591],[84.1288,27.859],[84.1313,27.856],[84.1313,27.8456],[84.1467,27.8502],[84.1518,27.8473],[84.1588,27.8472],[84.1583,27.8395],[84.1716,27.8455],[84.1762,27.8522],[84.1914,27.8466],[84.2022,27.8515],[84.209,27.8499],[84.2083,27.8414],[84.2169,27.8465],[84.2225,27.844],[84.2258,27.8375],[84.2417,27.8463],[84.248,27.8452],[84.2536,27.8386],[84.268,27.8385],[84.2747,27.8362],[84.2849,27.8378],[84.2946,27.8365],[84.3023,27.8224],[84.3079,27.8183],[84.303,27.8151],[84.3042,27.8102],[84.3001,27.8057],[84.3018,27.7959],[84.3022,27.7922],[84.316,27.7852],[84.3204,27.7746],[84.3177,27.7669],[84.3188,27.7618],[84.3246,27.7583],[84.3273,27.7485],[84.3362,27.7487],[84.3411,27.7441],[84.3448,27.7502],[84.3535,27.7487],[84.3629,27.7534],[84.3642,27.7602],[84.3703,27.7748],[84.3786,27.7788],[84.3943,27.7753],[84.4007,27.7709],[84.4063,27.7631],[84.4193,27.759],[84.4254,27.7477],[84.4242,27.7411],[84.4352,27.741],[84.4408,27.7438],[84.452,27.7588],[84.4592,27.7593],[84.4669,27.753],[84.4741,27.7539],[84.4695,27.767],[84.4621,27.7739],[84.4505,27.7782],[84.4415,27.7782],[84.4363,27.7827],[84.4321,27.7905],[84.4343,27.8121],[84.4432,27.8172],[84.4479,27.8229],[84.4568,27.8201],[84.4671,27.8187],[84.4675,27.8239],[84.4765,27.8234],[84.4949,27.8192],[84.4986,27.8207],[84.5148,27.8153],[84.5202,27.8165],[84.5226,27.8217],[84.5229,27.8312],[84.5272,27.8332],[84.5433,27.8332],[84.5478,27.8315],[84.5573,27.8356],[84.5604,27.8473],[84.5609,27.8577],[84.5502,27.8624],[84.5533,27.8707],[84.5466,27.8697],[84.5427,27.8764],[84.5469,27.8816],[84.5428,27.8852],[84.5435,27.9019],[84.5476,27.9047],[84.5398,27.9089],[84.5423,27.9135],[84.5389,27.9174],[84.5341,27.9128],[84.5252,27.9151],[84.5199,27.9123],[84.5167,27.917],[84.5111,27.9134],[84.5087,27.9228],[84.502,27.9258],[84.4904,27.9263],[84.484,27.932],[84.4753,27.9365]]]},"properties":{"DISTRICT":"TANAHUN"}},
{"type":"Feature","geometry":{"type":"Polygon","coordinates":[[[83.8114,28.2198],[83.8052,28.2176],[83.8028,28.2109],[83.7887,28.1991],[83.7829,28.1972],[83.7733,28.1979],[83.7662,28.1919],[83.7583,28.1901],[83.7596,28.1818],[83.7638,28.1734],[83.7681,28.1705],[83.7625,28.1635],[83.7665,28.1578],[83.7615,28.146],[83.7472,28.148],[83.7328,28.1479],[83.7206,28.1355],[83.714,28.1333],[83.71,28.1284],[83.7084,28.1188],[83.7172,28.1133],[83.7212,28.1088],[83.7312,28.1029],[83.7249,28.0978],[83.7197,28.0901],[83.7057,28.0901],[83.7126,28.083],[83.7148,28.0636],[83.7043,28.0524],[83.6957,28.0505],[83.696,28.0416],[83.6906,28.0381],[83.6911,28.0288],[83.6877,28.0221],[83.6724,28.0145],[83.6658,28.0137],[83.6578,28.0116],[83.6482,28.0132],[83.6403,28.0181],[83.6345,28.0165],[83.6267,28.0075],[83.617,28.0117],[83.6069,28.0119],[83.6053,27.9971],[83.5954,27.9893],[83.586,27.9869],[83.5872,27.9787],[83.5821,27.9795],[83.5788,27.9741],[83.5705,27.9758],[83.5625,27.9737],[83.552,27.9766],[83.5483,27.9712],[83.5364,27.9684],[83.5331,27.9646],[83.5248,27.9638],[83.5113,27.9683],[83.5022,27.9768],[83.4951,27.978],[83.4874,27.9819],[83.483,27.9803],[83.4759,27.9725],[83.4682,27.9634],[83.4644,27.9546],[83.4579,27.9496],[83.4461,27.9452],[83.4473,27.9386],[83.4427,27.9353],[83.4501,27.9285],[83.455,27.9327],[83.4625,27.9342],[83.4695,27.9285],[83.4859,27.9225],[83.4916,27.9285],[83.5033,27.9269],[83.5108,27.9309],[83.5054,27.9379],[83.5111,27.9406],[83.5181,27.9374],[83.5251,27.9291],[83.5297,27.9281],[83.5326,27.9319],[83.532,27.9378],[83.5375,27.938],[83.5405,27.9276],[83.5548,27.9294],[83.5619,27.9347],[83.5666,27.9341],[83.573,27.9429],[83.5784,27.937],[83.5766,27.9301],[83.595,27.931],[83.6017,27.9235],[83.6128,27.925],[83.6189,27.9304],[83.6218,27.9267],[83.6288,27.9246],[83.6244,27.9162],[83.6345,27.9146],[83.6335,27.91],[83.6356,27.8997],[83.6425,27.9021],[83.6468,27.8984],[83.6512,27.9022],[83.657,27.9023],[83.6679,27.9196],[83.6777,27.9273],[83.6881,27.918],[83.6922,27.9235],[83.6978,27.9181],[83.7132,27.9164],[83.7194,27.9199],[83.725,27.9139],[83.7353,27.9086],[83.737,27.9045],[83.7448,27.9],[83.7468,27.9078],[83.7528,27.9069],[83.7592,27.9029],[83.7585,27.9092],[83.7643,27.9098],[83.7771,27.9031],[83.7835,27.8961],[83.7912,27.8848],[83.8,27.8818],[83.8097,27.873],[83.8181,27.874],[83.8222,27.8773],[83.8414,27.8685],[83.8476,27.8683],[83.8494,27.8733],[83.8462,27.8781],[83.8526,27.8813],[83.8538,27.8742],[83.8625,27.8742],[83.8642,27.8828],[83.8823,27.8874],[83.8831,27.8822],[83.8944,27.8859],[83.9003,27.883],[83.9122,27.8801],[83.9158,27.8769],[83.9159,27.8709],[83.9227,27.8712],[83.9278,27.8681],[83.9388,27.8774],[83.9443,27.8758],[83.9394,27.8877],[83.9427,27.8937],[83.9486,27.8942],[83.9534,27.8893],[83.957,27.8951],[83.9627,27.899],[83.9764,27.9026],[83.9803,27.9105],[83.9802,27.9165],[83.9755,27.9226],[83.9764,27.93],[83.9719,27.9366],[83.972,27.9586],[83.9797,27.9681],[83.9829,27.9766],[83.9803,27.9863],[83.9833,27.9917],[83.9823,27.998],[83.9907,27.9979],[83.9941,28.006],[84.0046,28.0062],[84.0075,28.0133],[84.0268,28.0134],[84.034,28.0193],[84.0302,28.0241],[84.0222,28.0272],[84.0074,28.0301],[83.9984,28.0357],[83.9977,28.0468],[83.9907,28.0445],[83.9826,28.0373],[83.9695,28.0374],[83.9633,28.0407],[83.9629,28.0445],[83.9565,28.0508],[83.9484,28.0538],[83.9435,28.0607],[83.9417,28.0682],[83.9519,28.0667],[83.9709,28.0746],[83.9608,28.08],[83.964,28.0872],[83.972,28.0884],[83.9842,28.0992],[83.9944,28.0993],[83.9971,28.1025],[83.9951,28.1088],[84.0069,28.1158],[84.0011,28.1213],[84.0011,28.1268],[84.0046,28.1298],[83.9922,28.1372],[83.9861,28.1379],[83.9823,28.143],[83.9721,28.1417],[83.9635,28.1389],[83.9505,28.1417],[83.9418,28.141],[83.9321,28.144],[83.9254,28.1514],[83.9246,28.1552],[83.9292,28.1604],[83.9256,28.1683],[83.9068,28.1778],[83.9008,28.189],[83.8929,28.1944],[83.8862,28.1924],[83.8781,28.1929],[83.876,28.1967],[83.8649,28.1973],[83.8581,28.1939],[83.8507,28.199],[83.8399,28.2118],[83.8262,28.2142],[83.8188,28.2099],[83.8114,28.2198]]]},"properties":{"DISTRICT":"SYANGJA"}},
{"type":"Feature","geometry":{"type":"Polygon","coordinates":[[[83.8244,28.2553],[83.8249,28.2511],[83.808,28.2368],[83.8004,28.2284],[83.8114,28.2198],[83.8188,28.2099],[83.8262,28.2142],[83.8399,28.2118],[83.8507,28.199],[83.8581,28.1939],[83.8649,28.1973],[83.876,28.1967],[83.8781,28.1929],[83.8862,28.1924],[83.8929,28.1944],[83.9008,28.189],[83.9068,28.1778],[83.9256,28.1683],[83.9292,28.1604],[83.9246,28.1552],[83.9254,28.1514],[83.9321,28.144],[83.9418,28.141],[83.9505,28.1417],[83.9635,28.1389],[83.9721,28.1417],[83.9823,28.143],[83.9861,28.1379],[83.9922,28.1372],[84.0046,28.1298],[84.0011,28.1268],[84.0011,28.1213],[84.0069,28.1158],[84.0145,28.106],[84.0227,28.1037],[84.0287,28.1055],[84.0346,28.0993],[84.0412,28.0962],[84.0493,28.0843],[84.061,28.0878],[84.0718,28.0775],[84.081,28.0914],[84.0896,28.0946],[84.0958,28.1037],[84.1078,28.1103],[84.1158,28.106],[84.1187,28.107],[84.1341,28.1044],[84.1457,28.1061],[84.1605,28.097],[84.1679,28.1008],[84.1812,28.1011],[84.186,28.0956],[84.1968,28.0953],[84.1996,28.0971],[84.2139,28.0946],[84.2211,28.0997],[84.2281,28.0957],[84.2314,28.1016],[84.2256,28.1118],[84.2246,28.1193],[84.2195,28.1236],[84.2207,28.1319],[84.2291,28.1361],[84.2307,28.1406],[84.2247,28.1467],[84.2244,28.1543],[84.2207,28.1588],[84.2219,28.1649],[84.2155,28.1722],[84.2209,28.1807],[84.2113,28.1835],[84.2079,28.1892],[84.1964,28.1882],[84.1957,28.1928],[84.1929,28.1964],[84.2029,28.1989],[84.2101,28.2077],[84.2113,28.2165],[84.215,28.2281],[84.2163,28.2441],[84.2133,28.2567],[84.2131,28.2654],[84.2077,28.2732],[84.1988,28.2776],[84.1959,28.2835],[84.1889,28.2913],[84.19,28.2968],[84.1951,28.3],[84.1989,28.3173],[84.207,28.3271],[84.2066,28.3375],[84.2129,28.3532],[84.2198,28.3601],[84.2183,28.3803],[84.2145,28.3857],[84.2185,28.3959],[84.2267,28.4022],[84.2292,28.4122],[84.2379,28.4191],[84.2465,28.4233],[84.2496,28.4339],[84.2475,28.4394],[84.2567,28.4473],[84.2682,28.4513],[84.2712,28.4564],[84.2716,28.4602],[84.2808,28.4707],[84.2762,28.4712],[84.2686,28.4802],[84.2639,28.4818],[84.2584,28.4796],[84.25,28.4822],[84.2348,28.4838],[84.2284,28.4806],[84.2212,28.4853],[84.214,28.4849],[84.2033,28.4884],[84.1948,28.4893],[84.1914,28.4924],[84.1888,28.5027],[84.1874,28.506],[84.1798,28.506],[84.1736,28.5108],[84.1653,28.5116],[84.1548,28.5199],[84.1532,28.5234],[84.1414,28.5341],[84.1388,28.5393],[84.1317,28.5356],[84.1211,28.5368],[84.0874,28.5383],[84.0737,28.5482],[84.0613,28.5636],[84.0478,28.5667],[84.033,28.5725],[84.0228,28.5787],[84.0156,28.5871],[83.9993,28.5846],[83.988,28.5868],[83.9812,28.5962],[83.9707,28.6005],[83.9659,28.6052],[83.9548,28.6045],[83.9438,28.601],[83.9314,28.6048],[83.9024,28.6067],[83.8896,28.6067],[83.8763,28.6132],[83.8737,28.6131],[83.8596,28.609],[83.8535,28.6041],[83.8462,28.603],[83.8319,28.5953],[83.8226,28.5955],[83.8114,28.5896],[83.804,28.5798],[83.8092,28.5636],[83.8206,28.5499],[83.8297,28.5418],[83.8296,28.5325],[83.8244,28.5297],[83.8164,28.5187],[83.8044,28.516],[83.7895,28.4994],[83.7853,28.4971],[83.7825,28.4902],[83.7729,28.4792],[83.7683,28.4793],[83.7572,28.475],[83.7543,28.4719],[83.7565,28.4623],[83.7505,28.4511],[83.7384,28.4377],[83.7398,28.4346],[83.7339,28.4204],[83.741,28.4086],[83.7485,28.4021],[83.7566,28.4061],[83.7607,28.4036],[83.7617,28.3941],[83.739,28.3942],[83.7318,28.3961],[83.7145,28.3954],[83.7027,28.3984],[83.7091,28.386],[83.7204,28.3761],[83.7227,28.3625],[83.7297,28.3563],[83.728,28.3491],[83.7391,28.3436],[83.7414,28.3364],[83.7458,28.3303],[83.7579,28.3232],[83.7637,28.3156],[83.7765,28.3089],[83.7678,28.2993],[83.7639,28.2926],[83.7758,28.2863],[83.7761,28.2827],[83.7686,28.2766],[83.7688,28.2735],[83.7797,28.2699],[83.7951,28.263],[83.805,28.2606],[83.8092,28.2617],[83.8227,28.26],[83.8244,28.2553]]]},"properties":{"DISTRICT":"KASKI"}},
{"type":"Feature","geometry":{"type":"Polygon","coordinates":[[[84.2808,28.4707],[84.2716,28.4602],[84.2712,28.4564],[84.2789,28.4509],[84.2809,28.4469],[84.2932,28.4451],[84.3002,28.4486],[84.3054,28.4468],[84.314,28.4492],[84.3235,28.4497],[84.3301,28.4527],[84.3451,28.452],[84.3575,28.4537],[84.3627,28.4525],[84.3764,28.4538],[84.3766,28.461],[84.4003,28.4564],[84.4065,28.4607],[84.4172,28.4714],[84.4192,28.4776],[84.4195,28.4911],[84.4251,28.5031],[84.4346,28.51],[84.444,28.5101],[84.4526,28.5068],[84.4635,28.5],[84.4676,28.4915],[84.4818,28.4728],[84.4885,28.4704],[84.493,28.4614],[84.5112,28.4642],[84.5342,28.4728],[84.5354,28.4708],[84.552,28.4711],[84.5638,28.4763],[84.5703,28.4827],[84.5669,28.4868],[84.5692,28.495],[84.5673,28.5014],[84.5727,28.5099],[84.5692,28.5173],[84.5696,28.5219],[84.5622,28.5327],[84.5616,28.55],[84.55,28.5544],[84.554,28.5591],[84.5497,28.5622],[84.5529,28.5698],[84.5504,28.5785],[84.5511,28.5841],[84.5436,28.5983],[84.5431,28.6238],[84.536,28.6384],[84.5336,28.6462],[84.5227,28.6493],[84.5241,28.6635],[84.5147,28.6745],[84.5174,28.686],[84.5225,28.6896],[84.5215,28.6951],[84.5032,28.6987],[84.4945,28.708],[84.4921,28.7129],[84.486,28.7176],[84.4868,28.724],[84.494,28.7346],[84.4858,28.7411],[84.4825,28.747],[84.4778,28.7469],[84.4705,28.7509],[84.4633,28.751],[84.4541,28.7647],[84.4387,28.7693],[84.4419,28.7764],[84.4481,28.7824],[84.4461,28.7865],[84.4475,28.7931],[84.4342,28.8014],[84.4321,28.8127],[84.4375,28.8205],[84.4273,28.8253],[84.4205,28.8315],[84.4116,28.8287],[84.4028,28.8301],[84.4021,28.838],[84.409,28.8419],[84.4108,28.8536],[84.3994,28.8585],[84.3769,28.8643],[84.3717,28.8609],[84.3588,28.8603],[84.3467,28.872],[84.3429,28.8724],[84.3349,28.8643],[84.3258,28.8626],[84.323,28.8674],[84.3011,28.872],[84.2895,28.8771],[84.2883,28.8809],[84.2762,28.8866],[84.2744,28.8924],[84.2682,28.8975],[84.2604,28.8955],[84.2567,28.8904],[84.2474,28.8904],[84.2318,28.8922],[84.228,28.8939],[84.2245,28.8916],[84.215,28.8947],[84.2063,28.8955],[84.1958,28.8992],[84.1862,28.9],[84.1794,28.8948],[84.1723,28.8816],[84.1644,28.8778],[84.1581,28.8724],[84.1483,28.8802],[84.1406,28.8792],[84.1371,28.8856],[84.1286,28.8886],[84.1269,28.8846],[84.1173,28.8809],[84.1103,28.885],[84.0979,28.8873],[84.096,28.8811],[84.0922,28.8789],[84.0938,28.8732],[84.0866,28.8664],[84.0912,28.8553],[84.0853,28.8494],[84.0783,28.8464],[84.0742,28.8416],[84.0625,28.839],[84.0539,28.8425],[84.048,28.8301],[84.0495,28.8242],[84.0456,28.818],[84.0382,28.8127],[84.0262,28.8089],[84.0247,28.8012],[84.0161,28.7975],[84.0068,28.8017],[84,28.812],[83.9823,28.8168],[83.9712,28.8164],[83.9627,28.8329],[83.9534,28.835],[83.9448,28.83],[83.9404,28.8246],[83.9424,28.82],[83.9395,28.8143],[83.9442,28.8085],[83.941,28.7884],[83.9353,28.7832],[83.9189,28.7783],[83.909,28.7781],[83.8978,28.7679],[83.8959,28.7562],[83.8928,28.7511],[83.8933,28.7436],[83.8811,28.7378],[83.8741,28.7269],[83.8662,28.7226],[83.8557,28.7266],[83.8468,28.7268],[83.8384,28.724],[83.8323,28.7188],[83.8256,28.7177],[83.8208,28.714],[83.812,28.7116],[83.8032,28.7024],[83.7928,28.6968],[83.7913,28.6931],[83.7985,28.688],[83.8139,28.6826],[83.8211,28.6763],[83.839,28.6647],[83.8446,28.6577],[83.8495,28.6554],[83.8581,28.6443],[83.8665,28.6266],[83.8719,28.6193],[83.8737,28.6131],[83.8763,28.6132],[83.8896,28.6067],[83.9024,28.6067],[83.9314,28.6048],[83.9438,28.601],[83.9548,28.6045],[83.9659,28.6052],[83.9707,28.6005],[83.9812,28.5962],[83.988,28.5868],[83.9993,28.5846],[84.0156,28.5871],[84.0228,28.5787],[84.033,28.5725],[84.0478,28.5667],[84.0613,28.5636],[84.0737,28.5482],[84.0874,28.5383],[84.1211,28.5368],[84.1317,28.5356],[84.1388,28.5393],[84.1414,28.5341],[84.1532,28.5234],[84.1548,28.5199],[84.1653,28.5116],[84.1736,28.5108],[84.1798,28.506],[84.1874,28.506],[84.1888,28.5027],[84.1914,28.4924],[84.1948,28.4893],[84.2033,28.4884],[84.214,28.4849],[84.2212,28.4853],[84.2284,28.4806],[84.2348,28.4838],[84.25,28.4822],[84.2584,28.4796],[84.2639,28.4818],[84.2686,28.4802],[84.2762,28.4712],[84.2808,28.4707]]]},"properties":{"DISTRICT":"MANANG"}},
{"type":"Feature","geometry":{"type":"Polygon","coordinates":[[[84.0539,28.8425],[84.0625,28.839],[84.0742,28.8416],[84.0783,28.8464],[84.0853,28.8494],[84.0912,28.8553],[84.0866,28.8664],[84.0938,28.8732],[84.0922,28.8789],[84.096,28.8811],[84.0979,28.8873],[84.1103,28.885],[84.1173,28.8809],[84.1269,28.8846],[84.1286,28.8886],[84.1371,28.8856],[84.1406,28.8792],[84.1483,28.8802],[84.1581,28.8724],[84.1644,28.8778],[84.1723,28.8816],[84.1794,28.8948],[84.1862,28.9],[84.1958,28.8992],[84.2063,28.8955],[84.215,28.8947],[84.2245,28.8916],[84.228,28.8939],[84.2276,28.9035],[84.2226,28.9156],[84.2272,28.9281],[84.2282,28.9404],[84.2327,28.9503],[84.2329,28.9573],[84.2377,28.9684],[84.2439,28.9761],[84.2411,28.9811],[84.2416,28.9973],[84.2459,29.009],[84.25,29.0126],[84.25,29.0372],[84.246,29.0427],[84.2386,29.0443],[84.2316,29.0497],[84.223,29.0535],[84.2112,29.0536],[84.1986,29.0465],[84.1918,29.0469],[84.1908,29.0647],[84.1888,29.0674],[84.1883,29.0807],[84.1929,29.0846],[84.1979,29.0929],[84.1973,29.0965],[84.2038,29.1037],[84.202,29.1126],[84.2027,29.1244],[84.1873,29.1266],[84.1784,29.1296],[84.1749,29.141],[84.1755,29.1497],[84.17,29.1569],[84.1681,29.1641],[84.1714,29.1721],[84.1644,29.1852],[84.1689,29.1903],[84.166,29.194],[84.1707,29.1998],[84.1747,29.2007],[84.1833,29.2078],[84.1905,29.2057],[84.2019,29.2139],[84.1997,29.2207],[84.2011,29.2309],[84.2051,29.2366],[84.2032,29.24],[84.1948,29.2441],[84.1856,29.2418],[84.1815,29.2377],[84.1699,29.241],[84.1559,29.2414],[84.1437,29.2362],[84.131,29.2428],[84.1145,29.2486],[84.117,29.258],[84.1238,29.2703],[84.1187,29.2794],[84.1024,29.2901],[84.0879,29.2945],[84.0831,29.2887],[84.0722,29.2851],[84.0659,29.2895],[84.0583,29.2905],[84.055,29.2975],[84.046,29.3008],[84.0264,29.2887],[84.0179,29.2889],[84.0129,29.2942],[84.0019,29.2949],[83.9899,29.3004],[84.0014,29.3063],[84.0013,29.3147],[83.9943,29.3201],[83.978,29.3286],[83.967,29.331],[83.9578,29.3261],[83.9506,29.317],[83.9432,29.3163],[83.9357,29.3197],[83.9296,29.3184],[83.9219,29.3232],[83.9121,29.3234],[83.9069,29.3257],[83.9001,29.3188],[83.8895,29.3201],[83.8726,29.3123],[83.8582,29.3094],[83.8563,29.3016],[83.8512,29.298],[83.8411,29.2981],[83.8371,29.3009],[83.8322,29.2981],[83.8252,29.3028],[83.8148,29.302],[83.8101,29.2946],[83.813,29.2908],[83.8046,29.2822],[83.7994,29.2818],[83.796,29.2734],[83.8011,29.2641],[83.8039,29.2556],[83.7993,29.25],[83.7835,29.2443],[83.7788,29.2477],[83.773,29.2463],[83.7697,29.2408],[83.7635,29.24],[83.75,29.2438],[83.7427,29.2454],[83.7327,29.2449],[83.7239,29.2415],[83.7133,29.2445],[83.7084,29.2372],[83.703,29.2346],[83.6988,29.2263],[83.6863,29.2131],[83.6771,29.2077],[83.67,29.2072],[83.6622,29.2039],[83.6598,29.1985],[83.6602,29.1874],[83.6656,29.184],[83.6595,29.1761],[83.6678,29.1688],[83.6642,29.1651],[83.6654,29.1557],[83.6748,29.1524],[83.6785,29.1472],[83.677,29.137],[83.6818,29.1305],[83.6809,29.125],[83.6697,29.1233],[83.6646,29.1247],[83.6537,29.1195],[83.6546,29.1092],[83.6483,29.1041],[83.6384,29.1073],[83.6308,29.1065],[83.6227,29.0978],[83.6171,29.0943],[83.6255,29.0882],[83.6331,29.0801],[83.6316,29.0715],[83.6331,29.0624],[83.6225,29.0604],[83.6202,29.0551],[83.6199,29.0437],[83.6147,29.036],[83.6186,29.0185],[83.6143,29.015],[83.619,29.0061],[83.6165,28.9979],[83.6171,28.9876],[83.6111,28.9802],[83.6063,28.9803],[83.6006,28.9857],[83.5941,28.9836],[83.5887,28.9758],[83.5892,28.9712],[83.5837,28.9649],[83.5847,28.9612],[83.581,28.955],[83.5769,28.9538],[83.569,28.9433],[83.5636,28.9452],[83.5593,28.9424],[83.5586,28.9337],[83.5515,28.9268],[83.5419,28.9149],[83.5307,28.9086],[83.5293,28.9034],[83.5173,28.8899],[83.5089,28.8852],[83.5015,28.8771],[83.5079,28.8658],[83.5084,28.8576],[83.5041,28.8516],[83.5039,28.8461],[83.5,28.8425],[83.4946,28.8462],[83.4837,28.8446],[83.4827,28.836],[83.4853,28.8335],[83.4817,28.8241],[83.4821,28.8171],[83.4872,28.8121],[83.4901,28.8008],[83.489,28.7906],[83.5,28.7903],[83.5069,28.793],[83.5102,28.788],[83.52,28.7859],[83.5247,28.7829],[83.5357,28.7814],[83.5482,28.7763],[83.5556,28.7707],[83.5582,28.7644],[83.5558,28.757],[83.5594,28.7548],[83.5607,28.7462],[83.5535,28.739],[83.5478,28.7262],[83.5393,28.711],[83.5387,28.7041],[83.5417,28.6971],[83.5296,28.6883],[83.5367,28.6825],[83.5425,28.672],[83.5451,28.656],[83.5523,28.6508],[83.562,28.646],[83.5667,28.6294],[83.5636,28.6203],[83.5661,28.607],[83.5726,28.5974],[83.5714,28.5936],[83.5817,28.5833],[83.5912,28.5897],[83.5987,28.5892],[83.6046,28.5861],[83.6156,28.5835],[83.6208,28.577],[83.6249,28.5754],[83.6435,28.5734],[83.6398,28.5664],[83.6554,28.5646],[83.6654,28.5668],[83.6675,28.573],[83.6728,28.5752],[83.6788,28.585],[83.682,28.5953],[83.6856,28.6004],[83.6883,28.6139],[83.6966,28.6152],[83.7039,28.6242],[83.7079,28.6332],[83.7082,28.6392],[83.7178,28.6458],[83.7211,28.6509],[83.7323,28.6552],[83.7294,28.6586],[83.7301,28.6672],[83.739,28.6732],[83.7383,28.6781],[83.7466,28.69],[83.7509,28.6882],[83.7652,28.6882],[83.7695,28.6864],[83.7913,28.6931],[83.7928,28.6968],[83.8032,28.7024],[83.812,28.7116],[83.8208,28.714],[83.8256,28.7177],[83.8323,28.7188],[83.8384,28.724],[83.8468,28.7268],[83.8557,28.7266],[83.8662,28.7226],[83.8741,28.7269],[83.8811,28.7378],[83.8933,28.7436],[83.8928,28.7511],[83.8959,28.7562],[83.8978,28.7679],[83.909,28.7781],[83.9189,28.7783],[83.9353,28.7832],[83.941,28.7884],[83.9442,28.8085],[83.9395,28.8143],[83.9424,28.82],[83.9404,28.8246],[83.9448,28.83],[83.9534,28.835],[83.9627,28.8329],[83.9712,28.8164],[83.9823,28.8168],[84,28.812],[84.0068,28.8017],[84.0161,28.7975],[84.0247,28.8012],[84.0262,28.8089],[84.0382,28.8127],[84.0456,28.818],[84.0495,28.8242],[84.048,28.8301],[84.0539,28.8425]]]},"properties":{"DISTRICT":"MUSTANG"}},
{"type":"Feature","geometry":{"type":"Polygon","coordinates":[[[83.8737,28.6131],[83.8719,28.6193],[83.8665,28.6266],[83.8581,28.6443],[83.8495,28.6554],[83.8446,28.6577],[83.839,28.6647],[83.8211,28.6763],[83.8139,28.6826],[83.7985,28.688],[83.7913,28.6931],[83.7695,28.6864],[83.7652,28.6882],[83.7509,28.6882],[83.7466,28.69],[83.7383,28.6781],[83.739,28.6732],[83.7301,28.6672],[83.7294,28.6586],[83.7323,28.6552],[83.7211,28.6509],[83.7178,28.6458],[83.7082,28.6392],[83.7079,28.6332],[83.7039,28.6242],[83.6966,28.6152],[83.6883,28.6139],[83.6856,28.6004],[83.682,28.5953],[83.6788,28.585],[83.6728,28.5752],[83.6675,28.573],[83.6654,28.5668],[83.6554,28.5646],[83.6398,28.5664],[83.6435,28.5734],[83.6249,28.5754],[83.6208,28.577],[83.6156,28.5835],[83.6046,28.5861],[83.5987,28.5892],[83.5912,28.5897],[83.5817,28.5833],[83.5714,28.5936],[83.5726,28.5974],[83.5661,28.607],[83.5636,28.6203],[83.5667,28.6294],[83.562,28.646],[83.5523,28.6508],[83.5451,28.656],[83.5425,28.672],[83.5367,28.6825],[83.5296,28.6883],[83.5417,28.6971],[83.5387,28.7041],[83.5393,28.711],[83.5478,28.7262],[83.5535,28.739],[83.5607,28.7462],[83.5594,28.7548],[83.5558,28.757],[83.5582,28.7644],[83.5556,28.7707],[83.5482,28.7763],[83.5357,28.7814],[83.5247,28.7829],[83.52,28.7859],[83.5102,28.788],[83.5069,28.793],[83.5,28.7903],[83.489,28.7906],[83.4855,28.7828],[83.4632,28.78],[83.4559,28.7721],[83.4481,28.7688],[83.4436,28.7695],[83.429,28.7662],[83.4125,28.7605],[83.4023,28.7607],[83.3905,28.763],[83.3854,28.7564],[83.3797,28.7539],[83.3764,28.7444],[83.364,28.734],[83.3583,28.7336],[83.3333,28.7381],[83.3144,28.7353],[83.3103,28.7325],[83.3005,28.7318],[83.284,28.7256],[83.2789,28.7218],[83.2726,28.7251],[83.2614,28.7261],[83.2414,28.7348],[83.2392,28.7395],[83.2313,28.7428],[83.2245,28.7401],[83.2202,28.7351],[83.2119,28.7319],[83.2084,28.7325],[83.1882,28.7435],[83.169,28.745],[83.1561,28.7477],[83.1479,28.7471],[83.1474,28.747],[83.1445,28.7401],[83.1446,28.734],[83.1481,28.7304],[83.1474,28.7208],[83.1525,28.7129],[83.152,28.7044],[83.1545,28.701],[83.1506,28.6948],[83.1444,28.6896],[83.1483,28.6814],[83.1403,28.675],[83.1295,28.674],[83.1247,28.6766],[83.1204,28.6706],[83.127,28.6639],[83.1252,28.6539],[83.1171,28.6425],[83.1168,28.6307],[83.1094,28.6321],[83.1083,28.6202],[83.1056,28.6101],[83.1068,28.5971],[83.1106,28.584],[83.1077,28.5717],[83.1025,28.5668],[83.1019,28.5557],[83.105,28.5503],[83.1035,28.5412],[83.1177,28.5351],[83.1283,28.5258],[83.1281,28.5186],[83.1329,28.5119],[83.1316,28.5],[83.1332,28.496],[83.1407,28.4974],[83.1606,28.4952],[83.1709,28.4933],[83.1804,28.4965],[83.2017,28.5015],[83.2149,28.5087],[83.2214,28.5137],[83.2327,28.5111],[83.2346,28.5082],[83.2431,28.5063],[83.2564,28.496],[83.2683,28.492],[83.2764,28.493],[83.2808,28.4866],[83.286,28.4748],[83.2985,28.47],[83.3025,28.4613],[83.3003,28.4555],[83.2924,28.4467],[83.275,28.4423],[83.2769,28.4345],[83.2897,28.4256],[83.2913,28.4183],[83.2984,28.4163],[83.2928,28.4068],[83.2916,28.3966],[83.2845,28.3927],[83.2862,28.3822],[83.2885,28.3804],[83.2808,28.3673],[83.2879,28.3684],[83.3043,28.3558],[83.3114,28.3547],[83.3226,28.3589],[83.3295,28.3657],[83.3353,28.3657],[83.3387,28.3706],[83.3509,28.3694],[83.3656,28.3706],[83.3803,28.3552],[83.3867,28.3581],[83.3955,28.3554],[83.4057,28.3582],[83.4133,28.3573],[83.4206,28.3499],[83.4265,28.3409],[83.441,28.3401],[83.4447,28.3294],[83.4582,28.3259],[83.4842,28.322],[83.4858,28.32],[83.4903,28.3212],[83.4969,28.324],[83.5118,28.3166],[83.5291,28.3149],[83.5333,28.3122],[83.5373,28.3031],[83.5485,28.3134],[83.5648,28.3169],[83.5873,28.3095],[83.5938,28.3013],[83.6036,28.2983],[83.6031,28.3075],[83.5993,28.315],[83.5842,28.3297],[83.577,28.3341],[83.5756,28.3393],[83.5709,28.3401],[83.5707,28.3488],[83.568,28.3535],[83.5688,28.3661],[83.5717,28.3743],[83.5856,28.3804],[83.5947,28.3912],[83.5983,28.3916],[83.6162,28.3838],[83.6287,28.3807],[83.6361,28.366],[83.6518,28.3561],[83.6519,28.3521],[83.6602,28.348],[83.666,28.3494],[83.6758,28.3622],[83.6761,28.3663],[83.6815,28.3711],[83.6802,28.3786],[83.6849,28.3895],[83.6906,28.3974],[83.7027,28.3984],[83.7145,28.3954],[83.7318,28.3961],[83.739,28.3942],[83.7617,28.3941],[83.7607,28.4036],[83.7566,28.4061],[83.7485,28.4021],[83.741,28.4086],[83.7339,28.4204],[83.7398,28.4346],[83.7384,28.4377],[83.7505,28.4511],[83.7565,28.4623],[83.7543,28.4719],[83.7572,28.475],[83.7683,28.4793],[83.7729,28.4792],[83.7825,28.4902],[83.7853,28.4971],[83.7895,28.4994],[83.8044,28.516],[83.8164,28.5187],[83.8244,28.5297],[83.8296,28.5325],[83.8297,28.5418],[83.8206,28.5499],[83.8092,28.5636],[83.804,28.5798],[83.8114,28.5896],[83.8226,28.5955],[83.8319,28.5953],[83.8462,28.603],[83.8535,28.6041],[83.8596,28.609],[83.8737,28.6131]]]},"properties":{"DISTRICT":"MYAGDI"}},
{"type":"Feature","geometry":{"type":"Polygon","coordinates":[[[83.617,28.0117],[83.6267,28.0075],[83.6345,28.0165],[83.6403,28.0181],[83.6482,28.0132],[83.6578,28.0116],[83.6658,28.0137],[83.6724,28.0145],[83.6877,28.0221],[83.6911,28.0288],[83.6906,28.0381],[83.696,28.0416],[83.6957,28.0505],[83.7043,28.0524],[83.7148,28.0636],[83.7126,28.083],[83.7057,28.0901],[83.7197,28.0901],[83.7249,28.0978],[83.7312,28.1029],[83.7212,28.1088],[83.7172,28.1133],[83.7084,28.1188],[83.71,28.1284],[83.714,28.1333],[83.7206,28.1355],[83.7328,28.1479],[83.7472,28.148],[83.7615,28.146],[83.7665,28.1578],[83.7625,28.1635],[83.7681,28.1705],[83.7638,28.1734],[83.7596,28.1818],[83.7583,28.1901],[83.7662,28.1919],[83.7733,28.1979],[83.7829,28.1972],[83.7887,28.1991],[83.8028,28.2109],[83.8052,28.2176],[83.8114,28.2198],[83.8004,28.2284],[83.808,28.2368],[83.8249,28.2511],[83.8244,28.2553],[83.8227,28.26],[83.8092,28.2617],[83.805,28.2606],[83.7951,28.263],[83.7797,28.2699],[83.7688,28.2735],[83.7686,28.2766],[83.7761,28.2827],[83.7758,28.2863],[83.7639,28.2926],[83.7678,28.2993],[83.7765,28.3089],[83.7637,28.3156],[83.7579,28.3232],[83.7458,28.3303],[83.7414,28.3364],[83.7391,28.3436],[83.728,28.3491],[83.7297,28.3563],[83.7227,28.3625],[83.7204,28.3761],[83.7091,28.386],[83.7027,28.3984],[83.6906,28.3974],[83.6849,28.3895],[83.6802,28.3786],[83.6815,28.3711],[83.6761,28.3663],[83.6758,28.3622],[83.666,28.3494],[83.6602,28.348],[83.6519,28.3521],[83.6518,28.3561],[83.6361,28.366],[83.6287,28.3807],[83.6162,28.3838],[83.5983,28.3916],[83.5947,28.3912],[83.5856,28.3804],[83.5717,28.3743],[83.5688,28.3661],[83.568,28.3535],[83.5707,28.3488],[83.5709,28.3401],[83.5756,28.3393],[83.577,28.3341],[83.5842,28.3297],[83.5993,28.315],[83.6031,28.3075],[83.6036,28.2983],[83.6022,28.291],[83.6098,28.2842],[83.6071,28.2791],[83.608,28.2687],[83.6127,28.2667],[83.6124,28.2587],[83.6181,28.2576],[83.6198,28.2534],[83.6257,28.2502],[83.632,28.2501],[83.6506,28.2374],[83.6586,28.2374],[83.6616,28.2312],[83.6692,28.2309],[83.6748,28.2232],[83.6766,28.2144],[83.6721,28.2104],[83.6719,28.2027],[83.6613,28.1985],[83.6537,28.1865],[83.6495,28.1839],[83.6471,28.1775],[83.6418,28.1751],[83.6459,28.1677],[83.6385,28.159],[83.6402,28.1541],[83.6386,28.1409],[83.6408,28.1377],[83.6348,28.1312],[83.6317,28.1223],[83.6237,28.1206],[83.6111,28.1121],[83.6068,28.1104],[83.6036,28.0975],[83.5919,28.0835],[83.5901,28.08],[83.5827,28.0773],[83.5736,28.0724],[83.5706,28.0658],[83.5632,28.063],[83.566,28.0579],[83.5612,28.0434],[83.5657,28.041],[83.5636,28.0356],[83.5759,28.0323],[83.58,28.0339],[83.5863,28.0259],[83.5926,28.0251],[83.5988,28.0201],[83.6008,28.015],[83.6069,28.0119],[83.617,28.0117]]]},"properties":{"DISTRICT":"PARBAT"}},
{"type":"Feature","geometry":{"type":"Polygon","coordinates":[[[83.2839,28.19],[83.2895,28.1925],[83.2994,28.1927],[83.3098,28.1975],[83.3185,28.1902],[83.3329,28.1889],[83.3402,28.1899],[83.3525,28.1944],[83.3547,28.1976],[83.3647,28.192],[83.3662,28.1862],[83.3712,28.1833],[83.372,28.1778],[83.3781,28.1735],[83.3864,28.1636],[83.3919,28.1674],[83.3968,28.1557],[83.4024,28.1503],[83.4133,28.1439],[83.4156,28.1376],[83.4205,28.1364],[83.4222,28.128],[83.4286,28.1258],[83.4408,28.1308],[83.4473,28.1249],[83.4532,28.1263],[83.4582,28.1316],[83.4646,28.1298],[83.4757,28.1322],[83.4803,28.13],[83.4761,28.1189],[83.4858,28.1162],[83.4877,28.1132],[83.495,28.115],[83.5011,28.1171],[83.5078,28.1258],[83.5124,28.1268],[83.5177,28.1221],[83.5268,28.1207],[83.5343,28.1165],[83.5463,28.1207],[83.5566,28.1156],[83.5571,28.1066],[83.5671,28.1006],[83.5642,28.0943],[83.5692,28.0896],[83.5777,28.0869],[83.5787,28.0811],[83.5827,28.0773],[83.5901,28.08],[83.5919,28.0835],[83.6036,28.0975],[83.6068,28.1104],[83.6111,28.1121],[83.6237,28.1206],[83.6317,28.1223],[83.6348,28.1312],[83.6408,28.1377],[83.6386,28.1409],[83.6402,28.1541],[83.6385,28.159],[83.6459,28.1677],[83.6418,28.1751],[83.6471,28.1775],[83.6495,28.1839],[83.6537,28.1865],[83.6613,28.1985],[83.6719,28.2027],[83.6721,28.2104],[83.6766,28.2144],[83.6748,28.2232],[83.6692,28.2309],[83.6616,28.2312],[83.6586,28.2374],[83.6506,28.2374],[83.632,28.2501],[83.6257,28.2502],[83.6198,28.2534],[83.6181,28.2576],[83.6124,28.2587],[83.6127,28.2667],[83.608,28.2687],[83.6071,28.2791],[83.6098,28.2842],[83.6022,28.291],[83.6036,28.2983],[83.5938,28.3013],[83.5873,28.3095],[83.5648,28.3169],[83.5485,28.3134],[83.5373,28.3031],[83.5333,28.3122],[83.5291,28.3149],[83.5118,28.3166],[83.4969,28.324],[83.4903,28.3212],[83.4858,28.32],[83.4842,28.322],[83.4582,28.3259],[83.4447,28.3294],[83.441,28.3401],[83.4265,28.3409],[83.4206,28.3499],[83.4133,28.3573],[83.4057,28.3582],[83.3955,28.3554],[83.3867,28.3581],[83.3803,28.3552],[83.3656,28.3706],[83.3509,28.3694],[83.3387,28.3706],[83.3353,28.3657],[83.3295,28.3657],[83.3226,28.3589],[83.3114,28.3547],[83.3043,28.3558],[83.2879,28.3684],[83.2808,28.3673],[83.2885,28.3804],[83.2862,28.3822],[83.2845,28.3927],[83.2916,28.3966],[83.2928,28.4068],[83.2984,28.4163],[83.2913,28.4183],[83.2897,28.4256],[83.2769,28.4345],[83.275,28.4423],[83.2924,28.4467],[83.3003,28.4555],[83.3025,28.4613],[83.2985,28.47],[83.286,28.4748],[83.2808,28.4866],[83.2764,28.493],[83.2683,28.492],[83.2564,28.496],[83.2431,28.5063],[83.2346,28.5082],[83.2327,28.5111],[83.2214,28.5137],[83.2149,28.5087],[83.2017,28.5015],[83.1804,28.4965],[83.1709,28.4933],[83.1606,28.4952],[83.1407,28.4974],[83.1332,28.496],[83.1316,28.5],[83.1329,28.5119],[83.1281,28.5186],[83.1283,28.5258],[83.1177,28.5351],[83.1035,28.5412],[83.105,28.5503],[83.1019,28.5557],[83.1025,28.5668],[83.1077,28.5717],[83.1106,28.584],[83.1068,28.5971],[83.1056,28.6101],[83.1083,28.6202],[83.1094,28.6321],[83.0992,28.6351],[83.0863,28.6307],[83.0828,28.6255],[83.0692,28.6233],[83.0595,28.62],[83.053,28.6257],[83.0448,28.6298],[83.0375,28.6256],[83.0267,28.6263],[83.0211,28.6216],[83.0119,28.6234],[83,28.6234],[82.9923,28.6257],[82.9849,28.6307],[82.9765,28.626],[82.969,28.6153],[82.9593,28.6114],[82.9548,28.5991],[82.9566,28.5929],[82.9642,28.5818],[82.9746,28.5751],[82.9814,28.5749],[82.9877,28.5698],[82.9822,28.5503],[82.9758,28.5422],[82.962,28.5517],[82.9576,28.5513],[82.9535,28.5558],[82.945,28.558],[82.9426,28.5612],[82.9304,28.567],[82.9224,28.5669],[82.9182,28.5643],[82.9168,28.5526],[82.9138,28.5427],[82.9155,28.5377],[82.9136,28.5292],[82.916,28.5275],[82.8971,28.5155],[82.8793,28.5153],[82.8903,28.5065],[82.8943,28.4964],[82.9138,28.4783],[82.9025,28.4756],[82.8887,28.4795],[82.8812,28.4762],[82.8883,28.4523],[82.896,28.4476],[82.901,28.4478],[82.908,28.4429],[82.9162,28.4342],[82.9142,28.4275],[82.9201,28.4181],[82.9212,28.409],[82.9179,28.4033],[82.9247,28.4011],[82.9378,28.402],[82.9478,28.3915],[82.9523,28.3841],[82.9501,28.3783],[82.9567,28.3721],[82.9587,28.3643],[82.9567,28.36],[82.9693,28.3575],[82.982,28.3593],[82.9955,28.3513],[83.0053,28.333],[83.0156,28.3323],[83.0202,28.3256],[83.0358,28.3216],[83.0455,28.3245],[83.0532,28.3188],[83.0632,28.3176],[83.0708,28.3112],[83.0707,28.3033],[83.0781,28.2973],[83.0811,28.2912],[83.0868,28.2893],[83.0917,28.281],[83.0992,28.2727],[83.0955,28.2568],[83.1135,28.2518],[83.1206,28.2564],[83.128,28.2565],[83.1297,28.2506],[83.1371,28.2513],[83.1506,28.2659],[83.1574,28.2706],[83.1634,28.2672],[83.1696,28.258],[83.1799,28.2648],[83.1833,28.269],[83.1882,28.2678],[83.2031,28.2576],[83.2075,28.2522],[83.2178,28.2477],[83.2178,28.2437],[83.2281,28.235],[83.2353,28.2256],[83.2358,28.2217],[83.2538,28.214],[83.261,28.2004],[83.2689,28.1986],[83.2728,28.195],[83.2759,28.1874],[83.2839,28.19]]]},"properties":{"DISTRICT":"BAGLUNG"}},
{"type":"Feature","geometry":{"type":"Polygon","coordinates":[[[83.3864,28.1636],[83.3781,28.1735],[83.372,28.1778],[83.3712,28.1833],[83.3662,28.1862],[83.3647,28.192],[83.3547,28.1976],[83.3525,28.1944],[83.3402,28.1899],[83.3329,28.1889],[83.3185,28.1902],[83.3098,28.1975],[83.2994,28.1927],[83.2895,28.1925],[83.2839,28.19],[83.2759,28.1874],[83.2728,28.195],[83.2689,28.1986],[83.261,28.2004],[83.2538,28.214],[83.2358,28.2217],[83.2353,28.2256],[83.2281,28.235],[83.2178,28.2437],[83.2178,28.2477],[83.2075,28.2522],[83.2031,28.2576],[83.1882,28.2678],[83.1833,28.269],[83.1799,28.2648],[83.1696,28.258],[83.1634,28.2672],[83.1574,28.2706],[83.1506,28.2659],[83.1371,28.2513],[83.1297,28.2506],[83.128,28.2565],[83.1206,28.2564],[83.1135,28.2518],[83.0955,28.2568],[83.0905,28.2476],[83.0846,28.2431],[83.0798,28.2336],[83.0727,28.239],[83.0652,28.2416],[83.053,28.2435],[83.0448,28.243],[83.041,28.2405],[83.033,28.2411],[83.027,28.2382],[83.0303,28.2316],[83.0294,28.2202],[83.0376,28.2013],[83.0392,28.1914],[83.0372,28.1837],[83.0351,28.1754],[83.0367,28.1681],[83.0436,28.1659],[83.0388,28.1599],[83.0405,28.1559],[83.0553,28.1498],[83.0576,28.141],[83.055,28.1345],[83.0611,28.1265],[83.0549,28.1198],[83.053,28.1114],[83.059,28.1066],[83.0649,28.1095],[83.0724,28.108],[83.0686,28.1053],[83.0692,28.0962],[83.0764,28.0907],[83.0872,28.0964],[83.0923,28.0972],[83.1007,28.0944],[83.0984,28.082],[83.1043,28.077],[83.1122,28.0814],[83.1168,28.081],[83.1276,28.084],[83.1285,28.0752],[83.1263,28.0706],[83.1366,28.0656],[83.1396,28.062],[83.1582,28.0611],[83.1603,28.0654],[83.1715,28.0739],[83.1732,28.0788],[83.1809,28.0841],[83.1949,28.0827],[83.1972,28.0741],[83.2029,28.0725],[83.2074,28.0667],[83.2114,28.0666],[83.2209,28.0591],[83.2224,28.0541],[83.2317,28.0484],[83.2354,28.0381],[83.2349,28.0234],[83.2454,28.0065],[83.248,27.9975],[83.2541,27.9951],[83.2556,27.986],[83.2649,27.9888],[83.2822,27.9675],[83.303,27.9674],[83.3033,27.9642],[83.301,27.9596],[83.3047,27.9561],[83.2992,27.9504],[83.2947,27.9497],[83.2929,27.9434],[83.2878,27.9437],[83.2806,27.9313],[83.2838,27.9256],[83.2934,27.9244],[83.3071,27.9281],[83.311,27.926],[83.3273,27.9206],[83.3402,27.9228],[83.3462,27.9263],[83.3487,27.9365],[83.3446,27.9398],[83.3471,27.9493],[83.3553,27.9529],[83.3629,27.9515],[83.3735,27.9577],[83.3852,27.9548],[83.3949,27.9472],[83.3971,27.9434],[83.4009,27.9352],[83.4127,27.9308],[83.4214,27.9307],[83.4295,27.9397],[83.4357,27.9355],[83.4427,27.9353],[83.4473,27.9386],[83.4461,27.9452],[83.4579,27.9496],[83.4644,27.9546],[83.4682,27.9634],[83.4759,27.9725],[83.483,27.9803],[83.4874,27.9819],[83.4951,27.978],[83.5022,27.9768],[83.5113,27.9683],[83.5248,27.9638],[83.5331,27.9646],[83.5364,27.9684],[83.5483,27.9712],[83.552,27.9766],[83.5625,27.9737],[83.5705,27.9758],[83.5788,27.9741],[83.5821,27.9795],[83.5872,27.9787],[83.586,27.9869],[83.5954,27.9893],[83.6053,27.9971],[83.6069,28.0119],[83.6008,28.015],[83.5988,28.0201],[83.5926,28.0251],[83.5863,28.0259],[83.58,28.0339],[83.5759,28.0323],[83.5636,28.0356],[83.5657,28.041],[83.5612,28.0434],[83.566,28.0579],[83.5632,28.063],[83.5706,28.0658],[83.5736,28.0724],[83.5827,28.0773],[83.5787,28.0811],[83.5777,28.0869],[83.5692,28.0896],[83.5642,28.0943],[83.5671,28.1006],[83.5571,28.1066],[83.5566,28.1156],[83.5463,28.1207],[83.5343,28.1165],[83.5268,28.1207],[83.5177,28.1221],[83.5124,28.1268],[83.5078,28.1258],[83.5011,28.1171],[83.495,28.115],[83.4877,28.1132],[83.4858,28.1162],[83.4761,28.1189],[83.4803,28.13],[83.4757,28.1322],[83.4646,28.1298],[83.4582,28.1316],[83.4532,28.1263],[83.4473,28.1249],[83.4408,28.1308],[83.4286,28.1258],[83.4222,28.128],[83.4205,28.1364],[83.4156,28.1376],[83.4133,28.1439],[83.4024,28.1503],[83.3968,28.1557],[83.3919,28.1674],[83.3864,28.1636]]]},"properties":{"DISTRICT":"GULMI"}},
{"type":"Feature","geometry":{"type":"Polygon","coordinates":[[[83.6189,27.9304],[83.6128,27.925],[83.6017,27.9235],[83.595,27.931],[83.5766,27.9301],[83.5784,27.937],[83.573,27.9429],[83.5666,27.9341],[83.5619,27.9347],[83.5548,27.9294],[83.5405,27.9276],[83.5375,27.938],[83.532,27.9378],[83.5326,27.9319],[83.5297,27.9281],[83.5251,27.9291],[83.5181,27.9374],[83.5111,27.9406],[83.5054,27.9379],[83.5108,27.9309],[83.5033,27.9269],[83.4916,27.9285],[83.4859,27.9225],[83.4695,27.9285],[83.4625,27.9342],[83.455,27.9327],[83.4501,27.9285],[83.4427,27.9353],[83.4357,27.9355],[83.4295,27.9397],[83.4214,27.9307],[83.4127,27.9308],[83.4009,27.9352],[83.3971,27.9434],[83.3949,27.9472],[83.3852,27.9548],[83.3735,27.9577],[83.3629,27.9515],[83.3553,27.9529],[83.3471,27.9493],[83.3446,27.9398],[83.3487,27.9365],[83.3462,27.9263],[83.3402,27.9228],[83.3273,27.9206],[83.311,27.926],[83.3086,27.9146],[83.2995,27.9106],[83.3032,27.906],[83.3088,27.9059],[83.3131,27.9015],[83.3109,27.8894],[83.3225,27.882],[83.3227,27.8783],[83.3325,27.8771],[83.3304,27.871],[83.3192,27.8599],[83.3147,27.8596],[83.3068,27.8537],[83.312,27.8512],[83.3004,27.8441],[83.2928,27.8339],[83.2923,27.8281],[83.2843,27.8257],[83.2674,27.827],[83.2502,27.8317],[83.233,27.8231],[83.2358,27.822],[83.2496,27.8084],[83.2513,27.8044],[83.248,27.7978],[83.2472,27.7902],[83.2577,27.7886],[83.2604,27.7848],[83.2578,27.7669],[83.2667,27.756],[83.2749,27.7571],[83.2854,27.7561],[83.2985,27.7605],[83.304,27.7677],[83.3155,27.7624],[83.3213,27.7646],[83.3257,27.7627],[83.3297,27.7672],[83.3367,27.7651],[83.3422,27.7578],[83.3469,27.7556],[83.3498,27.7495],[83.3593,27.7522],[83.3689,27.737],[83.3752,27.7365],[83.3781,27.7432],[83.3857,27.7427],[83.3885,27.7474],[83.3964,27.746],[83.4017,27.7379],[83.4105,27.7349],[83.4167,27.7409],[83.4284,27.7412],[83.4341,27.7392],[83.4366,27.7315],[83.4406,27.732],[83.4467,27.7237],[83.457,27.728],[83.4652,27.7257],[83.4732,27.721],[83.484,27.7244],[83.4885,27.7298],[83.4942,27.7257],[83.5011,27.7293],[83.5047,27.726],[83.5332,27.7258],[83.5495,27.7166],[83.5591,27.7164],[83.5693,27.7127],[83.58,27.7051],[83.5882,27.7058],[83.5994,27.7056],[83.6127,27.7003],[83.6143,27.6959],[83.6231,27.6884],[83.6297,27.6927],[83.6351,27.6931],[83.6412,27.6908],[83.6552,27.6909],[83.6595,27.6838],[83.6714,27.6734],[83.6759,27.6726],[83.6861,27.6637],[83.6973,27.6619],[83.7009,27.6698],[83.7014,27.6761],[83.7065,27.6819],[83.703,27.6881],[83.6918,27.698],[83.692,27.7063],[83.6848,27.718],[83.6937,27.7186],[83.6964,27.7161],[83.7173,27.7151],[83.7253,27.7098],[83.7315,27.7094],[83.7344,27.714],[83.7415,27.7148],[83.7532,27.7208],[83.7584,27.72],[83.778,27.7238],[83.7887,27.7245],[83.7944,27.7217],[83.8035,27.7211],[83.813,27.7141],[83.8231,27.7105],[83.8273,27.7139],[83.8357,27.7138],[83.8483,27.7093],[83.8462,27.7269],[83.844,27.7309],[83.8474,27.7349],[83.8538,27.7331],[83.8712,27.7345],[83.8895,27.732],[83.9152,27.7309],[83.9187,27.7285],[83.9263,27.7267],[83.9303,27.734],[83.947,27.744],[83.9626,27.7481],[83.9731,27.7496],[83.9788,27.7474],[83.988,27.7479],[83.9944,27.7534],[83.9962,27.7663],[84.0001,27.7727],[84.0021,27.7774],[84.0025,27.7885],[84.0072,27.7954],[84.0145,27.801],[84.0172,27.8115],[84.0268,27.818],[84.0287,27.8295],[84.0271,27.8351],[84.0223,27.8407],[84.0246,27.8483],[84.0306,27.8562],[84.0249,27.8609],[84.0194,27.8611],[84.0181,27.8513],[84.0094,27.8544],[84.0023,27.8546],[83.9964,27.8661],[83.983,27.8654],[83.9604,27.8728],[83.9537,27.8693],[83.9473,27.8712],[83.9443,27.8758],[83.9388,27.8774],[83.9278,27.8681],[83.9227,27.8712],[83.9159,27.8709],[83.9158,27.8769],[83.9122,27.8801],[83.9003,27.883],[83.8944,27.8859],[83.8831,27.8822],[83.8823,27.8874],[83.8642,27.8828],[83.8625,27.8742],[83.8538,27.8742],[83.8526,27.8813],[83.8462,27.8781],[83.8494,27.8733],[83.8476,27.8683],[83.8414,27.8685],[83.8222,27.8773],[83.8181,27.874],[83.8097,27.873],[83.8,27.8818],[83.7912,27.8848],[83.7835,27.8961],[83.7771,27.9031],[83.7643,27.9098],[83.7585,27.9092],[83.7592,27.9029],[83.7528,27.9069],[83.7468,27.9078],[83.7448,27.9],[83.737,27.9045],[83.7353,27.9086],[83.725,27.9139],[83.7194,27.9199],[83.7132,27.9164],[83.6978,27.9181],[83.6922,27.9235],[83.6881,27.918],[83.6777,27.9273],[83.6679,27.9196],[83.657,27.9023],[83.6512,27.9022],[83.6468,27.8984],[83.6425,27.9021],[83.6356,27.8997],[83.6335,27.91],[83.6345,27.9146],[83.6244,27.9162],[83.6288,27.9246],[83.6218,27.9267],[83.6189,27.9304]]]},"properties":{"DISTRICT":"PALPA"}},
{"type":"Feature","geometry":{"type":"Polygon","coordinates":[[[83.8845,27.5277],[83.8718,27.5416],[83.8605,27.5456],[83.8559,27.5505],[83.8527,27.5588],[83.8491,27.5602],[83.8394,27.5513],[83.8347,27.5596],[83.8337,27.5655],[83.8431,27.574],[83.8382,27.5856],[83.8258,27.5919],[83.8161,27.5891],[83.8083,27.5967],[83.8032,27.596],[83.7926,27.6049],[83.802,27.6123],[83.7993,27.6185],[83.8072,27.6206],[83.8031,27.6292],[83.8118,27.635],[83.809,27.6476],[83.8139,27.6622],[83.8018,27.6653],[83.7862,27.6667],[83.7704,27.6664],[83.7652,27.661],[83.7603,27.6672],[83.749,27.6666],[83.7428,27.6695],[83.7353,27.6691],[83.7272,27.6723],[83.7225,27.6697],[83.7179,27.6632],[83.7079,27.6587],[83.7051,27.662],[83.6973,27.6619],[83.6861,27.6637],[83.6759,27.6726],[83.6714,27.6734],[83.6595,27.6838],[83.6552,27.6909],[83.6412,27.6908],[83.6351,27.6931],[83.6337,27.677],[83.6315,27.6642],[83.6214,27.6595],[83.6111,27.6492],[83.6017,27.645],[83.5951,27.6264],[83.5872,27.6206],[83.5789,27.617],[83.5739,27.6107],[83.5755,27.6016],[83.5846,27.5884],[83.5826,27.583],[83.5826,27.5747],[83.589,27.5732],[83.5965,27.5747],[83.5983,27.5664],[83.5923,27.5515],[83.598,27.5459],[83.5927,27.5433],[83.5901,27.5325],[83.5918,27.5238],[83.5993,27.5184],[83.5969,27.5095],[83.5995,27.4973],[83.6065,27.4956],[83.6129,27.4896],[83.6123,27.4858],[83.6167,27.4694],[83.6358,27.4609],[83.7109,27.426],[83.7474,27.4091],[83.8141,27.3783],[83.8321,27.3701],[83.8648,27.3465],[83.8735,27.3516],[83.8851,27.356],[83.8927,27.3614],[83.8945,27.3678],[83.8994,27.37],[83.9083,27.3817],[83.9073,27.3895],[83.8985,27.3894],[83.8752,27.3919],[83.8776,27.4057],[83.8733,27.4128],[83.8695,27.4245],[83.8714,27.4295],[83.8822,27.4343],[83.8976,27.4376],[83.8912,27.4433],[83.8892,27.4549],[83.8919,27.4615],[83.8858,27.4638],[83.8886,27.4724],[83.8872,27.4808],[83.8801,27.4847],[83.8768,27.4895],[83.8857,27.4959],[83.8924,27.4986],[83.8998,27.4986],[83.8965,27.5035],[83.8889,27.5083],[83.8829,27.5075],[83.8777,27.5104],[83.8804,27.5201],[83.8848,27.5231],[83.8845,27.5277]]]},"properties":{"DISTRICT":"NAWALPARASI WEST"}},
{"type":"Feature","geometry":{"type":"Polygon","coordinates":[[[83.3885,27.7474],[83.3857,27.7427],[83.3781,27.7432],[83.3752,27.7365],[83.3689,27.737],[83.3593,27.7522],[83.3498,27.7495],[83.3469,27.7556],[83.3422,27.7578],[83.3367,27.7651],[83.3297,27.7672],[83.3257,27.7627],[83.3213,27.7646],[83.3155,27.7624],[83.304,27.7677],[83.2985,27.7605],[83.2854,27.7561],[83.2749,27.7571],[83.2667,27.756],[83.2578,27.7669],[83.2481,27.751],[83.2395,27.7502],[83.2287,27.7625],[83.2143,27.7591],[83.2128,27.7535],[83.2172,27.7451],[83.2202,27.7317],[83.2175,27.7269],[83.2239,27.7175],[83.2231,27.71],[83.2309,27.6936],[83.2283,27.6811],[83.2301,27.6683],[83.2255,27.6579],[83.2263,27.6474],[83.2237,27.6396],[83.2278,27.6353],[83.2323,27.6258],[83.2323,27.6139],[83.2334,27.6076],[83.2215,27.5917],[83.2215,27.5877],[83.2164,27.585],[83.2136,27.5755],[83.2087,27.57],[83.2103,27.5651],[83.2063,27.5596],[83.2127,27.5512],[83.2192,27.5466],[83.2187,27.5417],[83.2305,27.5224],[83.2343,27.5162],[83.2316,27.5067],[83.2319,27.5012],[83.2291,27.4944],[83.2232,27.4913],[83.2249,27.4856],[83.2226,27.4742],[83.2284,27.4694],[83.2284,27.4639],[83.2245,27.4546],[83.2197,27.4526],[83.2197,27.4424],[83.2231,27.4381],[83.2318,27.4345],[83.2333,27.4306],[83.2252,27.4249],[83.2248,27.4211],[83.219,27.4177],[83.2282,27.4115],[83.2422,27.4063],[83.2592,27.394],[83.2743,27.3834],[83.2676,27.3654],[83.2748,27.3525],[83.2948,27.3359],[83.3068,27.3312],[83.3142,27.3318],[83.3207,27.3357],[83.3396,27.3326],[83.3467,27.3383],[83.3548,27.3404],[83.3598,27.3499],[83.3657,27.3541],[83.3762,27.3585],[83.3744,27.3636],[83.3768,27.3698],[83.3828,27.3701],[83.3903,27.3761],[83.3867,27.3894],[83.4055,27.4019],[83.4094,27.4149],[83.4076,27.4186],[83.3978,27.4223],[83.3863,27.436],[83.386,27.4422],[83.4007,27.4489],[83.4039,27.4571],[83.4018,27.4634],[83.3927,27.471],[83.3939,27.4776],[83.3908,27.4795],[83.4087,27.4788],[83.4821,27.4753],[83.5195,27.4739],[83.6167,27.4694],[83.6123,27.4858],[83.6129,27.4896],[83.6065,27.4956],[83.5995,27.4973],[83.5969,27.5095],[83.5993,27.5184],[83.5918,27.5238],[83.5901,27.5325],[83.5927,27.5433],[83.598,27.5459],[83.5923,27.5515],[83.5983,27.5664],[83.5965,27.5747],[83.589,27.5732],[83.5826,27.5747],[83.5826,27.583],[83.5846,27.5884],[83.5755,27.6016],[83.5739,27.6107],[83.5789,27.617],[83.5872,27.6206],[83.5951,27.6264],[83.6017,27.645],[83.6111,27.6492],[83.6214,27.6595],[83.6315,27.6642],[83.6337,27.677],[83.6351,27.6931],[83.6297,27.6927],[83.6231,27.6884],[83.6143,27.6959],[83.6127,27.7003],[83.5994,27.7056],[83.5882,27.7058],[83.58,27.7051],[83.5693,27.7127],[83.5591,27.7164],[83.5495,27.7166],[83.5332,27.7258],[83.5047,27.726],[83.5011,27.7293],[83.4942,27.7257],[83.4885,27.7298],[83.484,27.7244],[83.4732,27.721],[83.4652,27.7257],[83.457,27.728],[83.4467,27.7237],[83.4406,27.732],[83.4366,27.7315],[83.4341,27.7392],[83.4284,27.7412],[83.4167,27.7409],[83.4105,27.7349],[83.4017,27.7379],[83.3964,27.746],[83.3885,27.7474]]]},"properties":{"DISTRICT":"RUPANDEHI"}},
{"type":"Feature","geometry":{"type":"Polygon","coordinates":[[[83.2143,27.7591],[83.2044,27.7601],[83.1875,27.754],[83.1802,27.7584],[83.176,27.7569],[83.162,27.7591],[83.1576,27.7582],[83.1438,27.7612],[83.1301,27.7685],[83.125,27.7647],[83.1164,27.766],[83.1105,27.7703],[83.102,27.7691],[83.0954,27.7828],[83.0917,27.7824],[83.0921,27.7712],[83.0794,27.7674],[83.0716,27.7653],[83.0687,27.7584],[83.0622,27.76],[83.0595,27.7635],[83.0531,27.7623],[83.0488,27.7732],[83.0349,27.7836],[83.0353,27.7923],[83.0329,27.7956],[83.0254,27.7974],[83.0228,27.8079],[83.0127,27.811],[83.0061,27.7984],[82.999,27.7929],[82.9932,27.7921],[82.9851,27.7943],[82.97,27.7928],[82.9626,27.7954],[82.9549,27.7902],[82.944,27.7899],[82.9318,27.7842],[82.9272,27.7874],[82.9212,27.7846],[82.9161,27.789],[82.912,27.788],[82.904,27.7928],[82.8974,27.7934],[82.8906,27.7913],[82.8792,27.7935],[82.8669,27.7927],[82.8616,27.7903],[82.8461,27.7931],[82.8441,27.7904],[82.8286,27.792],[82.8175,27.7955],[82.8139,27.7935],[82.8062,27.7948],[82.8061,27.7775],[82.7998,27.7737],[82.7877,27.772],[82.7847,27.7766],[82.7582,27.7773],[82.7375,27.776],[82.7334,27.7742],[82.7331,27.7667],[82.728,27.7645],[82.7257,27.7588],[82.714,27.7577],[82.7121,27.7597],[82.7016,27.7586],[82.6981,27.7565],[82.7037,27.7498],[82.7028,27.7451],[82.7082,27.7354],[82.71,27.7217],[82.7072,27.7056],[82.7091,27.6991],[82.7177,27.6916],[82.7202,27.6873],[82.7168,27.6809],[82.7179,27.6724],[82.7151,27.6629],[82.7218,27.6616],[82.7326,27.6521],[82.7306,27.6477],[82.7398,27.6395],[82.7371,27.6358],[82.7392,27.6306],[82.7353,27.618],[82.738,27.6079],[82.7474,27.6001],[82.7469,27.5951],[82.7568,27.5892],[82.753,27.577],[82.7498,27.5711],[82.753,27.5672],[82.7499,27.5626],[82.7455,27.5605],[82.7446,27.5542],[82.7402,27.5506],[82.7462,27.5302],[82.7514,27.5227],[82.7387,27.5179],[82.7377,27.5024],[82.7873,27.5],[82.8039,27.4963],[82.8349,27.5019],[82.851,27.4993],[82.8818,27.4985],[82.8948,27.4996],[82.9153,27.5012],[82.9314,27.501],[82.9415,27.4912],[82.9467,27.4769],[82.9562,27.4678],[82.9628,27.4658],[83.0219,27.4536],[83.0361,27.4487],[83.0715,27.4514],[83.0787,27.4526],[83.1145,27.4543],[83.1665,27.4575],[83.176,27.4556],[83.1899,27.4542],[83.198,27.4459],[83.2125,27.4241],[83.219,27.4177],[83.2248,27.4211],[83.2252,27.4249],[83.2333,27.4306],[83.2318,27.4345],[83.2231,27.4381],[83.2197,27.4424],[83.2197,27.4526],[83.2245,27.4546],[83.2284,27.4639],[83.2284,27.4694],[83.2226,27.4742],[83.2249,27.4856],[83.2232,27.4913],[83.2291,27.4944],[83.2319,27.5012],[83.2316,27.5067],[83.2343,27.5162],[83.2305,27.5224],[83.2187,27.5417],[83.2192,27.5466],[83.2127,27.5512],[83.2063,27.5596],[83.2103,27.5651],[83.2087,27.57],[83.2136,27.5755],[83.2164,27.585],[83.2215,27.5877],[83.2215,27.5917],[83.2334,27.6076],[83.2323,27.6139],[83.2323,27.6258],[83.2278,27.6353],[83.2237,27.6396],[83.2263,27.6474],[83.2255,27.6579],[83.2301,27.6683],[83.2283,27.6811],[83.2309,27.6936],[83.2231,27.71],[83.2239,27.7175],[83.2175,27.7269],[83.2202,27.7317],[83.2172,27.7451],[83.2128,27.7535],[83.2143,27.7591]]]},"properties":{"DISTRICT":"KAPILVASTU"}},
{"type":"Feature","geometry":{"type":"Polygon","coordinates":[[[83.0157,27.922],[83.0109,27.9244],[83.0066,27.9318],[83,27.9324],[82.9892,27.9256],[82.9859,27.93],[82.979,27.9263],[82.9628,27.9264],[82.955,27.9297],[82.9447,27.9308],[82.9397,27.9254],[82.9311,27.9231],[82.9273,27.9128],[82.9177,27.904],[82.9029,27.9083],[82.8973,27.9139],[82.8926,27.912],[82.8889,27.9063],[82.8838,27.9068],[82.8798,27.9013],[82.8761,27.902],[82.8704,27.9091],[82.8646,27.9077],[82.8634,27.9036],[82.8566,27.9046],[82.8492,27.9011],[82.8376,27.9062],[82.8262,27.9055],[82.8225,27.8967],[82.8149,27.8849],[82.8072,27.8776],[82.8043,27.8682],[82.7952,27.8657],[82.7978,27.8615],[82.8087,27.8592],[82.8051,27.8554],[82.7976,27.8566],[82.7816,27.8421],[82.7729,27.841],[82.7607,27.8369],[82.7507,27.8279],[82.7504,27.8229],[82.759,27.8175],[82.7614,27.8112],[82.7719,27.8097],[82.7753,27.8046],[82.7814,27.8026],[82.7865,27.7961],[82.7902,27.8045],[82.7968,27.8056],[82.8007,27.802],[82.7995,27.7963],[82.8062,27.7948],[82.8139,27.7935],[82.8175,27.7955],[82.8286,27.792],[82.8441,27.7904],[82.8461,27.7931],[82.8616,27.7903],[82.8669,27.7927],[82.8792,27.7935],[82.8906,27.7913],[82.8974,27.7934],[82.904,27.7928],[82.912,27.788],[82.9161,27.789],[82.9212,27.7846],[82.9272,27.7874],[82.9318,27.7842],[82.944,27.7899],[82.9549,27.7902],[82.9626,27.7954],[82.97,27.7928],[82.9851,27.7943],[82.9932,27.7921],[82.999,27.7929],[83.0061,27.7984],[83.0127,27.811],[83.0228,27.8079],[83.0254,27.7974],[83.0329,27.7956],[83.0353,27.7923],[83.0349,27.7836],[83.0488,27.7732],[83.0531,27.7623],[83.0595,27.7635],[83.0622,27.76],[83.0687,27.7584],[83.0716,27.7653],[83.0794,27.7674],[83.0921,27.7712],[83.0917,27.7824],[83.0954,27.7828],[83.102,27.7691],[83.1105,27.7703],[83.1164,27.766],[83.125,27.7647],[83.1301,27.7685],[83.1438,27.7612],[83.1576,27.7582],[83.162,27.7591],[83.176,27.7569],[83.1802,27.7584],[83.1875,27.754],[83.2044,27.7601],[83.2143,27.7591],[83.2287,27.7625],[83.2395,27.7502],[83.2481,27.751],[83.2578,27.7669],[83.2604,27.7848],[83.2577,27.7886],[83.2472,27.7902],[83.248,27.7978],[83.2513,27.8044],[83.2496,27.8084],[83.2358,27.822],[83.233,27.8231],[83.2502,27.8317],[83.2674,27.827],[83.2843,27.8257],[83.2923,27.8281],[83.2928,27.8339],[83.3004,27.8441],[83.312,27.8512],[83.3068,27.8537],[83.3147,27.8596],[83.3192,27.8599],[83.3304,27.871],[83.3325,27.8771],[83.3227,27.8783],[83.3225,27.882],[83.3109,27.8894],[83.3131,27.9015],[83.3088,27.9059],[83.3032,27.906],[83.2995,27.9106],[83.3086,27.9146],[83.311,27.926],[83.3071,27.9281],[83.2934,27.9244],[83.2838,27.9256],[83.2806,27.9313],[83.2878,27.9437],[83.2929,27.9434],[83.2947,27.9497],[83.2992,27.9504],[83.3047,27.9561],[83.301,27.9596],[83.3033,27.9642],[83.303,27.9674],[83.2822,27.9675],[83.2649,27.9888],[83.2556,27.986],[83.2541,27.9951],[83.248,27.9975],[83.2454,28.0065],[83.2349,28.0234],[83.2354,28.0381],[83.2317,28.0484],[83.2224,28.0541],[83.2209,28.0591],[83.2114,28.0666],[83.2074,28.0667],[83.2029,28.0725],[83.1972,28.0741],[83.1949,28.0827],[83.1809,28.0841],[83.1732,28.0788],[83.1715,28.0739],[83.1603,28.0654],[83.1582,28.0611],[83.1396,28.062],[83.1366,28.0656],[83.1263,28.0706],[83.1285,28.0752],[83.1276,28.084],[83.1168,28.081],[83.1122,28.0814],[83.1043,28.077],[83.0984,28.082],[83.1007,28.0944],[83.0923,28.0972],[83.0872,28.0964],[83.0764,28.0907],[83.0692,28.0962],[83.0686,28.1053],[83.0724,28.108],[83.0649,28.1095],[83.059,28.1066],[83.053,28.1114],[83.0528,28.1067],[83.047,28.1008],[83.0407,28.1048],[83.0361,28.1006],[83.029,28.0995],[83.0233,28.1051],[83.0059,28.1118],[83.0026,28.107],[83.0045,28.0981],[82.995,28.0894],[82.9871,28.0737],[82.9772,28.0655],[82.9771,28.0614],[82.9665,28.0528],[82.9628,28.0409],[82.9723,28.0382],[82.9765,28.0315],[82.9786,28.023],[82.9703,28.006],[82.9653,28.0004],[82.9563,27.9975],[82.9553,27.9928],[82.9618,27.9921],[82.9677,27.9881],[82.9709,27.9934],[82.9767,27.9913],[82.9777,27.9841],[82.9887,27.9806],[82.9962,27.9759],[83,27.9785],[83.004,27.9697],[83.0093,27.968],[83.0186,27.9568],[83.0196,27.947],[83.0149,27.9418],[83.0178,27.9362],[83.015,27.9326],[83.0179,27.9281],[83.0157,27.922]]]},"properties":{"DISTRICT":"ARGHAKHANCHI"}},
{"type":"Feature","geometry":{"type":"Polygon","coordinates":[[[82.9628,28.0409],[82.9665,28.0528],[82.9771,28.0614],[82.9772,28.0655],[82.9871,28.0737],[82.995,28.0894],[83.0045,28.0981],[83.0026,28.107],[83.0059,28.1118],[83.0233,28.1051],[83.029,28.0995],[83.0361,28.1006],[83.0407,28.1048],[83.047,28.1008],[83.0528,28.1067],[83.053,28.1114],[83.0549,28.1198],[83.0611,28.1265],[83.055,28.1345],[83.0576,28.141],[83.0553,28.1498],[83.0405,28.1559],[83.0388,28.1599],[83.0436,28.1659],[83.0367,28.1681],[83.0351,28.1754],[83.0372,28.1837],[83.0392,28.1914],[83.0376,28.2013],[83.0294,28.2202],[83.0303,28.2316],[83.027,28.2382],[83.033,28.2411],[83.041,28.2405],[83.0448,28.243],[83.053,28.2435],[83.0652,28.2416],[83.0727,28.239],[83.0798,28.2336],[83.0846,28.2431],[83.0905,28.2476],[83.0955,28.2568],[83.0992,28.2727],[83.0917,28.281],[83.0868,28.2893],[83.0811,28.2912],[83.0781,28.2973],[83.0707,28.3033],[83.0708,28.3112],[83.0632,28.3176],[83.0532,28.3188],[83.0455,28.3245],[83.0358,28.3216],[83.0202,28.3256],[83.0156,28.3323],[83.0053,28.333],[82.9955,28.3513],[82.982,28.3593],[82.9693,28.3575],[82.9567,28.36],[82.9485,28.3624],[82.9429,28.3618],[82.9344,28.3512],[82.9293,28.3485],[82.927,28.333],[82.9201,28.3189],[82.9061,28.3108],[82.9023,28.2997],[82.8888,28.291],[82.891,28.2859],[82.8907,28.277],[82.8853,28.2709],[82.8628,28.2575],[82.8507,28.2559],[82.8548,28.2385],[82.8524,28.2324],[82.8408,28.2309],[82.8386,28.2262],[82.8313,28.2199],[82.8185,28.2133],[82.8267,28.2054],[82.827,28.1984],[82.8162,28.1873],[82.8013,28.1867],[82.795,28.1885],[82.79,28.1791],[82.782,28.1775],[82.7703,28.1807],[82.76,28.1798],[82.7545,28.1903],[82.7473,28.1932],[82.7428,28.2001],[82.7371,28.2009],[82.7353,28.2068],[82.7142,28.2096],[82.7068,28.2075],[82.6993,28.2107],[82.6983,28.2035],[82.6926,28.1997],[82.6872,28.1869],[82.6842,28.1924],[82.6671,28.1887],[82.6598,28.1906],[82.6419,28.1812],[82.6333,28.1797],[82.6213,28.1748],[82.6143,28.1678],[82.6123,28.1584],[82.6089,28.1519],[82.6019,28.148],[82.592,28.1471],[82.5904,28.1399],[82.6062,28.1307],[82.6093,28.1193],[82.6085,28.1023],[82.6023,28.0936],[82.6099,28.0927],[82.6207,28.0826],[82.6242,28.0765],[82.6307,28.0705],[82.6417,28.0688],[82.6623,28.0598],[82.6856,28.0521],[82.6918,28.0506],[82.7065,28.0531],[82.7203,28.0465],[82.7148,28.043],[82.71,28.0359],[82.7054,28.0356],[82.6969,28.0213],[82.6987,28.0133],[82.7071,28.0059],[82.7146,28.0027],[82.7234,28.0019],[82.7317,27.994],[82.7425,27.9904],[82.7471,27.9813],[82.7469,27.9767],[82.7646,27.9767],[82.7615,27.9693],[82.7676,27.9683],[82.7681,27.9626],[82.7602,27.9547],[82.7551,27.947],[82.7664,27.9411],[82.7776,27.9257],[82.7713,27.9213],[82.7734,27.9177],[82.7727,27.9059],[82.7763,27.8954],[82.782,27.8971],[82.7849,27.8913],[82.7917,27.8888],[82.793,27.8808],[82.7993,27.8819],[82.8072,27.8776],[82.8149,27.8849],[82.8225,27.8967],[82.8262,27.9055],[82.8376,27.9062],[82.8492,27.9011],[82.8566,27.9046],[82.8634,27.9036],[82.8646,27.9077],[82.8704,27.9091],[82.8761,27.902],[82.8798,27.9013],[82.8838,27.9068],[82.8889,27.9063],[82.8926,27.912],[82.8973,27.9139],[82.9029,27.9083],[82.9177,27.904],[82.9273,27.9128],[82.9311,27.9231],[82.9397,27.9254],[82.9447,27.9308],[82.955,27.9297],[82.9628,27.9264],[82.979,27.9263],[82.9859,27.93],[82.9892,27.9256],[83,27.9324],[83.0066,27.9318],[83.0109,27.9244],[83.0157,27.922],[83.0179,27.9281],[83.015,27.9326],[83.0178,27.9362],[83.0149,27.9418],[83.0196,27.947],[83.0186,27.9568],[83.0093,27.968],[83.004,27.9697],[83,27.9785],[82.9962,27.9759],[82.9887,27.9806],[82.9777,27.9841],[82.9767,27.9913],[82.9709,27.9934],[82.9677,27.9881],[82.9618,27.9921],[82.9553,27.9928],[82.9563,27.9975],[82.9653,28.0004],[82.9703,28.006],[82.9786,28.023],[82.9765,28.0315],[82.9723,28.0382],[82.9628,28.0409]]]},"properties":{"DISTRICT":"PYUTHAN"}},
{"type":"Feature","geometry":{"type":"Polygon","coordinates":[[[82.4652,28.5213],[82.4462,28.5228],[82.4396,28.5256],[82.432,28.5244],[82.4201,28.5286],[82.4177,28.5166],[82.4138,28.5128],[82.4094,28.5036],[82.4136,28.4925],[82.4072,28.4843],[82.4075,28.4781],[82.4023,28.4697],[82.3985,28.4688],[82.3985,28.4619],[82.3933,28.458],[82.3854,28.4559],[82.3757,28.4482],[82.3788,28.4312],[82.3711,28.426],[82.3531,28.4238],[82.3548,28.4113],[82.3629,28.408],[82.3675,28.4024],[82.3647,28.3953],[82.3655,28.3882],[82.377,28.3772],[82.385,28.3735],[82.3847,28.3646],[82.3802,28.3599],[82.3812,28.3516],[82.3679,28.3438],[82.3651,28.3407],[82.3662,28.3297],[82.369,28.3248],[82.3658,28.319],[82.377,28.3162],[82.3793,28.3106],[82.3782,28.3045],[82.3852,28.2919],[82.3971,28.2828],[82.3974,28.2769],[82.4054,28.2621],[82.4152,28.2537],[82.4203,28.2538],[82.4392,28.2465],[82.4293,28.2396],[82.4302,28.231],[82.4215,28.2298],[82.4167,28.2245],[82.409,28.2209],[82.4042,28.2057],[82.4025,28.1924],[82.4051,28.1842],[82.3987,28.1688],[82.405,28.1641],[82.4202,28.1565],[82.4327,28.1539],[82.439,28.1489],[82.4567,28.1463],[82.4662,28.1415],[82.4752,28.1402],[82.4794,28.1442],[82.4838,28.1399],[82.4865,28.1304],[82.4927,28.1357],[82.4974,28.1366],[82.5029,28.1421],[82.5042,28.1484],[82.5092,28.15],[82.5217,28.1469],[82.5185,28.1389],[82.544,28.1314],[82.5557,28.1367],[82.5638,28.1335],[82.564,28.1227],[82.5691,28.1153],[82.5799,28.1097],[82.5874,28.108],[82.5907,28.1029],[82.5978,28.1003],[82.599,28.0931],[82.6023,28.0936],[82.6085,28.1023],[82.6093,28.1193],[82.6062,28.1307],[82.5904,28.1399],[82.592,28.1471],[82.6019,28.148],[82.6089,28.1519],[82.6123,28.1584],[82.6143,28.1678],[82.6213,28.1748],[82.6333,28.1797],[82.6419,28.1812],[82.6598,28.1906],[82.6671,28.1887],[82.6842,28.1924],[82.6872,28.1869],[82.6926,28.1997],[82.6983,28.2035],[82.6993,28.2107],[82.7068,28.2075],[82.7142,28.2096],[82.7353,28.2068],[82.7371,28.2009],[82.7428,28.2001],[82.7473,28.1932],[82.7545,28.1903],[82.76,28.1798],[82.7703,28.1807],[82.782,28.1775],[82.79,28.1791],[82.795,28.1885],[82.8013,28.1867],[82.8162,28.1873],[82.827,28.1984],[82.8267,28.2054],[82.8185,28.2133],[82.8313,28.2199],[82.8386,28.2262],[82.8408,28.2309],[82.8524,28.2324],[82.8548,28.2385],[82.8507,28.2559],[82.8628,28.2575],[82.8853,28.2709],[82.8907,28.277],[82.891,28.2859],[82.8888,28.291],[82.9023,28.2997],[82.9061,28.3108],[82.9201,28.3189],[82.927,28.333],[82.9293,28.3485],[82.9344,28.3512],[82.9429,28.3618],[82.9485,28.3624],[82.9567,28.36],[82.9587,28.3643],[82.9567,28.3721],[82.9501,28.3783],[82.9523,28.3841],[82.9478,28.3915],[82.9378,28.402],[82.9247,28.4011],[82.9179,28.4033],[82.9212,28.409],[82.9201,28.4181],[82.9142,28.4275],[82.9162,28.4342],[82.908,28.4429],[82.901,28.4478],[82.896,28.4476],[82.8883,28.4523],[82.8812,28.4762],[82.8712,28.4786],[82.8596,28.4778],[82.846,28.4793],[82.8349,28.4781],[82.8282,28.4838],[82.8168,28.4876],[82.8077,28.4933],[82.7926,28.5005],[82.7858,28.4991],[82.7692,28.5007],[82.7594,28.506],[82.7552,28.5051],[82.7446,28.5122],[82.7443,28.5249],[82.7325,28.5257],[82.716,28.5186],[82.713,28.5141],[82.7048,28.509],[82.6927,28.5134],[82.6963,28.5205],[82.6891,28.5237],[82.684,28.5197],[82.6829,28.5152],[82.6721,28.5078],[82.6695,28.502],[82.6618,28.4988],[82.6592,28.4927],[82.6425,28.4948],[82.6398,28.4981],[82.6299,28.502],[82.6175,28.509],[82.6071,28.5096],[82.5998,28.5068],[82.5901,28.5143],[82.5785,28.5139],[82.5685,28.5205],[82.5609,28.5233],[82.5501,28.5243],[82.5462,28.5264],[82.5428,28.5381],[82.5373,28.5422],[82.5377,28.5525],[82.531,28.5581],[82.5221,28.5537],[82.5109,28.5511],[82.497,28.5537],[82.4937,28.5483],[82.496,28.5438],[82.4929,28.538],[82.4829,28.5312],[82.4685,28.5254],[82.4652,28.5213]]]},"properties":{"DISTRICT":"ROLPA"}},
{"type":"Feature","geometry":{"type":"Polygon","coordinates":[[[82.6168,28.9782],[82.6146,28.9775],[82.6013,28.9825],[82.5954,28.9808],[82.5914,28.9859],[82.5803,28.9898],[82.5691,28.9875],[82.5642,28.9888],[82.5539,28.9877],[82.545,28.9819],[82.5345,28.9715],[82.5298,28.9641],[82.5223,28.9584],[82.5152,28.9499],[82.5178,28.93],[82.5063,28.9212],[82.5096,28.9097],[82.5094,28.8948],[82.5006,28.8847],[82.4993,28.8791],[82.4909,28.8738],[82.4785,28.8714],[82.4701,28.8679],[82.464,28.8749],[82.4574,28.8734],[82.4452,28.8653],[82.4375,28.8582],[82.4327,28.8513],[82.4263,28.8484],[82.4189,28.8493],[82.4148,28.8452],[82.4014,28.8411],[82.4003,28.8381],[82.391,28.8346],[82.3841,28.8251],[82.3774,28.8219],[82.3762,28.8165],[82.3709,28.8105],[82.3704,28.803],[82.3661,28.7957],[82.3569,28.7916],[82.3491,28.7913],[82.3475,28.7867],[82.3371,28.784],[82.3317,28.7861],[82.3146,28.7855],[82.3089,28.7876],[82.2962,28.785],[82.2956,28.7773],[82.2862,28.7653],[82.2869,28.7594],[82.2915,28.7561],[82.286,28.7495],[82.292,28.7381],[82.285,28.7318],[82.2905,28.7284],[82.2862,28.7144],[82.2777,28.7056],[82.2817,28.7003],[82.2819,28.6942],[82.274,28.6936],[82.2701,28.6993],[82.264,28.7018],[82.2619,28.7078],[82.25,28.7123],[82.2403,28.709],[82.2344,28.7023],[82.2325,28.6908],[82.2185,28.6869],[82.211,28.6759],[82.204,28.6831],[82.1971,28.6735],[82.1964,28.6687],[82.2,28.6638],[82.1962,28.6572],[82.1921,28.6282],[82.1866,28.623],[82.2039,28.6224],[82.2218,28.6093],[82.2396,28.6094],[82.2516,28.6004],[82.2588,28.5994],[82.2755,28.5932],[82.28,28.5958],[82.2887,28.5962],[82.2942,28.5932],[82.2987,28.5969],[82.307,28.5968],[82.3165,28.5919],[82.3417,28.5895],[82.3543,28.5792],[82.3558,28.5763],[82.3684,28.5731],[82.3769,28.5663],[82.3793,28.5585],[82.3779,28.5518],[82.3838,28.5468],[82.38,28.5408],[82.3848,28.5303],[82.394,28.5267],[82.4034,28.5355],[82.41,28.5316],[82.4201,28.5286],[82.432,28.5244],[82.4396,28.5256],[82.4462,28.5228],[82.4652,28.5213],[82.4685,28.5254],[82.4829,28.5312],[82.4929,28.538],[82.496,28.5438],[82.4937,28.5483],[82.497,28.5537],[82.5109,28.5511],[82.5221,28.5537],[82.531,28.5581],[82.5322,28.5637],[82.5375,28.5708],[82.5461,28.5729],[82.5559,28.5815],[82.5688,28.5777],[82.577,28.5795],[82.5829,28.5871],[82.5824,28.5981],[82.5806,28.6021],[82.5825,28.6123],[82.5699,28.6095],[82.5631,28.61],[82.5553,28.6154],[82.5478,28.6182],[82.5512,28.6254],[82.546,28.6265],[82.542,28.6206],[82.53,28.6246],[82.5203,28.6244],[82.5104,28.6276],[82.508,28.6309],[82.4877,28.6405],[82.4928,28.651],[82.4918,28.6592],[82.5004,28.6616],[82.5033,28.6676],[82.5065,28.6626],[82.5147,28.6594],[82.5234,28.6593],[82.5407,28.6471],[82.5556,28.6448],[82.5626,28.6464],[82.5663,28.651],[82.5767,28.6585],[82.5807,28.6645],[82.5886,28.6638],[82.6017,28.6703],[82.6017,28.6823],[82.6042,28.6862],[82.6166,28.6887],[82.6143,28.6957],[82.6173,28.7094],[82.6077,28.7148],[82.6036,28.7344],[82.6033,28.7428],[82.5975,28.7437],[82.592,28.7399],[82.5748,28.7409],[82.5679,28.7438],[82.5689,28.7538],[82.5656,28.7586],[82.566,28.7657],[82.5736,28.7738],[82.5834,28.7806],[82.5882,28.7815],[82.5936,28.7915],[82.5981,28.7919],[82.6073,28.8011],[82.622,28.8111],[82.6156,28.8265],[82.6196,28.8285],[82.628,28.8391],[82.6266,28.8467],[82.6318,28.8533],[82.6387,28.8551],[82.6399,28.8599],[82.6461,28.8671],[82.6505,28.8691],[82.658,28.8666],[82.6604,28.86],[82.6675,28.8537],[82.6756,28.8525],[82.6874,28.8613],[82.6976,28.8646],[82.7003,28.8719],[82.7017,28.8827],[82.6929,28.8882],[82.6953,28.8941],[82.7022,28.901],[82.701,28.9095],[82.6884,28.9172],[82.6867,28.9252],[82.6801,28.9332],[82.6732,28.9445],[82.6686,28.9598],[82.669,28.9625],[82.6549,28.9647],[82.6424,28.9628],[82.6317,28.971],[82.6168,28.9782]]]},"properties":{"DISTRICT":"RUKUM WEST"}},
{"type":"Feature","geometry":{"type":"Polygon","coordinates":[[[82.4201,28.5286],[82.41,28.5316],[82.4034,28.5355],[82.394,28.5267],[82.3848,28.5303],[82.38,28.5408],[82.3838,28.5468],[82.3779,28.5518],[82.3793,28.5585],[82.3769,28.5663],[82.3684,28.5731],[82.3558,28.5763],[82.3543,28.5792],[82.3417,28.5895],[82.3165,28.5919],[82.307,28.5968],[82.2987,28.5969],[82.2942,28.5932],[82.2887,28.5962],[82.28,28.5958],[82.2755,28.5932],[82.2588,28.5994],[82.2516,28.6004],[82.2396,28.6094],[82.2218,28.6093],[82.2039,28.6224],[82.1866,28.623],[82.1812,28.6181],[82.1747,28.6161],[82.1705,28.6117],[82.1614,28.6141],[82.1468,28.6152],[82.1436,28.6189],[82.1464,28.6234],[82.1401,28.6265],[82.1307,28.6215],[82.1223,28.6232],[82.1118,28.6195],[82.1017,28.6212],[82.0831,28.6187],[82.0762,28.6268],[82.0699,28.6302],[82.0566,28.6344],[82.0607,28.6414],[82.0589,28.6443],[82.0495,28.6424],[82.0452,28.6365],[82.0378,28.6379],[82.0305,28.6405],[82.0281,28.6324],[82.0236,28.6267],[82.0287,28.6157],[82.0251,28.6122],[82.017,28.615],[82.006,28.6134],[82.0073,28.6079],[82.0134,28.5959],[82.0025,28.5868],[82.0051,28.5802],[81.9981,28.5757],[81.9959,28.5699],[82,28.565],[82.0071,28.5611],[82.0104,28.552],[82.0168,28.5473],[82.0203,28.542],[82.0202,28.5276],[82.0277,28.5218],[82.0285,28.5158],[82.0235,28.5138],[82.0223,28.5076],[82.0271,28.499],[82.0202,28.4891],[82.0107,28.4782],[82.0127,28.4685],[82.0035,28.464],[81.9927,28.4618],[81.9863,28.4557],[81.9876,28.4466],[81.9819,28.445],[81.9722,28.4469],[81.9663,28.4512],[81.9631,28.4471],[81.9678,28.4443],[81.9665,28.435],[81.9625,28.4319],[81.9639,28.4247],[81.9733,28.4163],[81.9759,28.4044],[81.9908,28.3938],[81.9832,28.3908],[81.9786,28.3863],[81.9774,28.3751],[81.9832,28.363],[81.9781,28.3609],[81.9727,28.3533],[81.9685,28.351],[81.9625,28.3529],[81.9595,28.3491],[81.948,28.3419],[81.9413,28.3415],[81.9388,28.3372],[81.9286,28.339],[81.926,28.3425],[81.9092,28.349],[81.9043,28.3547],[81.8971,28.3546],[81.8889,28.3578],[81.8867,28.361],[81.8797,28.361],[81.8677,28.3646],[81.8646,28.3688],[81.8569,28.3729],[81.8441,28.3746],[81.8429,28.3795],[81.8367,28.381],[81.8213,28.3806],[81.8109,28.3897],[81.8059,28.3877],[81.8005,28.3913],[81.7941,28.3893],[81.7806,28.3904],[81.7701,28.3838],[81.7711,28.3744],[81.7685,28.37],[81.7596,28.3528],[81.7534,28.3436],[81.7529,28.3308],[81.7481,28.3262],[81.7453,28.3189],[81.7469,28.3131],[81.7556,28.3073],[81.763,28.3091],[81.7692,28.3006],[81.7821,28.2951],[81.7898,28.2933],[81.794,28.2812],[81.7951,28.2739],[81.7999,28.2735],[81.8076,28.2824],[81.8163,28.2787],[81.8307,28.2754],[81.8456,28.2717],[81.8557,28.2603],[81.8633,28.255],[81.8667,28.2487],[81.8656,28.2383],[81.8785,28.239],[81.8847,28.2434],[81.8904,28.2367],[81.898,28.2333],[81.9111,28.2321],[81.9149,28.2289],[81.9231,28.2269],[81.9294,28.2324],[81.9402,28.2319],[81.9536,28.2411],[81.9551,28.2472],[81.9495,28.2546],[81.9422,28.2596],[81.9342,28.2693],[81.9384,28.2791],[81.9456,28.283],[81.9557,28.281],[81.9618,28.2755],[81.9636,28.2664],[81.9722,28.2554],[81.9814,28.2598],[81.9859,28.2586],[81.9861,28.2508],[81.9805,28.2497],[81.9759,28.2428],[81.9651,28.2419],[81.9665,28.2357],[81.9746,28.2224],[81.9946,28.2205],[82.0041,28.2109],[82.0188,28.2009],[82.0254,28.2014],[82.0328,28.214],[82.0384,28.2148],[82.0443,28.2303],[82.0477,28.2316],[82.0561,28.242],[82.0714,28.2391],[82.0831,28.2485],[82.0933,28.249],[82.0955,28.2546],[82.1026,28.2589],[82.1102,28.2582],[82.1197,28.2514],[82.1305,28.2535],[82.1447,28.241],[82.1457,28.237],[82.1558,28.2411],[82.1627,28.2416],[82.172,28.2514],[82.1777,28.2489],[82.1843,28.2496],[82.1952,28.247],[82.2003,28.2429],[82.2142,28.2468],[82.2188,28.2494],[82.2247,28.2479],[82.235,28.2398],[82.2459,28.2378],[82.2586,28.2399],[82.2773,28.2483],[82.286,28.2469],[82.294,28.2467],[82.3032,28.2437],[82.3045,28.2322],[82.3119,28.2316],[82.3148,28.223],[82.3294,28.2251],[82.3394,28.2234],[82.3479,28.2162],[82.3482,28.2102],[82.3559,28.2061],[82.369,28.1897],[82.3806,28.1845],[82.3944,28.1892],[82.3986,28.183],[82.3957,28.1761],[82.3987,28.1688],[82.4051,28.1842],[82.4025,28.1924],[82.4042,28.2057],[82.409,28.2209],[82.4167,28.2245],[82.4215,28.2298],[82.4302,28.231],[82.4293,28.2396],[82.4392,28.2465],[82.4203,28.2538],[82.4152,28.2537],[82.4054,28.2621],[82.3974,28.2769],[82.3971,28.2828],[82.3852,28.2919],[82.3782,28.3045],[82.3793,28.3106],[82.377,28.3162],[82.3658,28.319],[82.369,28.3248],[82.3662,28.3297],[82.3651,28.3407],[82.3679,28.3438],[82.3812,28.3516],[82.3802,28.3599],[82.3847,28.3646],[82.385,28.3735],[82.377,28.3772],[82.3655,28.3882],[82.3647,28.3953],[82.3675,28.4024],[82.3629,28.408],[82.3548,28.4113],[82.3531,28.4238],[82.3711,28.426],[82.3788,28.4312],[82.3757,28.4482],[82.3854,28.4559],[82.3933,28.458],[82.3985,28.4619],[82.3985,28.4688],[82.4023,28.4697],[82.4075,28.4781],[82.4072,28.4843],[82.4136,28.4925],[82.4094,28.5036],[82.4138,28.5128],[82.4177,28.5166],[82.4201,28.5286]]]},"properties":{"DISTRICT":"SALYAN"}},
{"type":"Feature","geometry":{"type":"Polygon","coordinates":[[[82.1305,28.2535],[82.1197,28.2514],[82.1102,28.2582],[82.1026,28.2589],[82.0955,28.2546],[82.0933,28.249],[82.0831,28.2485],[82.0714,28.2391],[82.0561,28.242],[82.0477,28.2316],[82.0443,28.2303],[82.0384,28.2148],[82.0328,28.214],[82.0254,28.2014],[82.0188,28.2009],[82.0041,28.2109],[81.9946,28.2205],[81.9746,28.2224],[81.9665,28.2357],[81.9651,28.2419],[81.9759,28.2428],[81.9805,28.2497],[81.9861,28.2508],[81.9859,28.2586],[81.9814,28.2598],[81.9722,28.2554],[81.9636,28.2664],[81.9618,28.2755],[81.9557,28.281],[81.9456,28.283],[81.9384,28.2791],[81.9342,28.2693],[81.9422,28.2596],[81.9495,28.2546],[81.9551,28.2472],[81.9536,28.2411],[81.9402,28.2319],[81.9294,28.2324],[81.9231,28.2269],[81.9227,28.2202],[81.9277,28.2172],[81.9285,28.2093],[81.9398,28.2062],[81.9403,28.2016],[81.9489,28.1987],[81.9508,28.1957],[81.9645,28.1943],[81.9671,28.1844],[81.975,28.1848],[81.9857,28.1775],[81.9911,28.1703],[82,28.1635],[82.0178,28.1388],[82.0204,28.132],[82.0204,28.1211],[82.0183,28.116],[82.0214,28.1009],[82.0248,28.0983],[82.0388,28.0949],[82.0458,28.0951],[82.052,28.0898],[82.0733,28.0837],[82.0791,28.0793],[82.0902,28.0793],[82.1014,28.0735],[82.1093,28.0726],[82.1204,28.0672],[82.125,28.063],[82.1354,28.0576],[82.1489,28.053],[82.1643,28.0458],[82.1748,28.0466],[82.1806,28.0409],[82.1821,28.036],[82.1911,28.0329],[82.1947,28.0279],[82.195,28.018],[82.1915,28.014],[82.1926,28.0033],[82.1878,27.9949],[82.189,27.988],[82.1945,27.976],[82.1918,27.97],[82.1941,27.9638],[82.1926,27.9531],[82.176,27.9522],[82.1586,27.9601],[82.1489,27.9619],[82.1431,27.9586],[82.1352,27.962],[82.1298,27.9546],[82.1214,27.9486],[82.1088,27.9507],[82.1047,27.9485],[82.0929,27.9531],[82.0899,27.9498],[82.0807,27.9524],[82.0691,27.9502],[82.0682,27.9435],[82.0708,27.9314],[82.0673,27.928],[82.0692,27.9221],[82.0729,27.9225],[82.0824,27.909],[82.092,27.8993],[82.0933,27.8945],[82.1028,27.886],[82.1159,27.8776],[82.1252,27.8649],[82.1413,27.8598],[82.152,27.8579],[82.1563,27.8659],[82.179,27.8546],[82.2104,27.8428],[82.2324,27.8206],[82.2547,27.81],[82.3058,27.7725],[82.3385,27.7547],[82.3691,27.7425],[82.3841,27.7204],[82.3949,27.7097],[82.4037,27.7026],[82.4148,27.6981],[82.4292,27.6881],[82.439,27.6849],[82.4507,27.6785],[82.4673,27.6769],[82.4751,27.6763],[82.4837,27.6825],[82.492,27.6811],[82.4944,27.684],[82.5022,27.6848],[82.5184,27.6902],[82.5329,27.6864],[82.5431,27.6856],[82.5514,27.6887],[82.5565,27.6883],[82.5638,27.6916],[82.5869,27.6984],[82.5956,27.6968],[82.602,27.704],[82.607,27.7058],[82.6209,27.7022],[82.6295,27.709],[82.6405,27.7089],[82.6572,27.7131],[82.6662,27.7219],[82.6685,27.7155],[82.6826,27.7136],[82.6912,27.7149],[82.7014,27.7217],[82.7039,27.7162],[82.71,27.7217],[82.7082,27.7354],[82.7028,27.7451],[82.7037,27.7498],[82.6981,27.7565],[82.7016,27.7586],[82.7121,27.7597],[82.714,27.7577],[82.7257,27.7588],[82.728,27.7645],[82.7331,27.7667],[82.7334,27.7742],[82.7375,27.776],[82.7582,27.7773],[82.7847,27.7766],[82.7877,27.772],[82.7998,27.7737],[82.8061,27.7775],[82.8062,27.7948],[82.7995,27.7963],[82.8007,27.802],[82.7968,27.8056],[82.7902,27.8045],[82.7865,27.7961],[82.7814,27.8026],[82.7753,27.8046],[82.7719,27.8097],[82.7614,27.8112],[82.759,27.8175],[82.7504,27.8229],[82.7507,27.8279],[82.7607,27.8369],[82.7729,27.841],[82.7816,27.8421],[82.7976,27.8566],[82.8051,27.8554],[82.8087,27.8592],[82.7978,27.8615],[82.7952,27.8657],[82.8043,27.8682],[82.8072,27.8776],[82.7993,27.8819],[82.793,27.8808],[82.7917,27.8888],[82.7849,27.8913],[82.782,27.8971],[82.7763,27.8954],[82.7727,27.9059],[82.7734,27.9177],[82.7713,27.9213],[82.7776,27.9257],[82.7664,27.9411],[82.7551,27.947],[82.7602,27.9547],[82.7681,27.9626],[82.7676,27.9683],[82.7615,27.9693],[82.7646,27.9767],[82.7469,27.9767],[82.7471,27.9813],[82.7425,27.9904],[82.7317,27.994],[82.7234,28.0019],[82.7146,28.0027],[82.7071,28.0059],[82.6987,28.0133],[82.6969,28.0213],[82.7054,28.0356],[82.71,28.0359],[82.7148,28.043],[82.7203,28.0465],[82.7065,28.0531],[82.6918,28.0506],[82.6856,28.0521],[82.6623,28.0598],[82.6417,28.0688],[82.6307,28.0705],[82.6242,28.0765],[82.6207,28.0826],[82.6099,28.0927],[82.6023,28.0936],[82.599,28.0931],[82.5978,28.1003],[82.5907,28.1029],[82.5874,28.108],[82.5799,28.1097],[82.5691,28.1153],[82.564,28.1227],[82.5638,28.1335],[82.5557,28.1367],[82.544,28.1314],[82.5185,28.1389],[82.5217,28.1469],[82.5092,28.15],[82.5042,28.1484],[82.5029,28.1421],[82.4974,28.1366],[82.4927,28.1357],[82.4865,28.1304],[82.4838,28.1399],[82.4794,28.1442],[82.4752,28.1402],[82.4662,28.1415],[82.4567,28.1463],[82.439,28.1489],[82.4327,28.1539],[82.4202,28.1565],[82.405,28.1641],[82.3987,28.1688],[82.3957,28.1761],[82.3986,28.183],[82.3944,28.1892],[82.3806,28.1845],[82.369,28.1897],[82.3559,28.2061],[82.3482,28.2102],[82.3479,28.2162],[82.3394,28.2234],[82.3294,28.2251],[82.3148,28.223],[82.3119,28.2316],[82.3045,28.2322],[82.3032,28.2437],[82.294,28.2467],[82.286,28.2469],[82.2773,28.2483],[82.2586,28.2399],[82.2459,28.2378],[82.235,28.2398],[82.2247,28.2479],[82.2188,28.2494],[82.2142,28.2468],[82.2003,28.2429],[82.1952,28.247],[82.1843,28.2496],[82.1777,28.2489],[82.172,28.2514],[82.1627,28.2416],[82.1558,28.2411],[82.1457,28.237],[82.1447,28.241],[82.1305,28.2535]]]},"properties":{"DISTRICT":"DANG"}},
{"type":"Feature","geometry":{"type":"Polygon","coordinates":[[[81.5218,28.1648],[81.5246,28.1596],[81.5168,28.156],[81.5152,28.1501],[81.5091,28.1519],[81.5005,28.1439],[81.5059,28.1338],[81.5076,28.1221],[81.5029,28.119],[81.5127,28.1083],[81.5052,28.1043],[81.5119,28.0917],[81.5256,28.086],[81.52,28.0761],[81.5153,28.074],[81.5044,28.0741],[81.5067,28.0688],[81.5395,28.0534],[81.561,28.0421],[81.5772,28.031],[81.5889,28.0245],[81.6004,28.0198],[81.6211,28.0085],[81.6286,28.0016],[81.6453,27.9937],[81.6951,27.9894],[81.7002,27.9881],[81.7589,27.9416],[81.8066,27.9038],[81.823,27.9033],[81.8328,27.8989],[81.8429,27.8904],[81.8679,27.8748],[81.8798,27.8655],[81.8873,27.8569],[81.904,27.8536],[81.928,27.8596],[81.9271,27.8754],[81.9319,27.8825],[81.9399,27.8878],[81.94,27.8936],[81.9496,27.9034],[81.9528,27.9101],[81.9612,27.9163],[81.9636,27.923],[81.9701,27.9288],[81.9931,27.9291],[82.0274,27.925],[82.047,27.9244],[82.0646,27.9216],[82.0692,27.9221],[82.0673,27.928],[82.0708,27.9314],[82.0682,27.9435],[82.0691,27.9502],[82.0807,27.9524],[82.0899,27.9498],[82.0929,27.9531],[82.1047,27.9485],[82.1088,27.9507],[82.1214,27.9486],[82.1298,27.9546],[82.1352,27.962],[82.1431,27.9586],[82.1489,27.9619],[82.1586,27.9601],[82.176,27.9522],[82.1926,27.9531],[82.1941,27.9638],[82.1918,27.97],[82.1945,27.976],[82.189,27.988],[82.1878,27.9949],[82.1926,28.0033],[82.1915,28.014],[82.195,28.018],[82.1947,28.0279],[82.1911,28.0329],[82.1821,28.036],[82.1806,28.0409],[82.1748,28.0466],[82.1643,28.0458],[82.1489,28.053],[82.1354,28.0576],[82.125,28.063],[82.1204,28.0672],[82.1093,28.0726],[82.1014,28.0735],[82.0902,28.0793],[82.0791,28.0793],[82.0733,28.0837],[82.052,28.0898],[82.0458,28.0951],[82.0388,28.0949],[82.0248,28.0983],[82.0214,28.1009],[82.0183,28.116],[82.0204,28.1211],[82.0204,28.132],[82.0178,28.1388],[82,28.1635],[81.9911,28.1703],[81.9857,28.1775],[81.975,28.1848],[81.9671,28.1844],[81.9645,28.1943],[81.9508,28.1957],[81.9489,28.1987],[81.9403,28.2016],[81.9398,28.2062],[81.9285,28.2093],[81.9277,28.2172],[81.9227,28.2202],[81.9231,28.2269],[81.9149,28.2289],[81.9111,28.2321],[81.898,28.2333],[81.8904,28.2367],[81.8847,28.2434],[81.8785,28.239],[81.8656,28.2383],[81.8667,28.2487],[81.8633,28.255],[81.8557,28.2603],[81.8456,28.2717],[81.8307,28.2754],[81.8163,28.2787],[81.8076,28.2824],[81.7999,28.2735],[81.7951,28.2739],[81.794,28.2812],[81.7898,28.2933],[81.7821,28.2951],[81.7692,28.3006],[81.763,28.3091],[81.7556,28.3073],[81.7469,28.3131],[81.7384,28.315],[81.7267,28.3161],[81.7129,28.3244],[81.7049,28.3337],[81.6876,28.3377],[81.6754,28.3375],[81.6871,28.3295],[81.6871,28.3247],[81.6786,28.3222],[81.6743,28.3141],[81.6639,28.2872],[81.6552,28.2937],[81.6478,28.2824],[81.6461,28.2744],[81.6494,28.268],[81.6422,28.2621],[81.6251,28.2548],[81.6226,28.249],[81.6159,28.2495],[81.6125,28.2405],[81.6072,28.2356],[81.5993,28.2343],[81.588,28.2365],[81.5796,28.2295],[81.5757,28.219],[81.5638,28.212],[81.5634,28.2072],[81.5516,28.2033],[81.541,28.2025],[81.5329,28.1971],[81.5295,28.1918],[81.5321,28.1846],[81.5292,28.1805],[81.5202,28.1791],[81.5218,28.1648]]]},"properties":{"DISTRICT":"BANKE"}},
{"type":"Feature","geometry":{"type":"Polygon","coordinates":[[[81.5638,28.212],[81.5757,28.219],[81.5796,28.2295],[81.588,28.2365],[81.5993,28.2343],[81.6072,28.2356],[81.6125,28.2405],[81.6159,28.2495],[81.6226,28.249],[81.6251,28.2548],[81.6422,28.2621],[81.6494,28.268],[81.6461,28.2744],[81.6478,28.2824],[81.6552,28.2937],[81.6639,28.2872],[81.6743,28.3141],[81.6786,28.3222],[81.6871,28.3247],[81.6871,28.3295],[81.6754,28.3375],[81.6876,28.3377],[81.7049,28.3337],[81.7129,28.3244],[81.7267,28.3161],[81.7384,28.315],[81.7469,28.3131],[81.7453,28.3189],[81.7481,28.3262],[81.7529,28.3308],[81.7534,28.3436],[81.7596,28.3528],[81.7685,28.37],[81.7606,28.3698],[81.754,28.3742],[81.7314,28.3787],[81.7262,28.383],[81.718,28.3843],[81.7101,28.3911],[81.7038,28.3936],[81.6936,28.4045],[81.6901,28.4104],[81.6852,28.4112],[81.6761,28.4175],[81.6716,28.4132],[81.6606,28.4151],[81.6502,28.4226],[81.6457,28.4294],[81.6334,28.4362],[81.6281,28.4444],[81.6234,28.4456],[81.6136,28.4544],[81.6099,28.4534],[81.602,28.4627],[81.5942,28.4689],[81.5892,28.4689],[81.5845,28.4739],[81.5768,28.4781],[81.5591,28.4949],[81.5548,28.4932],[81.5442,28.495],[81.5412,28.5],[81.5311,28.5095],[81.518,28.5135],[81.5133,28.5247],[81.4991,28.5335],[81.4934,28.5321],[81.4879,28.539],[81.4805,28.5389],[81.476,28.5419],[81.4741,28.5485],[81.4681,28.5531],[81.4615,28.5541],[81.4549,28.5522],[81.4471,28.5542],[81.4364,28.562],[81.4336,28.5752],[81.4261,28.5777],[81.4235,28.5814],[81.4267,28.587],[81.4186,28.5955],[81.4116,28.5955],[81.4021,28.6032],[81.4026,28.6068],[81.3811,28.6122],[81.3643,28.624],[81.3483,28.6245],[81.3388,28.6292],[81.3187,28.6363],[81.3165,28.6438],[81.312,28.651],[81.3183,28.655],[81.3235,28.6634],[81.3229,28.6675],[81.3201,28.6696],[81.3025,28.6737],[81.2928,28.6746],[81.2871,28.6732],[81.2892,28.6634],[81.2894,28.6491],[81.2834,28.6389],[81.2724,28.6295],[81.2705,28.6177],[81.2623,28.6131],[81.2501,28.5938],[81.2334,28.5769],[81.2208,28.5668],[81.2063,28.5584],[81.191,28.5454],[81.1692,28.5232],[81.1645,28.5133],[81.1619,28.5013],[81.1545,28.5018],[81.1498,28.4969],[81.1404,28.4914],[81.1317,28.4821],[81.1228,28.4752],[81.1165,28.4725],[81.1122,28.4626],[81.1095,28.4608],[81.0972,28.4597],[81.0923,28.4568],[81.0876,28.4383],[81.078,28.4323],[81.0673,28.4224],[81.0609,28.4084],[81.0688,28.3995],[81.0691,28.3944],[81.0816,28.3849],[81.0911,28.382],[81.1403,28.3729],[81.168,28.3689],[81.1949,28.3638],[81.2124,28.3605],[81.2152,28.3582],[81.2213,28.3448],[81.2363,28.3246],[81.2345,28.2889],[81.2538,28.266],[81.2822,28.2347],[81.2937,28.2228],[81.3014,28.2198],[81.3224,28.1972],[81.3201,28.1823],[81.3265,28.175],[81.323,28.1687],[81.3062,28.1684],[81.3037,28.1643],[81.3115,28.1606],[81.3124,28.1555],[81.3219,28.1602],[81.3297,28.1482],[81.3201,28.1451],[81.3172,28.1369],[81.3225,28.1337],[81.3362,28.1401],[81.3439,28.1395],[81.3731,28.1423],[81.3785,28.1496],[81.3789,28.1586],[81.3702,28.1609],[81.3687,28.1653],[81.377,28.1769],[81.3917,28.1737],[81.4124,28.1745],[81.4283,28.1706],[81.4477,28.1612],[81.4478,28.1559],[81.4519,28.1506],[81.4517,28.1408],[81.4695,28.1271],[81.4745,28.1255],[81.4858,28.1182],[81.4816,28.11],[81.4802,28.0824],[81.4899,28.0768],[81.5067,28.0688],[81.5044,28.0741],[81.5153,28.074],[81.52,28.0761],[81.5256,28.086],[81.5119,28.0917],[81.5052,28.1043],[81.5127,28.1083],[81.5029,28.119],[81.5076,28.1221],[81.5059,28.1338],[81.5005,28.1439],[81.5091,28.1519],[81.5152,28.1501],[81.5168,28.156],[81.5246,28.1596],[81.5218,28.1648],[81.5202,28.1791],[81.5292,28.1805],[81.5321,28.1846],[81.5295,28.1918],[81.5329,28.1971],[81.541,28.2025],[81.5516,28.2033],[81.5634,28.2072],[81.5638,28.212]]]},"properties":{"DISTRICT":"BARDIYA"}},
{"type":"Feature","geometry":{"type":"Polygon","coordinates":[[[81.5177,28.786],[81.5204,28.796],[81.525,28.7996],[81.5197,28.8069],[81.5098,28.811],[81.5,28.8212],[81.4957,28.8331],[81.4898,28.8423],[81.484,28.8426],[81.4742,28.8498],[81.4646,28.8539],[81.469,28.8626],[81.464,28.8751],[81.4646,28.8812],[81.4687,28.8873],[81.4651,28.8946],[81.4593,28.8952],[81.442,28.9006],[81.4326,28.9107],[81.428,28.9091],[81.4153,28.9139],[81.405,28.9089],[81.3976,28.9088],[81.3779,28.8936],[81.3713,28.8914],[81.3542,28.8898],[81.3494,28.8901],[81.3407,28.8956],[81.3389,28.9052],[81.336,28.9082],[81.3259,28.908],[81.3174,28.9203],[81.311,28.9203],[81.3049,28.9253],[81.299,28.9246],[81.2852,28.9215],[81.2775,28.9162],[81.2736,28.9066],[81.2646,28.9023],[81.2534,28.9136],[81.2457,28.9151],[81.2384,28.9059],[81.2198,28.9062],[81.2059,28.908],[81.1959,28.9162],[81.1854,28.915],[81.1705,28.9214],[81.1571,28.9336],[81.1485,28.9382],[81.1434,28.9457],[81.1364,28.9471],[81.129,28.9566],[81.1224,28.9625],[81.1142,28.9657],[81.1055,28.9656],[81.0983,28.9643],[81.0907,28.9678],[81.0826,28.9676],[81.0661,28.9703],[81.0499,28.9779],[81.0442,28.9705],[81.031,28.9638],[81.0262,28.9561],[81.0206,28.9521],[81.0093,28.9575],[81.0003,28.9549],[80.9942,28.9479],[80.984,28.9414],[80.9827,28.9387],[80.9989,28.9291],[81.0079,28.9278],[81.0233,28.9194],[81.0276,28.9115],[81.0321,28.908],[81.0357,28.8984],[81.0422,28.8886],[81.0492,28.8839],[81.0532,28.8768],[81.0593,28.8735],[81.0684,28.8772],[81.0756,28.8751],[81.0737,28.8664],[81.0764,28.8637],[81.0909,28.8628],[81.0944,28.856],[81.1035,28.8452],[81.1141,28.8497],[81.1272,28.8513],[81.1287,28.8617],[81.137,28.8711],[81.1423,28.8731],[81.1467,28.8709],[81.1468,28.8624],[81.1509,28.8526],[81.1594,28.8438],[81.1544,28.8309],[81.1581,28.8285],[81.168,28.8351],[81.1758,28.8349],[81.1835,28.825],[81.2068,28.8174],[81.2093,28.8223],[81.2069,28.8271],[81.1969,28.833],[81.2017,28.8515],[81.202,28.8626],[81.2096,28.8603],[81.2076,28.8508],[81.2125,28.8449],[81.226,28.8388],[81.2355,28.8294],[81.2314,28.8259],[81.2327,28.8155],[81.244,28.8103],[81.2408,28.803],[81.2278,28.797],[81.2295,28.7911],[81.2347,28.7857],[81.2474,28.7819],[81.2525,28.7704],[81.2487,28.7616],[81.2528,28.7547],[81.2613,28.7501],[81.2617,28.7412],[81.2578,28.7299],[81.274,28.7273],[81.275,28.7176],[81.2688,28.7062],[81.2821,28.6963],[81.2861,28.6825],[81.2871,28.6732],[81.2928,28.6746],[81.3025,28.6737],[81.3201,28.6696],[81.3229,28.6675],[81.3235,28.6634],[81.3183,28.655],[81.312,28.651],[81.3165,28.6438],[81.3187,28.6363],[81.3388,28.6292],[81.3483,28.6245],[81.3643,28.624],[81.3811,28.6122],[81.4026,28.6068],[81.4021,28.6032],[81.4116,28.5955],[81.4186,28.5955],[81.4267,28.587],[81.4235,28.5814],[81.4261,28.5777],[81.4336,28.5752],[81.4364,28.562],[81.4471,28.5542],[81.4549,28.5522],[81.4615,28.5541],[81.4681,28.5531],[81.4741,28.5485],[81.476,28.5419],[81.4805,28.5389],[81.4879,28.539],[81.4934,28.5321],[81.4991,28.5335],[81.5133,28.5247],[81.518,28.5135],[81.5311,28.5095],[81.5412,28.5],[81.5442,28.495],[81.5548,28.4932],[81.5591,28.4949],[81.5768,28.4781],[81.5845,28.4739],[81.5892,28.4689],[81.5942,28.4689],[81.602,28.4627],[81.6099,28.4534],[81.6136,28.4544],[81.6234,28.4456],[81.6281,28.4444],[81.6334,28.4362],[81.6457,28.4294],[81.6502,28.4226],[81.6606,28.4151],[81.6716,28.4132],[81.6761,28.4175],[81.6852,28.4112],[81.6901,28.4104],[81.6936,28.4045],[81.7038,28.3936],[81.7101,28.3911],[81.718,28.3843],[81.7262,28.383],[81.7314,28.3787],[81.754,28.3742],[81.7606,28.3698],[81.7685,28.37],[81.7711,28.3744],[81.7701,28.3838],[81.7806,28.3904],[81.7941,28.3893],[81.8005,28.3913],[81.8059,28.3877],[81.8109,28.3897],[81.8213,28.3806],[81.8367,28.381],[81.8429,28.3795],[81.8441,28.3746],[81.8569,28.3729],[81.8646,28.3688],[81.8677,28.3646],[81.8797,28.361],[81.8867,28.361],[81.8889,28.3578],[81.8971,28.3546],[81.9043,28.3547],[81.9092,28.349],[81.926,28.3425],[81.9286,28.339],[81.9388,28.3372],[81.9413,28.3415],[81.948,28.3419],[81.9595,28.3491],[81.9625,28.3529],[81.9685,28.351],[81.9727,28.3533],[81.9781,28.3609],[81.9832,28.363],[81.9774,28.3751],[81.9786,28.3863],[81.9832,28.3908],[81.9908,28.3938],[81.9759,28.4044],[81.9733,28.4163],[81.9639,28.4247],[81.9625,28.4319],[81.9665,28.435],[81.9678,28.4443],[81.9631,28.4471],[81.9663,28.4512],[81.9722,28.4469],[81.9819,28.445],[81.9876,28.4466],[81.9863,28.4557],[81.9927,28.4618],[82.0035,28.464],[82.0127,28.4685],[82.0107,28.4782],[82.0202,28.4891],[82.0271,28.499],[82.0223,28.5076],[82.0235,28.5138],[82.0285,28.5158],[82.0277,28.5218],[82.0202,28.5276],[82.0203,28.542],[82.0168,28.5473],[82.0104,28.552],[82.0071,28.5611],[82,28.565],[81.9959,28.5699],[81.9981,28.5757],[82.0051,28.5802],[82.0025,28.5868],[82.0134,28.5959],[82.0073,28.6079],[82.006,28.6134],[82.017,28.615],[82.0251,28.6122],[82.0287,28.6157],[82.0236,28.6267],[82.0281,28.6324],[82.0305,28.6405],[82.0378,28.6379],[82.0423,28.6417],[82.0341,28.6443],[82.0211,28.645],[81.9942,28.6438],[81.9731,28.6402],[81.9592,28.6406],[81.95,28.6361],[81.9382,28.6411],[81.9261,28.6399],[81.9214,28.6427],[81.9096,28.644],[81.8887,28.643],[81.8796,28.6483],[81.8791,28.6587],[81.8698,28.6639],[81.8675,28.6801],[81.863,28.6846],[81.8615,28.6923],[81.851,28.7035],[81.8472,28.7101],[81.8395,28.7135],[81.8362,28.7177],[81.8219,28.724],[81.8164,28.7186],[81.8156,28.7084],[81.8123,28.6967],[81.8091,28.6935],[81.8125,28.6803],[81.8093,28.6745],[81.7995,28.6681],[81.7956,28.6575],[81.792,28.6536],[81.7856,28.6533],[81.7834,28.6496],[81.7857,28.6373],[81.7775,28.6333],[81.7528,28.6459],[81.744,28.6444],[81.7332,28.6496],[81.7308,28.6543],[81.7174,28.6553],[81.7034,28.661],[81.7016,28.6651],[81.6916,28.6743],[81.6792,28.6775],[81.6725,28.6768],[81.6623,28.6785],[81.641,28.6763],[81.6324,28.6915],[81.625,28.692],[81.6181,28.6898],[81.6114,28.695],[81.6062,28.7042],[81.6024,28.7073],[81.5874,28.7075],[81.577,28.7124],[81.5748,28.7181],[81.5653,28.7229],[81.5606,28.7296],[81.5607,28.7369],[81.5503,28.7406],[81.5483,28.749],[81.5241,28.7482],[81.5228,28.7516],[81.5305,28.7551],[81.5368,28.761],[81.5303,28.7737],[81.5215,28.7763],[81.5172,28.7803],[81.5177,28.786]]]},"properties":{"DISTRICT":"SURKHET"}},
{"type":"Feature","geometry":{"type":"Polygon","coordinates":[[[81.581,29.1359],[81.5673,29.1261],[81.5553,29.1211],[81.5376,29.1064],[81.5265,29.1047],[81.5191,29.096],[81.5117,29.0907],[81.5013,29.0907],[81.4849,29.0831],[81.4706,29.0775],[81.4696,29.0687],[81.4611,29.0646],[81.4459,29.0537],[81.4447,29.0469],[81.4405,29.0393],[81.4342,29.0371],[81.4293,29.0258],[81.4208,29.0224],[81.4171,29.0171],[81.4179,29.0092],[81.4208,29.0042],[81.4163,28.9949],[81.4265,28.9807],[81.4244,28.9712],[81.4327,28.9584],[81.4466,28.9558],[81.4456,28.9417],[81.452,28.9396],[81.4577,28.931],[81.4683,28.9288],[81.4753,28.9169],[81.4797,28.9119],[81.4846,28.9034],[81.4934,28.8941],[81.4995,28.8903],[81.5101,28.8901],[81.5119,28.8838],[81.5183,28.8729],[81.5245,28.8684],[81.5298,28.8592],[81.5335,28.8563],[81.5396,28.8426],[81.5398,28.836],[81.5455,28.8301],[81.5534,28.8161],[81.5587,28.7975],[81.568,28.7913],[81.582,28.7789],[81.5838,28.765],[81.58,28.7554],[81.5667,28.7538],[81.5483,28.749],[81.5503,28.7406],[81.5607,28.7369],[81.5606,28.7296],[81.5653,28.7229],[81.5748,28.7181],[81.577,28.7124],[81.5874,28.7075],[81.6024,28.7073],[81.6062,28.7042],[81.6114,28.695],[81.6181,28.6898],[81.625,28.692],[81.6324,28.6915],[81.641,28.6763],[81.6623,28.6785],[81.6725,28.6768],[81.6792,28.6775],[81.6916,28.6743],[81.7016,28.6651],[81.7034,28.661],[81.7174,28.6553],[81.7308,28.6543],[81.7332,28.6496],[81.744,28.6444],[81.7528,28.6459],[81.7775,28.6333],[81.7857,28.6373],[81.7834,28.6496],[81.7856,28.6533],[81.792,28.6536],[81.7956,28.6575],[81.7995,28.6681],[81.8093,28.6745],[81.8125,28.6803],[81.8091,28.6935],[81.8123,28.6967],[81.8156,28.7084],[81.8164,28.7186],[81.8219,28.724],[81.8262,28.7325],[81.838,28.7406],[81.8499,28.7379],[81.8588,28.7409],[81.8621,28.7397],[81.8702,28.7446],[81.882,28.7469],[81.8852,28.7613],[81.8957,28.7691],[81.905,28.7733],[81.9141,28.7799],[81.9102,28.7886],[81.9006,28.8],[81.8967,28.8028],[81.8912,28.8113],[81.888,28.8285],[81.8829,28.8367],[81.8802,28.8488],[81.8816,28.863],[81.8915,28.8742],[81.8897,28.8803],[81.8911,28.8897],[81.8958,28.9007],[81.9025,28.9041],[81.9069,28.9117],[81.9264,28.9248],[81.9287,28.9358],[81.9233,28.9408],[81.9228,28.9628],[81.921,28.9693],[81.9216,28.9776],[81.9125,28.9864],[81.902,28.982],[81.8916,28.9843],[81.884,28.9767],[81.8769,28.9721],[81.8666,28.9709],[81.8638,28.9727],[81.8507,28.9721],[81.8434,28.9812],[81.8301,28.9849],[81.824,28.9832],[81.8176,28.9897],[81.8099,28.9948],[81.8039,29.0012],[81.795,29.0051],[81.7952,29.0119],[81.7847,29.0176],[81.7731,29.0192],[81.7531,29.0102],[81.7465,29.0118],[81.7391,29.0192],[81.7312,29.0218],[81.7179,29.0199],[81.7171,29.0278],[81.7055,29.0316],[81.7019,29.0382],[81.6924,29.0497],[81.6649,29.044],[81.6608,29.0411],[81.6463,29.0402],[81.633,29.0464],[81.6282,29.0417],[81.6227,29.0411],[81.616,29.0345],[81.6066,29.0393],[81.6043,29.0429],[81.5906,29.0489],[81.5825,29.0472],[81.5722,29.0526],[81.5655,29.0536],[81.5636,29.0664],[81.5671,29.0757],[81.5673,29.0848],[81.5695,29.0956],[81.5752,29.1002],[81.5803,29.1085],[81.5824,29.118],[81.5838,29.1264],[81.581,29.1359]]]},"properties":{"DISTRICT":"DAILEKH"}},
{"type":"Feature","geometry":{"type":"Polygon","coordinates":[[[82.4137,29.0955],[82.3899,29.1058],[82.3746,29.1104],[82.3687,29.1105],[82.362,29.1143],[82.353,29.1166],[82.3397,29.1152],[82.325,29.11],[82.3023,29.1197],[82.2875,29.1159],[82.2848,29.1245],[82.2801,29.1274],[82.2747,29.1232],[82.2664,29.1214],[82.27,29.1129],[82.2639,29.1075],[82.256,29.1099],[82.2482,29.1043],[82.2395,29.1013],[82.2344,29.1048],[82.2274,29.1046],[82.2257,29.0938],[82.2134,29.087],[82.2066,29.0903],[82.2029,29.0889],[82.2054,29.0805],[82.2001,29.073],[82.1965,29.0727],[82.1824,29.0618],[82.1792,29.0651],[82.1688,29.065],[82.1609,29.0589],[82.1585,29.0538],[82.1527,29.0528],[82.1497,29.0481],[82.1512,29.0411],[82.1485,29.0325],[82.1404,29.0317],[82.1345,29.0274],[82.1269,29.0153],[82.1206,29.0144],[82.1194,29.007],[82.1255,28.9955],[82.1107,28.99],[82.0994,28.9823],[82.0966,28.9754],[82.0866,28.9733],[82.0802,28.9693],[82.0597,28.9784],[82.0516,28.9807],[82.0448,28.9892],[82.0463,28.9937],[82.0435,28.9993],[82.0463,29.0034],[82.0406,29.0124],[82.0281,29.0206],[82.0183,29.0235],[82.0135,29.0295],[82.0096,29.0306],[82.0025,29.0158],[81.9868,29.0114],[81.9871,29.0039],[81.9628,28.9906],[81.9601,28.9855],[81.9447,28.9834],[81.9372,28.9809],[81.9322,28.982],[81.9216,28.9776],[81.921,28.9693],[81.9228,28.9628],[81.9233,28.9408],[81.9287,28.9358],[81.9264,28.9248],[81.9069,28.9117],[81.9025,28.9041],[81.8958,28.9007],[81.8911,28.8897],[81.8897,28.8803],[81.8915,28.8742],[81.8816,28.863],[81.8802,28.8488],[81.8829,28.8367],[81.888,28.8285],[81.8912,28.8113],[81.8967,28.8028],[81.9006,28.8],[81.9102,28.7886],[81.9141,28.7799],[81.905,28.7733],[81.8957,28.7691],[81.8852,28.7613],[81.882,28.7469],[81.8702,28.7446],[81.8621,28.7397],[81.8588,28.7409],[81.8499,28.7379],[81.838,28.7406],[81.8262,28.7325],[81.8219,28.724],[81.8362,28.7177],[81.8395,28.7135],[81.8472,28.7101],[81.851,28.7035],[81.8615,28.6923],[81.863,28.6846],[81.8675,28.6801],[81.8698,28.6639],[81.8791,28.6587],[81.8796,28.6483],[81.8887,28.643],[81.9096,28.644],[81.9214,28.6427],[81.9261,28.6399],[81.9382,28.6411],[81.95,28.6361],[81.9592,28.6406],[81.9731,28.6402],[81.9942,28.6438],[82.0211,28.645],[82.0341,28.6443],[82.0423,28.6417],[82.0378,28.6379],[82.0452,28.6365],[82.0495,28.6424],[82.0589,28.6443],[82.0607,28.6414],[82.0566,28.6344],[82.0699,28.6302],[82.0762,28.6268],[82.0831,28.6187],[82.1017,28.6212],[82.1118,28.6195],[82.1223,28.6232],[82.1307,28.6215],[82.1401,28.6265],[82.1464,28.6234],[82.1436,28.6189],[82.1468,28.6152],[82.1614,28.6141],[82.1705,28.6117],[82.1747,28.6161],[82.1812,28.6181],[82.1866,28.623],[82.1921,28.6282],[82.1962,28.6572],[82.2,28.6638],[82.1964,28.6687],[82.1971,28.6735],[82.204,28.6831],[82.211,28.6759],[82.2185,28.6869],[82.2325,28.6908],[82.2344,28.7023],[82.2403,28.709],[82.25,28.7123],[82.2619,28.7078],[82.264,28.7018],[82.2701,28.6993],[82.274,28.6936],[82.2819,28.6942],[82.2817,28.7003],[82.2777,28.7056],[82.2862,28.7144],[82.2905,28.7284],[82.285,28.7318],[82.292,28.7381],[82.286,28.7495],[82.2915,28.7561],[82.2869,28.7594],[82.2862,28.7653],[82.2956,28.7773],[82.2962,28.785],[82.3089,28.7876],[82.3146,28.7855],[82.3317,28.7861],[82.3371,28.784],[82.3475,28.7867],[82.3491,28.7913],[82.3569,28.7916],[82.3661,28.7957],[82.3704,28.803],[82.3709,28.8105],[82.3762,28.8165],[82.3774,28.8219],[82.3841,28.8251],[82.391,28.8346],[82.4003,28.8381],[82.4014,28.8411],[82.4148,28.8452],[82.4189,28.8493],[82.4263,28.8484],[82.4327,28.8513],[82.4375,28.8582],[82.4452,28.8653],[82.4574,28.8734],[82.464,28.8749],[82.4701,28.8679],[82.4785,28.8714],[82.4909,28.8738],[82.4993,28.8791],[82.5006,28.8847],[82.5094,28.8948],[82.5096,28.9097],[82.5063,28.9212],[82.5178,28.93],[82.5152,28.9499],[82.5223,28.9584],[82.5298,28.9641],[82.5345,28.9715],[82.545,28.9819],[82.5539,28.9877],[82.5642,28.9888],[82.5691,28.9875],[82.5803,28.9898],[82.5797,28.9936],[82.5737,28.9974],[82.5542,29.0048],[82.5488,29.0043],[82.5375,29.0113],[82.5262,29.0144],[82.5188,29.0124],[82.5084,29.0157],[82.4921,29.0162],[82.4834,29.0126],[82.4816,29.0066],[82.4723,29.0028],[82.4631,28.9913],[82.4562,28.9898],[82.4416,28.9903],[82.4365,28.9926],[82.4298,28.9993],[82.4134,29.0044],[82.4007,29.0028],[82.3979,29.0127],[82.3941,29.0177],[82.3997,29.0258],[82.4009,29.0378],[82.4056,29.0406],[82.4084,29.0574],[82.4055,29.0645],[82.4059,29.0743],[82.4106,29.0818],[82.4103,29.087],[82.4137,29.0955]]]},"properties":{"DISTRICT":"JAJARKOT"}},
{"type":"Feature","geometry":{"type":"Polygon","coordinates":[[[83.5249,29.2167],[83.5196,29.2214],[83.5185,29.2314],[83.5235,29.2353],[83.5198,29.2405],[83.5162,29.2538],[83.4933,29.2653],[83.4956,29.2729],[83.4897,29.276],[83.4898,29.2797],[83.4808,29.281],[83.4728,29.2738],[83.4646,29.2768],[83.462,29.2861],[83.4532,29.2932],[83.4536,29.297],[83.4457,29.2998],[83.4458,29.3069],[83.4402,29.3091],[83.4414,29.3169],[83.4454,29.3211],[83.4486,29.3291],[83.4449,29.3349],[83.447,29.3404],[83.439,29.3505],[83.4307,29.3498],[83.4246,29.3566],[83.4172,29.359],[83.4189,29.3649],[83.4152,29.3671],[83.4175,29.376],[83.4139,29.3803],[83.4231,29.3833],[83.4257,29.3869],[83.4225,29.3974],[83.4282,29.4026],[83.4182,29.4101],[83.4167,29.4202],[83.4067,29.4224],[83.3989,29.4215],[83.3822,29.4235],[83.3735,29.4285],[83.3728,29.4343],[83.3666,29.4393],[83.364,29.4518],[83.3556,29.4516],[83.3537,29.4587],[83.3444,29.4658],[83.3442,29.4748],[83.3497,29.4785],[83.35,29.4847],[83.3474,29.4943],[83.3341,29.5],[83.3314,29.5036],[83.3224,29.5046],[83.3179,29.5089],[83.3118,29.503],[83.3044,29.4997],[83.2954,29.5043],[83.2841,29.4987],[83.2768,29.503],[83.2687,29.5134],[83.2708,29.5221],[83.2673,29.5258],[83.2659,29.5329],[83.2581,29.5391],[83.2562,29.5446],[83.2608,29.5511],[83.2692,29.5567],[83.2761,29.5545],[83.286,29.5629],[83.28,29.5689],[83.2697,29.5695],[83.264,29.5732],[83.2629,29.5776],[83.2486,29.5767],[83.234,29.5778],[83.233,29.5803],[83.2165,29.5893],[83.22,29.6055],[83.2051,29.6074],[83.1988,29.6111],[83.1883,29.6056],[83.1904,29.5975],[83.1774,29.5923],[83.1706,29.5956],[83.166,29.5943],[83.161,29.5981],[83.1672,29.6157],[83.1517,29.6238],[83.144,29.6248],[83.1377,29.6225],[83.1334,29.6179],[83.1223,29.6285],[83.1189,29.6248],[83.1185,29.6164],[83.1074,29.6184],[83.1033,29.6144],[83.0917,29.6115],[83.0935,29.6059],[83.0883,29.6027],[83.084,29.6064],[83.0714,29.6099],[83.0677,29.6259],[83.0566,29.6267],[83.0454,29.6308],[83.0394,29.6495],[83.0355,29.6542],[83.0259,29.6503],[83.0231,29.6575],[83.016,29.6605],[83.0158,29.6649],[83.0102,29.6725],[83.0025,29.6646],[82.9937,29.6634],[82.9883,29.6682],[82.9775,29.6674],[82.967,29.6625],[82.9592,29.6623],[82.9496,29.6686],[82.9488,29.6732],[82.9429,29.6741],[82.9504,29.6916],[82.945,29.6948],[82.9364,29.7045],[82.9287,29.7006],[82.9215,29.706],[82.9169,29.7064],[82.9104,29.7004],[82.9001,29.7026],[82.8899,29.6997],[82.8882,29.6927],[82.8792,29.6921],[82.8703,29.6863],[82.8627,29.6846],[82.8406,29.6918],[82.8291,29.6898],[82.8282,29.6763],[82.8309,29.6695],[82.829,29.6491],[82.8159,29.6453],[82.8148,29.6423],[82.806,29.6381],[82.7985,29.6374],[82.7963,29.6274],[82.8035,29.6036],[82.8115,29.5929],[82.8095,29.5869],[82.8154,29.5766],[82.8169,29.5646],[82.8212,29.5594],[82.8109,29.5565],[82.801,29.5458],[82.7982,29.5378],[82.787,29.5256],[82.7884,29.5187],[82.7835,29.5143],[82.7792,29.5161],[82.7674,29.5145],[82.7681,29.5117],[82.757,29.5105],[82.75,29.5074],[82.7346,29.5081],[82.7284,29.4991],[82.7302,29.4893],[82.7255,29.4795],[82.7368,29.4699],[82.7368,29.4663],[82.7283,29.4555],[82.7272,29.4489],[82.7191,29.4443],[82.7213,29.4411],[82.7168,29.4317],[82.7045,29.4271],[82.7003,29.4286],[82.6922,29.4252],[82.6876,29.4181],[82.6892,29.4126],[82.6807,29.4087],[82.6726,29.4015],[82.6658,29.4028],[82.6611,29.3954],[82.6443,29.3854],[82.637,29.3933],[82.629,29.3955],[82.6259,29.4022],[82.6288,29.4113],[82.628,29.4222],[82.6247,29.4247],[82.6038,29.4236],[82.5951,29.4212],[82.587,29.4219],[82.5847,29.4173],[82.5759,29.4138],[82.5604,29.4114],[82.5593,29.4038],[82.555,29.3952],[82.5546,29.3891],[82.55,29.3804],[82.5519,29.3764],[82.5591,29.3736],[82.5639,29.367],[82.5699,29.3655],[82.5738,29.3565],[82.5726,29.3456],[82.5771,29.3371],[82.5837,29.3362],[82.5924,29.3263],[82.5931,29.3141],[82.5909,29.3058],[82.5926,29.303],[82.5824,29.2954],[82.5739,29.2916],[82.5611,29.2887],[82.5541,29.2822],[82.5523,29.2779],[82.5539,29.2657],[82.5491,29.2597],[82.5349,29.2511],[82.5423,29.2428],[82.5361,29.2366],[82.5378,29.232],[82.5445,29.2279],[82.5473,29.2126],[82.556,29.2046],[82.5653,29.2026],[82.5714,29.197],[82.5789,29.1949],[82.5841,29.1898],[82.5804,29.1799],[82.573,29.1716],[82.5628,29.1709],[82.5547,29.1648],[82.5428,29.1633],[82.5325,29.1636],[82.5164,29.1563],[82.5065,29.1596],[82.4903,29.1617],[82.4839,29.1607],[82.4688,29.1625],[82.4627,29.1568],[82.4485,29.1577],[82.435,29.1458],[82.4362,29.1391],[82.4196,29.1366],[82.419,29.1275],[82.4155,29.1233],[82.42,29.1195],[82.4201,29.1115],[82.4169,29.1059],[82.4175,29.0994],[82.4137,29.0955],[82.4103,29.087],[82.4106,29.0818],[82.4059,29.0743],[82.4055,29.0645],[82.4084,29.0574],[82.4056,29.0406],[82.4009,29.0378],[82.3997,29.0258],[82.3941,29.0177],[82.3979,29.0127],[82.4007,29.0028],[82.4134,29.0044],[82.4298,28.9993],[82.4365,28.9926],[82.4416,28.9903],[82.4562,28.9898],[82.4631,28.9913],[82.4723,29.0028],[82.4816,29.0066],[82.4834,29.0126],[82.4921,29.0162],[82.5084,29.0157],[82.5188,29.0124],[82.5262,29.0144],[82.5375,29.0113],[82.5488,29.0043],[82.5542,29.0048],[82.5737,28.9974],[82.5797,28.9936],[82.5803,28.9898],[82.5914,28.9859],[82.5954,28.9808],[82.6013,28.9825],[82.6146,28.9775],[82.6168,28.9782],[82.6317,28.971],[82.6424,28.9628],[82.6549,28.9647],[82.669,28.9625],[82.6686,28.9598],[82.6732,28.9445],[82.6801,28.9332],[82.6867,28.9252],[82.6884,28.9172],[82.701,28.9095],[82.7022,28.901],[82.6953,28.8941],[82.6929,28.8882],[82.7017,28.8827],[82.7003,28.8719],[82.6976,28.8646],[82.7066,28.8545],[82.714,28.8514],[82.7437,28.8457],[82.7513,28.8304],[82.755,28.8277],[82.7678,28.8085],[82.7834,28.824],[82.7953,28.8198],[82.8013,28.8206],[82.8191,28.8312],[82.8347,28.8301],[82.8387,28.8313],[82.8447,28.8264],[82.8491,28.8269],[82.8565,28.8321],[82.8659,28.8318],[82.8702,28.834],[82.8815,28.8303],[82.8859,28.8269],[82.9001,28.8254],[82.9068,28.8322],[82.9195,28.8313],[82.928,28.8275],[82.9454,28.8273],[82.9489,28.8289],[82.9528,28.8236],[82.9619,28.8198],[82.9677,28.8203],[82.9777,28.8035],[82.9834,28.8005],[82.9993,28.8038],[83.0077,28.7994],[83.0143,28.7989],[83.0221,28.7922],[83.0381,28.7927],[83.0476,28.7864],[83.0599,28.7857],[83.0672,28.7837],[83.0711,28.7802],[83.0776,28.7851],[83.1002,28.7665],[83.1043,28.7599],[83.1045,28.7535],[83.1145,28.7467],[83.117,28.7431],[83.1343,28.7479],[83.1474,28.747],[83.1479,28.7471],[83.1561,28.7477],[83.169,28.745],[83.1882,28.7435],[83.2084,28.7325],[83.2119,28.7319],[83.2202,28.7351],[83.2245,28.7401],[83.2313,28.7428],[83.2392,28.7395],[83.2414,28.7348],[83.2614,28.7261],[83.2726,28.7251],[83.2789,28.7218],[83.284,28.7256],[83.3005,28.7318],[83.3103,28.7325],[83.3144,28.7353],[83.3333,28.7381],[83.3583,28.7336],[83.364,28.734],[83.3764,28.7444],[83.3797,28.7539],[83.3854,28.7564],[83.3905,28.763],[83.4023,28.7607],[83.4125,28.7605],[83.429,28.7662],[83.4436,28.7695],[83.4481,28.7688],[83.4559,28.7721],[83.4632,28.78],[83.4855,28.7828],[83.489,28.7906],[83.4901,28.8008],[83.4872,28.8121],[83.4821,28.8171],[83.4817,28.8241],[83.4853,28.8335],[83.4827,28.836],[83.4837,28.8446],[83.4946,28.8462],[83.5,28.8425],[83.5039,28.8461],[83.5041,28.8516],[83.5084,28.8576],[83.5079,28.8658],[83.5015,28.8771],[83.5089,28.8852],[83.5173,28.8899],[83.5293,28.9034],[83.5307,28.9086],[83.5419,28.9149],[83.5515,28.9268],[83.5586,28.9337],[83.5593,28.9424],[83.5636,28.9452],[83.569,28.9433],[83.5769,28.9538],[83.581,28.955],[83.5847,28.9612],[83.5837,28.9649],[83.5892,28.9712],[83.5887,28.9758],[83.5941,28.9836],[83.6006,28.9857],[83.6063,28.9803],[83.6111,28.9802],[83.6171,28.9876],[83.6165,28.9979],[83.619,29.0061],[83.6143,29.015],[83.6186,29.0185],[83.6147,29.036],[83.6199,29.0437],[83.6202,29.0551],[83.6225,29.0604],[83.6331,29.0624],[83.6316,29.0715],[83.6331,29.0801],[83.6255,29.0882],[83.6171,29.0943],[83.6227,29.0978],[83.6308,29.1065],[83.6384,29.1073],[83.6483,29.1041],[83.6546,29.1092],[83.6537,29.1195],[83.6646,29.1247],[83.6697,29.1233],[83.6809,29.125],[83.6818,29.1305],[83.677,29.137],[83.6785,29.1472],[83.6748,29.1524],[83.6654,29.1557],[83.6642,29.1651],[83.6678,29.1688],[83.6595,29.1761],[83.6459,29.1629],[83.6355,29.1584],[83.6249,29.1683],[83.6168,29.1713],[83.6129,29.1804],[83.5982,29.1749],[83.5907,29.1745],[83.5806,29.1788],[83.5781,29.1874],[83.572,29.1904],[83.5715,29.1967],[83.5741,29.2025],[83.5653,29.206],[83.5576,29.204],[83.5545,29.2001],[83.5381,29.2038],[83.5321,29.2096],[83.5325,29.2133],[83.5249,29.2167]]]},"properties":{"DISTRICT":"DOLPA"}},
{"type":"Feature","geometry":{"type":"Polygon","coordinates":[[[82.5349,29.2511],[82.5491,29.2597],[82.5539,29.2657],[82.5523,29.2779],[82.5541,29.2822],[82.5611,29.2887],[82.5739,29.2916],[82.5824,29.2954],[82.5926,29.303],[82.5909,29.3058],[82.5931,29.3141],[82.5924,29.3263],[82.5837,29.3362],[82.5771,29.3371],[82.5726,29.3456],[82.5738,29.3565],[82.5699,29.3655],[82.5639,29.367],[82.5591,29.3736],[82.5519,29.3764],[82.55,29.3804],[82.5546,29.3891],[82.555,29.3952],[82.5593,29.4038],[82.5604,29.4114],[82.5437,29.4207],[82.5274,29.4223],[82.515,29.4205],[82.5132,29.4332],[82.5046,29.4449],[82.5022,29.4577],[82.5072,29.4714],[82.5027,29.4744],[82.5036,29.4835],[82.4976,29.4935],[82.4913,29.4913],[82.4875,29.4856],[82.4765,29.4792],[82.4735,29.4749],[82.4546,29.4643],[82.4536,29.4574],[82.4499,29.45],[82.4434,29.4458],[82.4342,29.4433],[82.4284,29.4492],[82.4193,29.4478],[82.4131,29.4512],[82.4125,29.4639],[82.4062,29.4714],[82.3924,29.4982],[82.3878,29.5018],[82.3775,29.4968],[82.3724,29.4912],[82.3665,29.4904],[82.3477,29.494],[82.3417,29.5042],[82.3358,29.5041],[82.3306,29.508],[82.3188,29.5066],[82.3118,29.5037],[82.304,29.4912],[82.3035,29.4819],[82.3079,29.4777],[82.301,29.4705],[82.3032,29.4612],[82.2983,29.4563],[82.3008,29.4505],[82.2956,29.4423],[82.2887,29.441],[82.2845,29.4434],[82.2721,29.442],[82.2653,29.4439],[82.2602,29.4377],[82.249,29.4333],[82.2417,29.4389],[82.2362,29.4337],[82.2238,29.4281],[82.2255,29.4233],[82.2174,29.408],[82.212,29.4108],[82.2024,29.4089],[82.1952,29.411],[82.1874,29.4063],[82.1827,29.4069],[82.1805,29.4127],[82.1742,29.4162],[82.1638,29.4167],[82.1596,29.4193],[82.1546,29.4269],[82.1455,29.4291],[82.1413,29.4381],[82.1474,29.4468],[82.1418,29.4613],[82.1358,29.4631],[82.1328,29.4699],[82.1127,29.4652],[82.1081,29.4595],[82.0996,29.4606],[82.0952,29.4644],[82.0922,29.4763],[82.0867,29.4815],[82.0787,29.4838],[82.07,29.4839],[82.0625,29.4798],[82.0499,29.4841],[82.0464,29.4834],[82.0354,29.477],[82.0296,29.4687],[82.0215,29.4681],[82.0167,29.4623],[82.0104,29.4712],[82.0008,29.4709],[81.9904,29.4732],[81.981,29.473],[81.9793,29.4633],[81.9759,29.4623],[81.9667,29.4462],[81.959,29.4433],[81.94,29.4438],[81.9327,29.4373],[81.9293,29.4026],[81.9318,29.3938],[81.9263,29.385],[81.9281,29.3801],[81.9295,29.3645],[81.927,29.3533],[81.9319,29.3448],[81.9318,29.3401],[81.9296,29.33],[81.9166,29.3224],[81.9092,29.3219],[81.9063,29.3143],[81.9006,29.3101],[81.9006,29.3016],[81.8942,29.2921],[81.8854,29.2868],[81.8828,29.2823],[81.8824,29.2742],[81.8757,29.2714],[81.8621,29.2732],[81.8497,29.2663],[81.8481,29.2587],[81.8525,29.2436],[81.8583,29.2415],[81.8694,29.227],[81.8773,29.2271],[81.8823,29.2228],[81.8916,29.2186],[81.8961,29.2139],[81.9042,29.2126],[81.9124,29.2013],[81.9103,29.1886],[81.9035,29.1836],[81.8976,29.1759],[81.8977,29.1678],[81.9023,29.164],[81.9055,29.1572],[81.9283,29.1573],[81.945,29.1495],[81.9504,29.1451],[81.9519,29.1392],[81.9495,29.1309],[81.9596,29.128],[81.9744,29.1162],[81.9773,29.1111],[81.9827,29.1077],[81.9942,29.1048],[81.9984,29.1018],[82.0165,29.0947],[82.0213,29.0833],[82.0197,29.0756],[82.0145,29.0735],[82.0141,29.0677],[82.0185,29.0605],[82.0153,29.0563],[82.0192,29.0516],[82.0161,29.0432],[82.0135,29.0295],[82.0183,29.0235],[82.0281,29.0206],[82.0406,29.0124],[82.0463,29.0034],[82.0435,28.9993],[82.0463,28.9937],[82.0448,28.9892],[82.0516,28.9807],[82.0597,28.9784],[82.0802,28.9693],[82.0866,28.9733],[82.0966,28.9754],[82.0994,28.9823],[82.1107,28.99],[82.1255,28.9955],[82.1194,29.007],[82.1206,29.0144],[82.1269,29.0153],[82.1345,29.0274],[82.1404,29.0317],[82.1485,29.0325],[82.1512,29.0411],[82.1497,29.0481],[82.1527,29.0528],[82.1585,29.0538],[82.1609,29.0589],[82.1688,29.065],[82.1792,29.0651],[82.1824,29.0618],[82.1965,29.0727],[82.2001,29.073],[82.2054,29.0805],[82.2029,29.0889],[82.2066,29.0903],[82.2134,29.087],[82.2257,29.0938],[82.2274,29.1046],[82.2344,29.1048],[82.2395,29.1013],[82.2482,29.1043],[82.256,29.1099],[82.2639,29.1075],[82.27,29.1129],[82.2664,29.1214],[82.2747,29.1232],[82.2801,29.1274],[82.2848,29.1245],[82.2875,29.1159],[82.3023,29.1197],[82.325,29.11],[82.3397,29.1152],[82.353,29.1166],[82.362,29.1143],[82.3687,29.1105],[82.3746,29.1104],[82.3899,29.1058],[82.4137,29.0955],[82.4175,29.0994],[82.4169,29.1059],[82.4201,29.1115],[82.42,29.1195],[82.4155,29.1233],[82.419,29.1275],[82.4196,29.1366],[82.4362,29.1391],[82.435,29.1458],[82.4485,29.1577],[82.4627,29.1568],[82.4688,29.1625],[82.4839,29.1607],[82.4903,29.1617],[82.5065,29.1596],[82.5164,29.1563],[82.5325,29.1636],[82.5428,29.1633],[82.5547,29.1648],[82.5628,29.1709],[82.573,29.1716],[82.5804,29.1799],[82.5841,29.1898],[82.5789,29.1949],[82.5714,29.197],[82.5653,29.2026],[82.556,29.2046],[82.5473,29.2126],[82.5445,29.2279],[82.5378,29.232],[82.5361,29.2366],[82.5423,29.2428],[82.5349,29.2511]]]},"properties":{"DISTRICT":"JUMLA"}},
{"type":"Feature","geometry":{"type":"Polygon","coordinates":[[[81.6924,29.0497],[81.7019,29.0382],[81.7055,29.0316],[81.7171,29.0278],[81.7179,29.0199],[81.7312,29.0218],[81.7391,29.0192],[81.7465,29.0118],[81.7531,29.0102],[81.7731,29.0192],[81.7847,29.0176],[81.7952,29.0119],[81.795,29.0051],[81.8039,29.0012],[81.8099,28.9948],[81.8176,28.9897],[81.824,28.9832],[81.8301,28.9849],[81.8434,28.9812],[81.8507,28.9721],[81.8638,28.9727],[81.8666,28.9709],[81.8769,28.9721],[81.884,28.9767],[81.8916,28.9843],[81.902,28.982],[81.9125,28.9864],[81.9216,28.9776],[81.9322,28.982],[81.9372,28.9809],[81.9447,28.9834],[81.9601,28.9855],[81.9628,28.9906],[81.9871,29.0039],[81.9868,29.0114],[82.0025,29.0158],[82.0096,29.0306],[82.0135,29.0295],[82.0161,29.0432],[82.0192,29.0516],[82.0153,29.0563],[82.0185,29.0605],[82.0141,29.0677],[82.0145,29.0735],[82.0197,29.0756],[82.0213,29.0833],[82.0165,29.0947],[81.9984,29.1018],[81.9942,29.1048],[81.9827,29.1077],[81.9773,29.1111],[81.9744,29.1162],[81.9596,29.128],[81.9495,29.1309],[81.9519,29.1392],[81.9504,29.1451],[81.945,29.1495],[81.9283,29.1573],[81.9055,29.1572],[81.9023,29.164],[81.8977,29.1678],[81.8976,29.1759],[81.9035,29.1836],[81.9103,29.1886],[81.9124,29.2013],[81.9042,29.2126],[81.8961,29.2139],[81.8916,29.2186],[81.8823,29.2228],[81.8773,29.2271],[81.8694,29.227],[81.8583,29.2415],[81.8525,29.2436],[81.8481,29.2587],[81.8497,29.2663],[81.8621,29.2732],[81.8757,29.2714],[81.8824,29.2742],[81.8828,29.2823],[81.8854,29.2868],[81.8942,29.2921],[81.9006,29.3016],[81.9006,29.3101],[81.9063,29.3143],[81.9092,29.3219],[81.9166,29.3224],[81.9296,29.33],[81.9318,29.3401],[81.9319,29.3448],[81.927,29.3533],[81.9295,29.3645],[81.9281,29.3801],[81.9263,29.385],[81.9318,29.3938],[81.9293,29.4026],[81.9327,29.4373],[81.9234,29.4444],[81.9152,29.4434],[81.8994,29.4465],[81.8866,29.4434],[81.8756,29.4506],[81.8689,29.4605],[81.8608,29.4587],[81.8443,29.4616],[81.8356,29.457],[81.8299,29.4578],[81.8247,29.4549],[81.8096,29.4539],[81.805,29.4473],[81.8072,29.4393],[81.8008,29.4291],[81.7986,29.4146],[81.7996,29.4074],[81.7963,29.3994],[81.7923,29.396],[81.7912,29.389],[81.7786,29.3913],[81.7687,29.3904],[81.76,29.3823],[81.7583,29.3756],[81.7515,29.3665],[81.751,29.3622],[81.7543,29.3524],[81.7482,29.3421],[81.7415,29.3339],[81.7317,29.3352],[81.7242,29.3324],[81.705,29.3306],[81.6957,29.3254],[81.6927,29.3205],[81.6801,29.3214],[81.6741,29.318],[81.6502,29.3211],[81.6483,29.328],[81.6439,29.3337],[81.6458,29.3434],[81.6459,29.3543],[81.6405,29.3563],[81.6401,29.3615],[81.6283,29.3684],[81.6193,29.3706],[81.6017,29.3656],[81.583,29.3645],[81.575,29.3607],[81.5723,29.3497],[81.5626,29.3517],[81.5602,29.3579],[81.5522,29.3495],[81.55,29.3393],[81.5422,29.3322],[81.5307,29.3261],[81.5257,29.3151],[81.5181,29.3124],[81.5097,29.3146],[81.5056,29.3032],[81.5018,29.2973],[81.4925,29.2906],[81.4856,29.2796],[81.4698,29.2718],[81.4797,29.264],[81.4888,29.2633],[81.4965,29.2571],[81.495,29.2522],[81.5,29.2388],[81.4883,29.2254],[81.4875,29.2108],[81.484,29.2012],[81.4865,29.1927],[81.4918,29.1866],[81.4891,29.1729],[81.497,29.1688],[81.4971,29.1599],[81.5009,29.1517],[81.514,29.1513],[81.5201,29.1536],[81.5264,29.1527],[81.5351,29.1465],[81.5362,29.1376],[81.5542,29.1285],[81.5673,29.1261],[81.581,29.1359],[81.5838,29.1264],[81.5824,29.118],[81.5803,29.1085],[81.5752,29.1002],[81.5695,29.0956],[81.5673,29.0848],[81.5671,29.0757],[81.5636,29.0664],[81.5655,29.0536],[81.5722,29.0526],[81.5825,29.0472],[81.5906,29.0489],[81.6043,29.0429],[81.6066,29.0393],[81.616,29.0345],[81.6227,29.0411],[81.6282,29.0417],[81.633,29.0464],[81.6463,29.0402],[81.6608,29.0411],[81.6649,29.044],[81.6924,29.0497]]]},"properties":{"DISTRICT":"KALIKOT"}},
{"type":"Feature","geometry":{"type":"Polygon","coordinates":[[[82.3188,29.5066],[82.3306,29.508],[82.3358,29.5041],[82.3417,29.5042],[82.3477,29.494],[82.3665,29.4904],[82.3724,29.4912],[82.3775,29.4968],[82.3878,29.5018],[82.3924,29.4982],[82.4062,29.4714],[82.4125,29.4639],[82.4131,29.4512],[82.4193,29.4478],[82.4284,29.4492],[82.4342,29.4433],[82.4434,29.4458],[82.4499,29.45],[82.4536,29.4574],[82.4546,29.4643],[82.4735,29.4749],[82.4765,29.4792],[82.4875,29.4856],[82.4913,29.4913],[82.4976,29.4935],[82.5036,29.4835],[82.5027,29.4744],[82.5072,29.4714],[82.5022,29.4577],[82.5046,29.4449],[82.5132,29.4332],[82.515,29.4205],[82.5274,29.4223],[82.5437,29.4207],[82.5604,29.4114],[82.5759,29.4138],[82.5847,29.4173],[82.587,29.4219],[82.5951,29.4212],[82.6038,29.4236],[82.6247,29.4247],[82.628,29.4222],[82.6288,29.4113],[82.6259,29.4022],[82.629,29.3955],[82.637,29.3933],[82.6443,29.3854],[82.6611,29.3954],[82.6658,29.4028],[82.6726,29.4015],[82.6807,29.4087],[82.6892,29.4126],[82.6876,29.4181],[82.6922,29.4252],[82.7003,29.4286],[82.7045,29.4271],[82.7168,29.4317],[82.7213,29.4411],[82.7191,29.4443],[82.7272,29.4489],[82.7283,29.4555],[82.7368,29.4663],[82.7368,29.4699],[82.7255,29.4795],[82.7302,29.4893],[82.7284,29.4991],[82.7346,29.5081],[82.75,29.5074],[82.757,29.5105],[82.7681,29.5117],[82.7674,29.5145],[82.7792,29.5161],[82.7835,29.5143],[82.7884,29.5187],[82.787,29.5256],[82.7982,29.5378],[82.801,29.5458],[82.8109,29.5565],[82.8212,29.5594],[82.8169,29.5646],[82.8154,29.5766],[82.8095,29.5869],[82.8115,29.5929],[82.8035,29.6036],[82.7963,29.6274],[82.7985,29.6374],[82.806,29.6381],[82.8148,29.6423],[82.8159,29.6453],[82.829,29.6491],[82.8309,29.6695],[82.8282,29.6763],[82.8291,29.6898],[82.8206,29.6962],[82.8169,29.7056],[82.8223,29.7108],[82.8232,29.7161],[82.8199,29.7211],[82.808,29.7214],[82.7996,29.719],[82.784,29.7256],[82.7649,29.7312],[82.7682,29.7338],[82.7687,29.7424],[82.7639,29.7499],[82.759,29.7621],[82.7467,29.7695],[82.726,29.7705],[82.7208,29.7661],[82.7129,29.7689],[82.7092,29.7651],[82.6997,29.7617],[82.6918,29.7635],[82.6884,29.7735],[82.6981,29.7818],[82.6961,29.7912],[82.703,29.7948],[82.708,29.7925],[82.715,29.7944],[82.7219,29.8002],[82.7309,29.8037],[82.7324,29.8088],[82.7393,29.8145],[82.7348,29.8176],[82.7265,29.8375],[82.7125,29.8388],[82.7059,29.8453],[82.7025,29.8531],[82.6992,29.8553],[82.6884,29.8521],[82.6861,29.8469],[82.6503,29.8382],[82.6411,29.8339],[82.6219,29.8381],[82.6237,29.8473],[82.6339,29.85],[82.633,29.8559],[82.6425,29.8629],[82.6444,29.8701],[82.6397,29.8749],[82.6326,29.8777],[82.6224,29.8791],[82.6105,29.8845],[82.6043,29.8891],[82.6036,29.8928],[82.592,29.909],[82.5867,29.9213],[82.5818,29.9215],[82.5686,29.9325],[82.5654,29.9433],[82.565,29.9552],[82.5312,29.971],[82.525,29.9618],[82.517,29.953],[82.5103,29.949],[82.4995,29.9474],[82.4979,29.9395],[82.4902,29.9291],[82.4721,29.9188],[82.4762,29.9067],[82.4716,29.9044],[82.4692,29.8985],[82.4579,29.8975],[82.4495,29.8887],[82.4612,29.8815],[82.4645,29.8653],[82.457,29.8609],[82.4369,29.8608],[82.4374,29.8438],[82.4321,29.8395],[82.4318,29.8352],[82.4374,29.8321],[82.4418,29.8242],[82.4383,29.8132],[82.4284,29.8117],[82.4246,29.8071],[82.4071,29.8105],[82.4028,29.8053],[82.4055,29.8025],[82.4042,29.7945],[82.4059,29.7871],[82.4107,29.7857],[82.4145,29.779],[82.4136,29.7714],[82.3996,29.7629],[82.4031,29.7498],[82.4095,29.7431],[82.4109,29.736],[82.416,29.7318],[82.4122,29.7214],[82.4148,29.7178],[82.4117,29.713],[82.4048,29.7088],[82.3944,29.6965],[82.3808,29.697],[82.3732,29.7031],[82.3634,29.7026],[82.3548,29.707],[82.3512,29.7131],[82.3412,29.7159],[82.3355,29.7126],[82.3187,29.7106],[82.3149,29.7122],[82.3111,29.7065],[82.2993,29.6971],[82.289,29.6952],[82.2837,29.6923],[82.2744,29.6948],[82.2631,29.7029],[82.2479,29.6977],[82.2348,29.699],[82.2333,29.6838],[82.2374,29.6816],[82.2344,29.6745],[82.2388,29.6692],[82.2362,29.6627],[82.2305,29.6648],[82.221,29.6636],[82.2174,29.6559],[82.2042,29.6601],[82.1944,29.6532],[82.1861,29.6583],[82.1714,29.6539],[82.1581,29.6582],[82.1514,29.655],[82.1445,29.6458],[82.1269,29.6427],[82.1088,29.6373],[82.1046,29.6348],[82.1084,29.6446],[82.1156,29.6529],[82.1051,29.6615],[82.103,29.6652],[82.1041,29.6732],[82.1,29.6807],[82.103,29.6842],[82.0953,29.6895],[82.0952,29.6987],[82.0835,29.7055],[82.0823,29.7131],[82.0768,29.7126],[82.0631,29.7283],[82.0613,29.7321],[82.0634,29.7388],[82.0622,29.7462],[82.0482,29.751],[82.0374,29.7491],[82.0352,29.7468],[82.0306,29.7406],[82.0177,29.736],[82.0079,29.7272],[82.0064,29.7199],[82.0002,29.7153],[81.9961,29.706],[81.9895,29.7002],[81.9697,29.6903],[81.9459,29.6741],[81.9387,29.6731],[81.9342,29.6777],[81.9242,29.6741],[81.9195,29.6638],[81.9116,29.6632],[81.9066,29.6667],[81.8935,29.6684],[81.8856,29.6595],[81.8854,29.6547],[81.8791,29.6497],[81.8747,29.6412],[81.8749,29.636],[81.8687,29.6332],[81.8548,29.6194],[81.8453,29.622],[81.83,29.6205],[81.8181,29.6234],[81.8134,29.622],[81.802,29.6232],[81.7929,29.6273],[81.7853,29.6226],[81.7801,29.6185],[81.7756,29.6058],[81.7797,29.5997],[81.7915,29.5966],[81.7917,29.5897],[81.8004,29.576],[81.8008,29.5592],[81.7994,29.5521],[81.7954,29.5478],[81.792,29.5377],[81.7948,29.5312],[81.7875,29.5284],[81.7791,29.5157],[81.7823,29.5113],[81.7767,29.508],[81.771,29.5093],[81.7643,29.5053],[81.7819,29.5011],[81.7847,29.5023],[81.7972,29.4881],[81.8054,29.4756],[81.8088,29.4665],[81.8096,29.4539],[81.8247,29.4549],[81.8299,29.4578],[81.8356,29.457],[81.8443,29.4616],[81.8608,29.4587],[81.8689,29.4605],[81.8756,29.4506],[81.8866,29.4434],[81.8994,29.4465],[81.9152,29.4434],[81.9234,29.4444],[81.9327,29.4373],[81.94,29.4438],[81.959,29.4433],[81.9667,29.4462],[81.9759,29.4623],[81.9793,29.4633],[81.981,29.473],[81.9904,29.4732],[82.0008,29.4709],[82.0104,29.4712],[82.0167,29.4623],[82.0215,29.4681],[82.0296,29.4687],[82.0354,29.477],[82.0464,29.4834],[82.0499,29.4841],[82.0625,29.4798],[82.07,29.4839],[82.0787,29.4838],[82.0867,29.4815],[82.0922,29.4763],[82.0952,29.4644],[82.0996,29.4606],[82.1081,29.4595],[82.1127,29.4652],[82.1328,29.4699],[82.1358,29.4631],[82.1418,29.4613],[82.1474,29.4468],[82.1413,29.4381],[82.1455,29.4291],[82.1546,29.4269],[82.1596,29.4193],[82.1638,29.4167],[82.1742,29.4162],[82.1805,29.4127],[82.1827,29.4069],[82.1874,29.4063],[82.1952,29.411],[82.2024,29.4089],[82.212,29.4108],[82.2174,29.408],[82.2255,29.4233],[82.2238,29.4281],[82.2362,29.4337],[82.2417,29.4389],[82.249,29.4333],[82.2602,29.4377],[82.2653,29.4439],[82.2721,29.442],[82.2845,29.4434],[82.2887,29.441],[82.2956,29.4423],[82.3008,29.4505],[82.2983,29.4563],[82.3032,29.4612],[82.301,29.4705],[82.3079,29.4777],[82.3035,29.4819],[82.304,29.4912],[82.3118,29.5037],[82.3188,29.5066]]]},"properties":{"DISTRICT":"MUGU"}},
{"type":"Feature","geometry":{"type":"Polygon","coordinates":[[[81.9459,29.6741],[81.9697,29.6903],[81.9895,29.7002],[81.9961,29.706],[82.0002,29.7153],[82.0064,29.7199],[82.0079,29.7272],[82.0177,29.736],[82.0306,29.7406],[82.0352,29.7468],[82.0374,29.7491],[82.0482,29.751],[82.0622,29.7462],[82.0634,29.7388],[82.0613,29.7321],[82.0631,29.7283],[82.0768,29.7126],[82.0823,29.7131],[82.0835,29.7055],[82.0952,29.6987],[82.0953,29.6895],[82.103,29.6842],[82.1,29.6807],[82.1041,29.6732],[82.103,29.6652],[82.1051,29.6615],[82.1156,29.6529],[82.1084,29.6446],[82.1046,29.6348],[82.1088,29.6373],[82.1269,29.6427],[82.1445,29.6458],[82.1514,29.655],[82.1581,29.6582],[82.1714,29.6539],[82.1861,29.6583],[82.1944,29.6532],[82.2042,29.6601],[82.2174,29.6559],[82.221,29.6636],[82.2305,29.6648],[82.2362,29.6627],[82.2388,29.6692],[82.2344,29.6745],[82.2374,29.6816],[82.2333,29.6838],[82.2348,29.699],[82.2479,29.6977],[82.2631,29.7029],[82.2744,29.6948],[82.2837,29.6923],[82.289,29.6952],[82.2993,29.6971],[82.3111,29.7065],[82.3149,29.7122],[82.3187,29.7106],[82.3355,29.7126],[82.3412,29.7159],[82.3512,29.7131],[82.3548,29.707],[82.3634,29.7026],[82.3732,29.7031],[82.3808,29.697],[82.3944,29.6965],[82.4048,29.7088],[82.4117,29.713],[82.4148,29.7178],[82.4122,29.7214],[82.416,29.7318],[82.4109,29.736],[82.4095,29.7431],[82.4031,29.7498],[82.3996,29.7629],[82.4136,29.7714],[82.4145,29.779],[82.4107,29.7857],[82.4059,29.7871],[82.4042,29.7945],[82.4055,29.8025],[82.4028,29.8053],[82.4071,29.8105],[82.4246,29.8071],[82.4284,29.8117],[82.4383,29.8132],[82.4418,29.8242],[82.4374,29.8321],[82.4318,29.8352],[82.4321,29.8395],[82.4374,29.8438],[82.4369,29.8608],[82.457,29.8609],[82.4645,29.8653],[82.4612,29.8815],[82.4495,29.8887],[82.4579,29.8975],[82.4692,29.8985],[82.4716,29.9044],[82.4762,29.9067],[82.4721,29.9188],[82.4902,29.9291],[82.4979,29.9395],[82.4995,29.9474],[82.4903,29.9533],[82.4758,29.9653],[82.4781,29.9737],[82.4637,29.9808],[82.456,29.9794],[82.4457,29.9855],[82.4341,29.989],[82.4256,29.9958],[82.4227,30.0042],[82.4106,30.011],[82.4085,30.0152],[82.4029,30.0161],[82.3998,30.0226],[82.3948,30.0246],[82.3892,30.0205],[82.3832,30.0274],[82.3778,30.0264],[82.3776,30.0168],[82.3649,30.0104],[82.3638,30.0174],[82.3567,30.0257],[82.3517,30.0248],[82.3462,30.0299],[82.3455,30.0368],[82.3397,30.0411],[82.336,30.0469],[82.3226,30.0495],[82.3205,30.0435],[82.313,30.0379],[82.307,30.0375],[82.2914,30.0433],[82.2871,30.0473],[82.2849,30.0596],[82.2806,30.0628],[82.2678,30.0621],[82.2606,30.0651],[82.2512,30.0745],[82.246,30.0754],[82.2352,30.0694],[82.2333,30.065],[82.2208,30.0684],[82.2131,30.0662],[82.2014,30.0668],[82.19,30.0697],[82.1738,30.0652],[82.1681,30.0761],[82.1704,30.086],[82.179,30.089],[82.1835,30.0967],[82.1809,30.1002],[82.1868,30.1104],[82.1787,30.1223],[82.18,30.1272],[82.1888,30.1338],[82.1992,30.1368],[82.1999,30.1433],[82.2074,30.1539],[82.1941,30.1601],[82.1843,30.1607],[82.1837,30.1663],[82.1873,30.1697],[82.1882,30.1763],[82.1861,30.1811],[82.1889,30.1859],[82.1863,30.1909],[82.1808,30.1925],[82.1606,30.1893],[82.1541,30.1942],[82.1437,30.1976],[82.1416,30.2024],[82.1345,30.207],[82.133,30.2146],[82.1353,30.2181],[82.1284,30.2263],[82.1146,30.2249],[82.1003,30.2393],[82.1071,30.2449],[82.109,30.2546],[82.119,30.2576],[82.1173,30.2642],[82.1191,30.2693],[82.1121,30.2758],[82.1183,30.2861],[82.118,30.2938],[82.1273,30.3019],[82.1219,30.319],[82.1206,30.3269],[82.1158,30.3291],[82.1122,30.3388],[82.1132,30.3436],[82.1068,30.3496],[82.0985,30.3497],[82.0836,30.3599],[82.0753,30.3587],[82.0678,30.3554],[82.0672,30.3473],[82.0615,30.3447],[82.0579,30.3336],[82.0433,30.3409],[82.0324,30.3377],[82.0231,30.3445],[82.0133,30.3427],[82.0138,30.33],[82.0059,30.3282],[82,30.3207],[81.9892,30.3211],[81.9842,30.3294],[81.9759,30.3308],[81.9711,30.3379],[81.9588,30.3411],[81.9644,30.3471],[81.9618,30.3533],[81.9574,30.3536],[81.9512,30.359],[81.948,30.3572],[81.9465,30.3496],[81.941,30.3475],[81.918,30.35],[81.9114,30.3537],[81.9061,30.3533],[81.8939,30.3575],[81.8903,30.3609],[81.884,30.3608],[81.8806,30.3652],[81.8806,30.3685],[81.8696,30.3773],[81.8557,30.3794],[81.8473,30.374],[81.842,30.3766],[81.8276,30.3752],[81.822,30.3779],[81.8168,30.3839],[81.8106,30.3873],[81.8061,30.3863],[81.7926,30.389],[81.7847,30.3855],[81.7759,30.3844],[81.764,30.3891],[81.753,30.3888],[81.7465,30.3931],[81.741,30.3935],[81.7335,30.3983],[81.7311,30.4092],[81.7261,30.4119],[81.7162,30.4118],[81.7084,30.4171],[81.6911,30.4255],[81.6741,30.4276],[81.6573,30.4341],[81.6484,30.4398],[81.6414,30.4405],[81.6363,30.4449],[81.622,30.4473],[81.6192,30.4423],[81.6238,30.4257],[81.6136,30.4144],[81.6086,30.4122],[81.5893,30.4178],[81.5833,30.4238],[81.5665,30.4299],[81.5604,30.4237],[81.5596,30.416],[81.5614,30.4078],[81.5538,30.4057],[81.5524,30.4013],[81.5515,30.3847],[81.5527,30.3784],[81.5574,30.3741],[81.5529,30.37],[81.5483,30.3722],[81.5351,30.3718],[81.5141,30.3796],[81.4985,30.3824],[81.4896,30.3821],[81.4775,30.3892],[81.4732,30.3993],[81.4673,30.4045],[81.4572,30.4069],[81.4538,30.4117],[81.441,30.4186],[81.4377,30.4131],[81.4295,30.422],[81.4156,30.4204],[81.4101,30.4213],[81.4084,30.414],[81.4047,30.4104],[81.4067,30.4049],[81.4032,30.3957],[81.4137,30.3937],[81.4225,30.3854],[81.431,30.3831],[81.4244,30.3763],[81.4219,30.3706],[81.4139,30.372],[81.3992,30.3707],[81.4014,30.3574],[81.4076,30.3538],[81.4043,30.3437],[81.4075,30.3365],[81.4009,30.3291],[81.3984,30.3232],[81.4072,30.3162],[81.4165,30.3165],[81.4251,30.3051],[81.4187,30.3026],[81.4121,30.2951],[81.4038,30.2933],[81.4053,30.2862],[81.4036,30.2819],[81.417,30.2842],[81.4169,30.2752],[81.4105,30.2616],[81.397,30.2514],[81.3982,30.2418],[81.3921,30.2337],[81.3987,30.2184],[81.3982,30.209],[81.3759,30.1963],[81.372,30.1866],[81.3608,30.1829],[81.3524,30.1781],[81.343,30.1668],[81.3359,30.1604],[81.3339,30.1533],[81.3185,30.152],[81.3113,30.1568],[81.3112,30.1608],[81.2926,30.1577],[81.2893,30.1552],[81.276,30.1546],[81.2598,30.1513],[81.2589,30.1438],[81.2662,30.1362],[81.2741,30.1334],[81.2805,30.1247],[81.2843,30.123],[81.2864,30.1165],[81.2922,30.1123],[81.287,30.1052],[81.291,30.0948],[81.2889,30.0883],[81.2907,30.0833],[81.2877,30.0785],[81.2892,30.0698],[81.2815,30.0661],[81.2732,30.0515],[81.2737,30.0453],[81.2834,30.0433],[81.2864,30.0376],[81.308,30.0311],[81.3168,30.0323],[81.3202,30.0257],[81.3335,30.0241],[81.3482,30.0188],[81.3588,30.0106],[81.3699,30.011],[81.3837,30.0072],[81.3857,30.0136],[81.392,30.0169],[81.4066,30.0197],[81.4144,30.0186],[81.4205,30.0131],[81.432,30.0076],[81.442,30.007],[81.4463,30.003],[81.4563,30.0024],[81.4649,29.9956],[81.4625,29.9869],[81.4718,29.9751],[81.4705,29.9637],[81.4545,29.9512],[81.4604,29.9426],[81.4566,29.9348],[81.462,29.9297],[81.4618,29.9176],[81.4634,29.9133],[81.4598,29.9077],[81.4586,29.9005],[81.4725,29.8898],[81.4847,29.8916],[81.4945,29.8872],[81.5074,29.8944],[81.5185,29.904],[81.5139,29.9167],[81.5183,29.9224],[81.5301,29.9241],[81.5367,29.9276],[81.544,29.9271],[81.552,29.9235],[81.5614,29.9261],[81.572,29.9335],[81.5886,29.936],[81.5931,29.9306],[81.6044,29.9302],[81.6078,29.9372],[81.6147,29.9432],[81.6192,29.9391],[81.6284,29.9384],[81.6362,29.9408],[81.6388,29.9448],[81.6481,29.948],[81.6535,29.9436],[81.6672,29.9403],[81.6725,29.9407],[81.6892,29.9493],[81.6986,29.9427],[81.7008,29.9387],[81.6993,29.9315],[81.7117,29.9264],[81.7126,29.9143],[81.718,29.9094],[81.7287,29.9123],[81.7358,29.9078],[81.7558,29.9084],[81.7636,29.9124],[81.7712,29.9095],[81.7818,29.9111],[81.7874,29.9104],[81.801,29.9017],[81.7982,29.8904],[81.7985,29.8669],[81.7934,29.8533],[81.794,29.8465],[81.7826,29.8393],[81.785,29.8364],[81.7846,29.8222],[81.781,29.8144],[81.7822,29.8071],[81.7755,29.7981],[81.7663,29.8018],[81.76,29.7974],[81.7531,29.798],[81.7416,29.7925],[81.7373,29.7754],[81.732,29.7692],[81.7345,29.7589],[81.7298,29.7508],[81.7301,29.7416],[81.7283,29.7332],[81.7168,29.7239],[81.7105,29.7003],[81.7043,29.6873],[81.6991,29.6804],[81.7015,29.6612],[81.7037,29.6566],[81.7054,29.6447],[81.7047,29.6372],[81.7113,29.6323],[81.7122,29.6263],[81.7221,29.6167],[81.7298,29.615],[81.7404,29.6062],[81.7523,29.6049],[81.7573,29.606],[81.7756,29.6058],[81.7801,29.6185],[81.7853,29.6226],[81.7929,29.6273],[81.802,29.6232],[81.8134,29.622],[81.8181,29.6234],[81.83,29.6205],[81.8453,29.622],[81.8548,29.6194],[81.8687,29.6332],[81.8749,29.636],[81.8747,29.6412],[81.8791,29.6497],[81.8854,29.6547],[81.8856,29.6595],[81.8935,29.6684],[81.9066,29.6667],[81.9116,29.6632],[81.9195,29.6638],[81.9242,29.6741],[81.9342,29.6777],[81.9387,29.6731],[81.9459,29.6741]]]},"properties":{"DISTRICT":"HUMLA"}},
{"type":"Feature","geometry":{"type":"Polygon","coordinates":[[[81.3048,29.3225],[81.3106,29.3248],[81.3187,29.3231],[81.3241,29.314],[81.3316,29.3125],[81.334,29.305],[81.3416,29.299],[81.3454,29.2917],[81.3502,29.2908],[81.3571,29.284],[81.3666,29.2841],[81.3751,29.292],[81.3896,29.3],[81.3986,29.2845],[81.4069,29.2841],[81.416,29.2785],[81.4344,29.2871],[81.4448,29.2874],[81.4596,29.2799],[81.4698,29.2718],[81.4856,29.2796],[81.4925,29.2906],[81.5018,29.2973],[81.5056,29.3032],[81.5097,29.3146],[81.5181,29.3124],[81.5257,29.3151],[81.5307,29.3261],[81.5422,29.3322],[81.55,29.3393],[81.5522,29.3495],[81.5602,29.3579],[81.5626,29.3517],[81.5723,29.3497],[81.575,29.3607],[81.583,29.3645],[81.6017,29.3656],[81.6193,29.3706],[81.6283,29.3684],[81.6401,29.3615],[81.6405,29.3563],[81.6459,29.3543],[81.6458,29.3434],[81.6439,29.3337],[81.6483,29.328],[81.6502,29.3211],[81.6741,29.318],[81.6801,29.3214],[81.6927,29.3205],[81.6957,29.3254],[81.705,29.3306],[81.7242,29.3324],[81.7317,29.3352],[81.7415,29.3339],[81.7482,29.3421],[81.7543,29.3524],[81.751,29.3622],[81.7515,29.3665],[81.7583,29.3756],[81.76,29.3823],[81.7687,29.3904],[81.7786,29.3913],[81.7912,29.389],[81.7923,29.396],[81.7963,29.3994],[81.7996,29.4074],[81.7986,29.4146],[81.8008,29.4291],[81.8072,29.4393],[81.805,29.4473],[81.8096,29.4539],[81.8088,29.4665],[81.8054,29.4756],[81.7972,29.4881],[81.7847,29.5023],[81.7819,29.5011],[81.7643,29.5053],[81.771,29.5093],[81.7767,29.508],[81.7823,29.5113],[81.7791,29.5157],[81.7875,29.5284],[81.7948,29.5312],[81.792,29.5377],[81.7954,29.5478],[81.7994,29.5521],[81.8008,29.5592],[81.8004,29.576],[81.7917,29.5897],[81.7915,29.5966],[81.7797,29.5997],[81.7756,29.6058],[81.7573,29.606],[81.7523,29.6049],[81.7404,29.6062],[81.7298,29.615],[81.7221,29.6167],[81.7122,29.6263],[81.7113,29.6323],[81.7047,29.6372],[81.7054,29.6447],[81.7037,29.6566],[81.7015,29.6612],[81.6991,29.6804],[81.7043,29.6873],[81.7105,29.7003],[81.7168,29.7239],[81.7283,29.7332],[81.7301,29.7416],[81.7298,29.7508],[81.7345,29.7589],[81.732,29.7692],[81.7373,29.7754],[81.7416,29.7925],[81.7531,29.798],[81.76,29.7974],[81.7663,29.8018],[81.7755,29.7981],[81.7822,29.8071],[81.781,29.8144],[81.7846,29.8222],[81.785,29.8364],[81.7826,29.8393],[81.794,29.8465],[81.7934,29.8533],[81.7985,29.8669],[81.7982,29.8904],[81.801,29.9017],[81.7874,29.9104],[81.7818,29.9111],[81.7712,29.9095],[81.7636,29.9124],[81.7558,29.9084],[81.7358,29.9078],[81.7287,29.9123],[81.718,29.9094],[81.7126,29.9143],[81.7117,29.9264],[81.6993,29.9315],[81.7008,29.9387],[81.6986,29.9427],[81.6892,29.9493],[81.6725,29.9407],[81.6672,29.9403],[81.6535,29.9436],[81.6481,29.948],[81.6388,29.9448],[81.6362,29.9408],[81.6284,29.9384],[81.6192,29.9391],[81.6147,29.9432],[81.6078,29.9372],[81.6044,29.9302],[81.5931,29.9306],[81.5886,29.936],[81.572,29.9335],[81.5614,29.9261],[81.552,29.9235],[81.544,29.9271],[81.5367,29.9276],[81.5301,29.9241],[81.5183,29.9224],[81.5139,29.9167],[81.5185,29.904],[81.5074,29.8944],[81.5168,29.8864],[81.5293,29.8857],[81.5431,29.8782],[81.549,29.872],[81.5589,29.8565],[81.5665,29.8519],[81.5628,29.8346],[81.5602,29.8097],[81.5503,29.8017],[81.5504,29.7932],[81.5538,29.7814],[81.5624,29.7706],[81.5561,29.7633],[81.5526,29.7524],[81.5416,29.7471],[81.5263,29.7524],[81.5141,29.7526],[81.5098,29.7417],[81.5135,29.7306],[81.5188,29.7243],[81.5262,29.7102],[81.5161,29.6997],[81.5203,29.6916],[81.5168,29.6877],[81.5176,29.6794],[81.4977,29.6687],[81.4861,29.6648],[81.4823,29.6617],[81.4691,29.6593],[81.4584,29.6543],[81.4482,29.6472],[81.4428,29.6496],[81.4361,29.6449],[81.4292,29.644],[81.4222,29.6339],[81.4237,29.6293],[81.4198,29.624],[81.4219,29.617],[81.4208,29.5988],[81.417,29.5933],[81.4039,29.5847],[81.3994,29.5711],[81.4042,29.5666],[81.4005,29.5572],[81.3733,29.55],[81.3682,29.5441],[81.3652,29.5393],[81.3529,29.53],[81.3508,29.5219],[81.3415,29.5095],[81.3405,29.505],[81.3282,29.4949],[81.3165,29.4915],[81.3192,29.4838],[81.313,29.4796],[81.3049,29.4768],[81.2927,29.4748],[81.2956,29.4691],[81.3049,29.4675],[81.3095,29.4599],[81.3024,29.4515],[81.2935,29.448],[81.2903,29.4445],[81.2814,29.4415],[81.2807,29.438],[81.2639,29.4338],[81.2551,29.4236],[81.2565,29.4168],[81.2536,29.4133],[81.24,29.4142],[81.2348,29.4111],[81.2288,29.4116],[81.214,29.4046],[81.2038,29.3957],[81.1948,29.4018],[81.1885,29.3978],[81.1729,29.3891],[81.1717,29.3866],[81.178,29.3854],[81.1808,29.3808],[81.1938,29.3717],[81.2031,29.365],[81.2117,29.3626],[81.2186,29.3633],[81.2271,29.3606],[81.2435,29.3542],[81.2517,29.3495],[81.2533,29.3444],[81.2603,29.337],[81.2572,29.3279],[81.2619,29.3137],[81.2695,29.3063],[81.2698,29.3018],[81.281,29.3083],[81.2968,29.3103],[81.3048,29.3225]]]},"properties":{"DISTRICT":"BAJURA"}},
{"type":"Feature","geometry":{"type":"Polygon","coordinates":[[[80.9123,29.4449],[80.9134,29.4457],[80.9191,29.4304],[80.9283,29.4254],[80.9339,29.4175],[80.9327,29.413],[80.9374,29.4008],[80.941,29.3978],[80.9557,29.4013],[80.9631,29.3993],[80.9731,29.4004],[80.9886,29.4051],[81.0021,29.4128],[81.0102,29.4198],[81.024,29.4218],[81.0264,29.4197],[81.0317,29.4134],[81.0366,29.4115],[81.0531,29.4106],[81.0657,29.4055],[81.07,29.4074],[81.0784,29.4063],[81.083,29.4101],[81.0876,29.4071],[81.0974,29.4078],[81.1076,29.4043],[81.11,29.3999],[81.121,29.3957],[81.1266,29.402],[81.1334,29.4043],[81.1401,29.3996],[81.141,29.3943],[81.1574,29.3959],[81.1654,29.3947],[81.1761,29.4111],[81.1878,29.4049],[81.1885,29.3978],[81.1948,29.4018],[81.2038,29.3957],[81.214,29.4046],[81.2288,29.4116],[81.2348,29.4111],[81.24,29.4142],[81.2536,29.4133],[81.2565,29.4168],[81.2551,29.4236],[81.2639,29.4338],[81.2807,29.438],[81.2814,29.4415],[81.2903,29.4445],[81.2935,29.448],[81.3024,29.4515],[81.3095,29.4599],[81.3049,29.4675],[81.2956,29.4691],[81.2927,29.4748],[81.3049,29.4768],[81.313,29.4796],[81.3192,29.4838],[81.3165,29.4915],[81.3282,29.4949],[81.3405,29.505],[81.3415,29.5095],[81.3508,29.5219],[81.3529,29.53],[81.3652,29.5393],[81.3682,29.5441],[81.3733,29.55],[81.4005,29.5572],[81.4042,29.5666],[81.3994,29.5711],[81.4039,29.5847],[81.417,29.5933],[81.4208,29.5988],[81.4219,29.617],[81.4198,29.624],[81.4237,29.6293],[81.4222,29.6339],[81.4292,29.644],[81.4361,29.6449],[81.4428,29.6496],[81.4482,29.6472],[81.4584,29.6543],[81.4691,29.6593],[81.4823,29.6617],[81.4861,29.6648],[81.4977,29.6687],[81.5176,29.6794],[81.5168,29.6877],[81.5203,29.6916],[81.5161,29.6997],[81.5262,29.7102],[81.5188,29.7243],[81.5135,29.7306],[81.5098,29.7417],[81.5141,29.7526],[81.5263,29.7524],[81.5416,29.7471],[81.5526,29.7524],[81.5561,29.7633],[81.5624,29.7706],[81.5538,29.7814],[81.5504,29.7932],[81.5503,29.8017],[81.5602,29.8097],[81.5628,29.8346],[81.5665,29.8519],[81.5589,29.8565],[81.549,29.872],[81.5431,29.8782],[81.5293,29.8857],[81.5168,29.8864],[81.5074,29.8944],[81.4945,29.8872],[81.4847,29.8916],[81.4725,29.8898],[81.4586,29.9005],[81.4598,29.9077],[81.4634,29.9133],[81.4618,29.9176],[81.462,29.9297],[81.4566,29.9348],[81.4604,29.9426],[81.4545,29.9512],[81.4705,29.9637],[81.4718,29.9751],[81.4625,29.9869],[81.4649,29.9956],[81.4563,30.0024],[81.4463,30.003],[81.442,30.007],[81.432,30.0076],[81.4205,30.0131],[81.4144,30.0186],[81.4066,30.0197],[81.392,30.0169],[81.3857,30.0136],[81.3837,30.0072],[81.3699,30.011],[81.3588,30.0106],[81.3482,30.0188],[81.3335,30.0241],[81.3202,30.0257],[81.3168,30.0323],[81.308,30.0311],[81.2864,30.0376],[81.2834,30.0433],[81.2737,30.0453],[81.2657,30.0434],[81.2625,30.0397],[81.2518,30.0386],[81.2392,30.0316],[81.255,30.0237],[81.2554,30.0197],[81.2471,30.0112],[81.2436,30.0126],[81.2334,30.0077],[81.2192,30.0073],[81.216,30.014],[81.2095,30.0205],[81.1966,30.0229],[81.1858,30.0108],[81.1792,30.0151],[81.1727,30.0144],[81.1665,30.0108],[81.1509,30.0116],[81.1443,30.0167],[81.1351,30.0161],[81.1256,30.0203],[81.1237,30.0289],[81.1194,30.0345],[81.1125,30.0357],[81.1083,30.0445],[81.101,30.0477],[81.0926,30.0542],[81.0861,30.0525],[81.0804,30.0465],[81.0703,30.0435],[81.0553,30.0241],[81.049,30.0219],[81.0398,30.0151],[81.04,30.0084],[81.0277,29.9875],[81.0167,29.9807],[81.0221,29.9743],[81.0194,29.9678],[81.0233,29.9587],[81.0186,29.9542],[81.0157,29.9475],[81.004,29.9362],[81.0024,29.9278],[81.0047,29.9233],[81.0134,29.9188],[81.0169,29.9143],[81.0276,29.9082],[81.0313,29.9036],[81.0321,29.8955],[81.0425,29.8817],[81.0396,29.8755],[81.0384,29.8646],[81.0422,29.8601],[81.0399,29.8464],[81.0418,29.8407],[81.0653,29.827],[81.0716,29.8284],[81.0727,29.8175],[81.0696,29.7959],[81.0641,29.7938],[81.0658,29.7843],[81.0643,29.7685],[81.0585,29.7577],[81.043,29.7523],[81.0345,29.7436],[81.0263,29.7436],[81.0115,29.7459],[81.0048,29.7406],[81,29.7426],[80.9899,29.7411],[80.9857,29.734],[80.974,29.7222],[80.9598,29.7265],[80.9477,29.7355],[80.9416,29.7355],[80.9331,29.7298],[80.9209,29.7247],[80.9087,29.7247],[80.8984,29.7203],[80.8919,29.7139],[80.88,29.7122],[80.8726,29.7074],[80.8664,29.7063],[80.86,29.696],[80.8472,29.6934],[80.8421,29.6874],[80.83,29.6904],[80.8254,29.6863],[80.8176,29.6869],[80.8129,29.6841],[80.7977,29.6883],[80.7967,29.6835],[80.7892,29.6779],[80.7813,29.6759],[80.7811,29.6678],[80.7718,29.6683],[80.7647,29.662],[80.7659,29.6512],[80.7637,29.6475],[80.7732,29.6423],[80.786,29.6455],[80.7926,29.6414],[80.7826,29.6329],[80.7866,29.6172],[80.7894,29.6133],[80.7883,29.6027],[80.7828,29.5902],[80.7804,29.5892],[80.7788,29.575],[80.7816,29.5721],[80.7773,29.5663],[80.7782,29.5626],[80.7713,29.5537],[80.7579,29.5565],[80.749,29.5514],[80.7484,29.5433],[80.75,29.5307],[80.7725,29.5245],[80.7823,29.5233],[80.788,29.5077],[80.7943,29.5066],[80.8064,29.5152],[80.8159,29.5143],[80.8244,29.511],[80.8243,29.5008],[80.8466,29.4894],[80.8544,29.4795],[80.8581,29.4691],[80.865,29.4655],[80.8728,29.4665],[80.8778,29.4628],[80.8813,29.4531],[80.887,29.442],[80.8992,29.4441],[80.91,29.4414],[80.9123,29.4449]]]},"properties":{"DISTRICT":"BAJHANG"}},
{"type":"Feature","geometry":{"type":"Polygon","coordinates":[[[81.1075,29.0993],[81.1114,29.0967],[81.1108,29.0868],[81.1193,29.084],[81.1288,29.0829],[81.1297,29.0783],[81.1213,29.0722],[81.1246,29.0628],[81.1328,29.0597],[81.1335,29.0523],[81.1372,29.0489],[81.138,29.0426],[81.1464,29.0353],[81.1464,29.0234],[81.146,29.0188],[81.1519,29.006],[81.147,28.9934],[81.1382,28.9893],[81.1335,28.9808],[81.1189,28.974],[81.1101,28.9777],[81.1037,28.9698],[81.1055,28.9656],[81.1142,28.9657],[81.1224,28.9625],[81.129,28.9566],[81.1364,28.9471],[81.1434,28.9457],[81.1485,28.9382],[81.1571,28.9336],[81.1705,28.9214],[81.1854,28.915],[81.1959,28.9162],[81.2059,28.908],[81.2198,28.9062],[81.2384,28.9059],[81.2457,28.9151],[81.2534,28.9136],[81.2646,28.9023],[81.2736,28.9066],[81.2775,28.9162],[81.2852,28.9215],[81.299,28.9246],[81.3049,28.9253],[81.311,28.9203],[81.3174,28.9203],[81.3259,28.908],[81.336,28.9082],[81.3389,28.9052],[81.3407,28.8956],[81.3494,28.8901],[81.3542,28.8898],[81.3713,28.8914],[81.3779,28.8936],[81.3976,28.9088],[81.405,28.9089],[81.4153,28.9139],[81.428,28.9091],[81.4326,28.9107],[81.442,28.9006],[81.4593,28.8952],[81.4651,28.8946],[81.4687,28.8873],[81.4646,28.8812],[81.464,28.8751],[81.469,28.8626],[81.4646,28.8539],[81.4742,28.8498],[81.484,28.8426],[81.4898,28.8423],[81.4957,28.8331],[81.5,28.8212],[81.5098,28.811],[81.5197,28.8069],[81.525,28.7996],[81.5204,28.796],[81.5177,28.786],[81.5172,28.7803],[81.5215,28.7763],[81.5303,28.7737],[81.5368,28.761],[81.5305,28.7551],[81.5228,28.7516],[81.5241,28.7482],[81.5483,28.749],[81.5667,28.7538],[81.58,28.7554],[81.5838,28.765],[81.582,28.7789],[81.568,28.7913],[81.5587,28.7975],[81.5534,28.8161],[81.5455,28.8301],[81.5398,28.836],[81.5396,28.8426],[81.5335,28.8563],[81.5298,28.8592],[81.5245,28.8684],[81.5183,28.8729],[81.5119,28.8838],[81.5101,28.8901],[81.4995,28.8903],[81.4934,28.8941],[81.4846,28.9034],[81.4797,28.9119],[81.4753,28.9169],[81.4683,28.9288],[81.4577,28.931],[81.452,28.9396],[81.4456,28.9417],[81.4466,28.9558],[81.4327,28.9584],[81.4244,28.9712],[81.4265,28.9807],[81.4163,28.9949],[81.4208,29.0042],[81.4179,29.0092],[81.4171,29.0171],[81.4208,29.0224],[81.4293,29.0258],[81.4342,29.0371],[81.4405,29.0393],[81.4447,29.0469],[81.4459,29.0537],[81.4611,29.0646],[81.4696,29.0687],[81.4706,29.0775],[81.4849,29.0831],[81.5013,29.0907],[81.5117,29.0907],[81.5191,29.096],[81.5265,29.1047],[81.5376,29.1064],[81.5553,29.1211],[81.5673,29.1261],[81.5542,29.1285],[81.5362,29.1376],[81.5351,29.1465],[81.5264,29.1527],[81.5201,29.1536],[81.514,29.1513],[81.5009,29.1517],[81.4971,29.1599],[81.497,29.1688],[81.4891,29.1729],[81.4918,29.1866],[81.4865,29.1927],[81.484,29.2012],[81.4875,29.2108],[81.4883,29.2254],[81.5,29.2388],[81.495,29.2522],[81.4965,29.2571],[81.4888,29.2633],[81.4797,29.264],[81.4698,29.2718],[81.4596,29.2799],[81.4448,29.2874],[81.4344,29.2871],[81.416,29.2785],[81.4069,29.2841],[81.3986,29.2845],[81.3896,29.3],[81.3751,29.292],[81.3666,29.2841],[81.3571,29.284],[81.3502,29.2908],[81.3454,29.2917],[81.3416,29.299],[81.334,29.305],[81.3316,29.3125],[81.3241,29.314],[81.3187,29.3231],[81.3106,29.3248],[81.3048,29.3225],[81.2968,29.3103],[81.281,29.3083],[81.2698,29.3018],[81.2695,29.3063],[81.2619,29.3137],[81.2572,29.3279],[81.2603,29.337],[81.2533,29.3444],[81.2517,29.3495],[81.2435,29.3542],[81.2271,29.3606],[81.2186,29.3633],[81.2117,29.3626],[81.2031,29.365],[81.1938,29.3717],[81.1808,29.3808],[81.178,29.3854],[81.1717,29.3866],[81.1618,29.3855],[81.155,29.3816],[81.1563,29.3776],[81.1546,29.3645],[81.1465,29.3523],[81.1418,29.33],[81.138,29.3222],[81.1366,29.3093],[81.1374,29.3048],[81.1224,29.2993],[81.1208,29.2938],[81.1133,29.2839],[81.1136,29.2796],[81.1058,29.2696],[81.1018,29.2615],[81.0996,29.2472],[81.1112,29.243],[81.1168,29.2343],[81.1116,29.2228],[81.1014,29.2147],[81.0923,29.2148],[81.0882,29.2089],[81.0764,29.2055],[81.0739,29.2018],[81.0655,29.1982],[81.0442,29.1996],[81.0372,29.199],[81.0296,29.1955],[81.0285,29.189],[81.0346,29.1862],[81.0372,29.1893],[81.0459,29.1852],[81.0462,29.1737],[81.0512,29.1692],[81.0502,29.1644],[81.0549,29.162],[81.0592,29.1613],[81.0606,29.1535],[81.0575,29.149],[81.0672,29.1456],[81.0667,29.1364],[81.0724,29.1346],[81.0768,29.1259],[81.0873,29.1182],[81.0942,29.1093],[81.1037,29.1007],[81.1075,29.0993]]]},"properties":{"DISTRICT":"ACHHAM"}},
{"type":"Feature","geometry":{"type":"Polygon","coordinates":[[[80.7656,29.3634],[80.7628,29.3587],[80.7642,29.3526],[80.7593,29.3447],[80.7645,29.3358],[80.761,29.3326],[80.7661,29.3247],[80.771,29.323],[80.7778,29.3158],[80.7733,29.3114],[80.7737,29.3015],[80.7597,29.3083],[80.754,29.308],[80.7501,29.303],[80.739,29.2997],[80.7343,29.292],[80.7453,29.2878],[80.7476,29.2817],[80.7455,29.2748],[80.7523,29.2738],[80.7586,29.2683],[80.7508,29.2572],[80.7406,29.2469],[80.7252,29.236],[80.7174,29.2358],[80.7085,29.2313],[80.7095,29.2252],[80.7036,29.2168],[80.7084,29.2113],[80.7062,29.1927],[80.6952,29.1879],[80.6828,29.1918],[80.6763,29.1889],[80.6722,29.1828],[80.664,29.1832],[80.631,29.1763],[80.6214,29.181],[80.6071,29.1703],[80.6005,29.1704],[80.5938,29.163],[80.5956,29.154],[80.5904,29.1473],[80.5775,29.1475],[80.5691,29.1448],[80.5665,29.1354],[80.5739,29.1302],[80.5686,29.1192],[80.5589,29.1168],[80.5409,29.1076],[80.5284,29.1059],[80.5281,29.1024],[80.5333,29.0915],[80.5426,29.0833],[80.5607,29.076],[80.5628,29.0681],[80.5859,29.059],[80.5911,29.0528],[80.5951,29.0545],[80.5985,29.0481],[80.608,29.0483],[80.6115,29.0553],[80.6173,29.0591],[80.6329,29.0424],[80.6359,29.0359],[80.645,29.0286],[80.6577,29.0224],[80.6799,29.0154],[80.6937,29.0148],[80.7053,29.0095],[80.718,29.0102],[80.7224,29.0071],[80.7272,29.0109],[80.7384,29.0107],[80.7503,29.006],[80.7546,29.0026],[80.7617,29.0033],[80.7624,28.9894],[80.7717,28.9851],[80.7843,28.985],[80.7888,28.9803],[80.8005,28.9768],[80.8081,28.9672],[80.8057,28.9592],[80.8114,28.9541],[80.8076,28.9439],[80.8168,28.9393],[80.8184,28.9316],[80.8276,28.9317],[80.834,28.9374],[80.8389,28.9467],[80.8414,28.9512],[80.8386,28.9552],[80.8523,28.9746],[80.8573,28.9776],[80.8641,28.9754],[80.8672,28.9694],[80.875,28.9696],[80.8837,28.967],[80.8871,28.9599],[80.8828,28.9457],[80.885,28.9404],[80.893,28.9387],[80.8994,28.9346],[80.9053,28.94],[80.9094,28.9391],[80.9153,28.9313],[80.9203,28.9392],[80.9258,28.9427],[80.9394,28.9421],[80.955,28.9358],[80.9707,28.9413],[80.9804,28.939],[80.9827,28.9387],[80.984,28.9414],[80.9942,28.9479],[81.0003,28.9549],[81.0093,28.9575],[81.0206,28.9521],[81.0262,28.9561],[81.031,28.9638],[81.0442,28.9705],[81.0499,28.9779],[81.0661,28.9703],[81.0826,28.9676],[81.0907,28.9678],[81.0983,28.9643],[81.1055,28.9656],[81.1037,28.9698],[81.1101,28.9777],[81.1189,28.974],[81.1335,28.9808],[81.1382,28.9893],[81.147,28.9934],[81.1519,29.006],[81.146,29.0188],[81.1464,29.0234],[81.1464,29.0353],[81.138,29.0426],[81.1372,29.0489],[81.1335,29.0523],[81.1328,29.0597],[81.1246,29.0628],[81.1213,29.0722],[81.1297,29.0783],[81.1288,29.0829],[81.1193,29.084],[81.1108,29.0868],[81.1114,29.0967],[81.1075,29.0993],[81.1037,29.1007],[81.0942,29.1093],[81.0873,29.1182],[81.0768,29.1259],[81.0724,29.1346],[81.0667,29.1364],[81.0672,29.1456],[81.0575,29.149],[81.0606,29.1535],[81.0592,29.1613],[81.0549,29.162],[81.0502,29.1644],[81.0512,29.1692],[81.0462,29.1737],[81.0459,29.1852],[81.0372,29.1893],[81.0346,29.1862],[81.0285,29.189],[81.0296,29.1955],[81.0372,29.199],[81.0442,29.1996],[81.0655,29.1982],[81.0739,29.2018],[81.0764,29.2055],[81.0882,29.2089],[81.0923,29.2148],[81.1014,29.2147],[81.1116,29.2228],[81.1168,29.2343],[81.1112,29.243],[81.0996,29.2472],[81.1018,29.2615],[81.1058,29.2696],[81.1136,29.2796],[81.1133,29.2839],[81.1208,29.2938],[81.1224,29.2993],[81.1374,29.3048],[81.1366,29.3093],[81.138,29.3222],[81.1418,29.33],[81.1465,29.3523],[81.1546,29.3645],[81.1563,29.3776],[81.155,29.3816],[81.1618,29.3855],[81.1717,29.3866],[81.1729,29.3891],[81.1885,29.3978],[81.1878,29.4049],[81.1761,29.4111],[81.1654,29.3947],[81.1574,29.3959],[81.141,29.3943],[81.1401,29.3996],[81.1334,29.4043],[81.1266,29.402],[81.121,29.3957],[81.11,29.3999],[81.1076,29.4043],[81.0974,29.4078],[81.0876,29.4071],[81.083,29.4101],[81.0784,29.4063],[81.07,29.4074],[81.0657,29.4055],[81.0531,29.4106],[81.0366,29.4115],[81.0317,29.4134],[81.0264,29.4197],[81.024,29.4218],[81.0102,29.4198],[81.0021,29.4128],[80.9886,29.4051],[80.9731,29.4004],[80.9631,29.3993],[80.9557,29.4013],[80.941,29.3978],[80.9374,29.4008],[80.9327,29.413],[80.9339,29.4175],[80.9283,29.4254],[80.9191,29.4304],[80.9134,29.4457],[80.9123,29.4449],[80.91,29.4414],[80.8986,29.4321],[80.8947,29.4261],[80.8879,29.4229],[80.8803,29.4168],[80.875,29.4116],[80.8632,29.411],[80.8541,29.408],[80.8618,29.3965],[80.8601,29.3876],[80.8548,29.3786],[80.8472,29.3754],[80.8375,29.3812],[80.8276,29.3709],[80.8225,29.3698],[80.8163,29.3648],[80.8099,29.3665],[80.803,29.3649],[80.7875,29.3664],[80.7763,29.365],[80.7701,29.3572],[80.7656,29.3634]]]},"properties":{"DISTRICT":"DOTI"}},
{"type":"Feature","geometry":{"type":"Polygon","coordinates":[[[81.0178,28.4518],[81.0149,28.4388],[81.021,28.4316],[81.0313,28.4385],[81.0355,28.4279],[81.0185,28.4157],[81.0341,28.3987],[81.0366,28.4133],[81.0477,28.4099],[81.0691,28.3944],[81.0688,28.3995],[81.0609,28.4084],[81.0673,28.4224],[81.078,28.4323],[81.0876,28.4383],[81.0923,28.4568],[81.0972,28.4597],[81.1095,28.4608],[81.1122,28.4626],[81.1165,28.4725],[81.1228,28.4752],[81.1317,28.4821],[81.1404,28.4914],[81.1498,28.4969],[81.1545,28.5018],[81.1619,28.5013],[81.1645,28.5133],[81.1692,28.5232],[81.191,28.5454],[81.2063,28.5584],[81.2208,28.5668],[81.2334,28.5769],[81.2501,28.5938],[81.2623,28.6131],[81.2705,28.6177],[81.2724,28.6295],[81.2834,28.6389],[81.2894,28.6491],[81.2892,28.6634],[81.2871,28.6732],[81.2861,28.6825],[81.2821,28.6963],[81.2688,28.7062],[81.275,28.7176],[81.274,28.7273],[81.2578,28.7299],[81.2617,28.7412],[81.2613,28.7501],[81.2528,28.7547],[81.2487,28.7616],[81.2525,28.7704],[81.2474,28.7819],[81.2347,28.7857],[81.2295,28.7911],[81.2278,28.797],[81.2408,28.803],[81.244,28.8103],[81.2327,28.8155],[81.2314,28.8259],[81.2355,28.8294],[81.226,28.8388],[81.2125,28.8449],[81.2076,28.8508],[81.2096,28.8603],[81.202,28.8626],[81.2017,28.8515],[81.1969,28.833],[81.2069,28.8271],[81.2093,28.8223],[81.2068,28.8174],[81.1835,28.825],[81.1758,28.8349],[81.168,28.8351],[81.1581,28.8285],[81.1544,28.8309],[81.1594,28.8438],[81.1509,28.8526],[81.1468,28.8624],[81.1467,28.8709],[81.1423,28.8731],[81.137,28.8711],[81.1287,28.8617],[81.1272,28.8513],[81.1141,28.8497],[81.1035,28.8452],[81.0944,28.856],[81.0909,28.8628],[81.0764,28.8637],[81.0737,28.8664],[81.0756,28.8751],[81.0684,28.8772],[81.0593,28.8735],[81.0532,28.8768],[81.0492,28.8839],[81.0422,28.8886],[81.0357,28.8984],[81.0321,28.908],[81.0276,28.9115],[81.0233,28.9194],[81.0079,28.9278],[80.9989,28.9291],[80.9827,28.9387],[80.9804,28.939],[80.9707,28.9413],[80.955,28.9358],[80.9394,28.9421],[80.9258,28.9427],[80.9203,28.9392],[80.9153,28.9313],[80.9094,28.9391],[80.9053,28.94],[80.8994,28.9346],[80.893,28.9387],[80.885,28.9404],[80.8828,28.9457],[80.8871,28.9599],[80.8837,28.967],[80.875,28.9696],[80.8672,28.9694],[80.8641,28.9754],[80.8573,28.9776],[80.8523,28.9746],[80.8386,28.9552],[80.8414,28.9512],[80.8389,28.9467],[80.834,28.9374],[80.8276,28.9317],[80.8184,28.9316],[80.8168,28.9393],[80.8076,28.9439],[80.8114,28.9541],[80.8057,28.9592],[80.8081,28.9672],[80.8005,28.9768],[80.7888,28.9803],[80.7843,28.985],[80.7717,28.9851],[80.7624,28.9894],[80.7617,29.0033],[80.7546,29.0026],[80.7503,29.006],[80.7384,29.0107],[80.7272,29.0109],[80.7224,29.0071],[80.718,29.0102],[80.7053,29.0095],[80.6937,29.0148],[80.6799,29.0154],[80.6577,29.0224],[80.645,29.0286],[80.6359,29.0359],[80.6329,29.0424],[80.6173,29.0591],[80.6115,29.0553],[80.608,29.0483],[80.5985,29.0481],[80.5951,29.0545],[80.5911,29.0528],[80.5859,29.059],[80.5628,29.0681],[80.5589,29.0582],[80.5463,29.0493],[80.5486,29.0386],[80.5359,29.0297],[80.5354,29.0203],[80.5372,29.0139],[80.5277,29.0092],[80.5202,29.0036],[80.5207,28.9992],[80.5133,28.9964],[80.5064,28.9964],[80.5031,28.9933],[80.4899,28.9953],[80.4874,28.9982],[80.4855,28.9943],[80.4912,28.9857],[80.49,28.9774],[80.4853,28.9701],[80.4833,28.9596],[80.4743,28.9475],[80.4698,28.9386],[80.4763,28.9397],[80.4833,28.9368],[80.4893,28.9268],[80.4973,28.9229],[80.5072,28.9252],[80.5125,28.9192],[80.5051,28.9125],[80.5058,28.9014],[80.5095,28.8968],[80.5054,28.8877],[80.5071,28.8794],[80.5026,28.8705],[80.5042,28.8643],[80.4989,28.8574],[80.5052,28.8409],[80.5134,28.8312],[80.5202,28.8291],[80.516,28.8241],[80.5196,28.8196],[80.5127,28.8151],[80.5216,28.8109],[80.5309,28.8022],[80.5328,28.7966],[80.5463,28.7862],[80.5519,28.7778],[80.5503,28.772],[80.5402,28.7714],[80.5403,28.765],[80.5427,28.7563],[80.5466,28.7518],[80.5541,28.7494],[80.5517,28.744],[80.5414,28.7362],[80.5529,28.7332],[80.5573,28.7255],[80.5482,28.7114],[80.5415,28.7165],[80.5398,28.7133],[80.5455,28.701],[80.5445,28.6961],[80.5503,28.6952],[80.5559,28.6907],[80.5704,28.6879],[80.5921,28.6797],[80.5819,28.6612],[80.5993,28.6559],[80.5914,28.6477],[80.6079,28.6523],[80.6133,28.6392],[80.635,28.6373],[80.6432,28.6432],[80.6529,28.6339],[80.6693,28.6418],[80.6725,28.6283],[80.6813,28.6204],[80.6791,28.6043],[80.6973,28.6034],[80.692,28.587],[80.7056,28.5787],[80.7163,28.5678],[80.7265,28.5746],[80.7403,28.5658],[80.7401,28.5742],[80.7515,28.5707],[80.7697,28.5655],[80.7712,28.5496],[80.7844,28.5467],[80.791,28.5435],[80.7863,28.5292],[80.7907,28.5243],[80.8015,28.5211],[80.8172,28.5206],[80.8317,28.5117],[80.8453,28.4997],[80.8462,28.4953],[80.857,28.497],[80.8673,28.4895],[80.8633,28.5041],[80.8776,28.5097],[80.8978,28.5056],[80.9015,28.5004],[80.9089,28.4981],[80.9086,28.4896],[80.9032,28.4858],[80.9074,28.4657],[80.9174,28.4576],[80.9193,28.4597],[80.9323,28.4576],[80.9341,28.463],[80.9443,28.4684],[80.947,28.4661],[80.9341,28.4586],[80.9465,28.4547],[80.9535,28.4554],[80.9535,28.4475],[80.9658,28.4495],[80.9688,28.4569],[80.9816,28.4552],[80.9666,28.4447],[80.967,28.4377],[80.9808,28.4343],[80.9796,28.4424],[80.9909,28.4416],[81.0015,28.4539],[81.0178,28.4518]]]},"properties":{"DISTRICT":"KAILALI"}},
{"type":"Feature","geometry":{"type":"Polygon","coordinates":[[[80.2236,29.0568],[80.2131,29.0575],[80.2127,29.0674],[80.2057,29.0719],[80.1931,29.0859],[80.1881,29.0867],[80.1866,29.0962],[80.187,29.1081],[80.19,29.1122],[80.1884,29.1283],[80.186,29.1373],[80.1798,29.1285],[80.1682,29.1246],[80.1656,29.1169],[80.1461,29.103],[80.1302,29.061],[80.1382,29.0589],[80.1281,29.0317],[80.133,29.0304],[80.1262,29.013],[80.138,29.0096],[80.1285,29.006],[80.1196,28.9816],[80.1098,28.9844],[80.1019,28.9864],[80.0977,28.9753],[80.0601,28.9164],[80.0664,28.8373],[80.0767,28.8243],[80.1089,28.8277],[80.1198,28.8288],[80.1401,28.8138],[80.173,28.7821],[80.2177,28.7553],[80.2268,28.7572],[80.2365,28.7592],[80.2476,28.756],[80.2523,28.7578],[80.2636,28.7489],[80.2668,28.7435],[80.264,28.7333],[80.2579,28.7293],[80.2686,28.7208],[80.2797,28.7097],[80.2921,28.7115],[80.3006,28.7064],[80.3101,28.7044],[80.319,28.6998],[80.3224,28.6949],[80.3244,28.6864],[80.3229,28.6812],[80.3276,28.6663],[80.339,28.6607],[80.355,28.6503],[80.3609,28.6369],[80.3693,28.6352],[80.378,28.6283],[80.4063,28.6348],[80.4164,28.6391],[80.428,28.6376],[80.4397,28.635],[80.446,28.6283],[80.451,28.629],[80.4622,28.6216],[80.4679,28.6007],[80.4734,28.5902],[80.4733,28.5826],[80.4808,28.5854],[80.4972,28.5747],[80.5015,28.5696],[80.5091,28.5671],[80.5171,28.5569],[80.5245,28.5528],[80.5322,28.5716],[80.5234,28.5767],[80.5165,28.6159],[80.513,28.6237],[80.5052,28.6652],[80.5078,28.6709],[80.5415,28.6906],[80.5559,28.6907],[80.5503,28.6952],[80.5445,28.6961],[80.5455,28.701],[80.5398,28.7133],[80.5415,28.7165],[80.5482,28.7114],[80.5573,28.7255],[80.5529,28.7332],[80.5414,28.7362],[80.5517,28.744],[80.5541,28.7494],[80.5466,28.7518],[80.5427,28.7563],[80.5403,28.765],[80.5402,28.7714],[80.5503,28.772],[80.5519,28.7778],[80.5463,28.7862],[80.5328,28.7966],[80.5309,28.8022],[80.5216,28.8109],[80.5127,28.8151],[80.5196,28.8196],[80.516,28.8241],[80.5202,28.8291],[80.5134,28.8312],[80.5052,28.8409],[80.4989,28.8574],[80.5042,28.8643],[80.5026,28.8705],[80.5071,28.8794],[80.5054,28.8877],[80.5095,28.8968],[80.5058,28.9014],[80.5051,28.9125],[80.5125,28.9192],[80.5072,28.9252],[80.4973,28.9229],[80.4893,28.9268],[80.4833,28.9368],[80.4763,28.9397],[80.4698,28.9386],[80.4743,28.9475],[80.4833,28.9596],[80.4853,28.9701],[80.49,28.9774],[80.4912,28.9857],[80.4855,28.9943],[80.4874,28.9982],[80.4814,28.9939],[80.4735,28.9968],[80.4747,29.0041],[80.4784,29.0075],[80.4799,29.0176],[80.4725,29.0184],[80.4698,29.0298],[80.4626,29.0315],[80.4611,29.0375],[80.457,29.0351],[80.4453,29.0343],[80.4349,29.0288],[80.422,29.0264],[80.4068,29.0363],[80.3999,29.037],[80.3936,29.0409],[80.3908,29.046],[80.3849,29.0473],[80.3792,29.0435],[80.3562,29.0493],[80.3498,29.054],[80.3443,29.0542],[80.3266,29.0513],[80.3029,29.0585],[80.2952,29.057],[80.2794,29.0498],[80.273,29.0481],[80.2678,29.0516],[80.2529,29.0525],[80.2293,29.0455],[80.2241,29.051],[80.2236,29.0568]]]},"properties":{"DISTRICT":"KANCHANPUR"}},
{"type":"Feature","geometry":{"type":"Polygon","coordinates":[[[80.4076,29.3566],[80.4036,29.3607],[80.3811,29.3539],[80.3731,29.3475],[80.37,29.35],[80.3674,29.3404],[80.372,29.3359],[80.366,29.3336],[80.3625,29.3272],[80.3526,29.3323],[80.3523,29.3279],[80.3454,29.3271],[80.3349,29.3183],[80.3358,29.3122],[80.3281,29.3085],[80.3187,29.3133],[80.3196,29.3016],[80.3127,29.2911],[80.306,29.2853],[80.3057,29.2728],[80.301,29.2622],[80.3008,29.24],[80.2924,29.2319],[80.2977,29.2214],[80.2964,29.2161],[80.2958,29.2107],[80.2991,29.2055],[80.2948,29.1971],[80.2897,29.195],[80.2767,29.207],[80.2634,29.2063],[80.26,29.2093],[80.2587,29.2179],[80.2508,29.2213],[80.2427,29.2042],[80.2436,29.2004],[80.2525,29.195],[80.2596,29.1873],[80.2623,29.1737],[80.26,29.1658],[80.268,29.1526],[80.2735,29.1467],[80.2708,29.1405],[80.2578,29.1391],[80.252,29.1311],[80.2369,29.1191],[80.2334,29.1184],[80.2114,29.1218],[80.2051,29.1293],[80.1983,29.1307],[80.186,29.1373],[80.1884,29.1283],[80.19,29.1122],[80.187,29.1081],[80.1866,29.0962],[80.1881,29.0867],[80.1931,29.0859],[80.2057,29.0719],[80.2127,29.0674],[80.2131,29.0575],[80.2236,29.0568],[80.2241,29.051],[80.2293,29.0455],[80.2529,29.0525],[80.2678,29.0516],[80.273,29.0481],[80.2794,29.0498],[80.2952,29.057],[80.3029,29.0585],[80.3266,29.0513],[80.3443,29.0542],[80.3498,29.054],[80.3562,29.0493],[80.3792,29.0435],[80.3849,29.0473],[80.3908,29.046],[80.3936,29.0409],[80.3999,29.037],[80.4068,29.0363],[80.422,29.0264],[80.4349,29.0288],[80.4453,29.0343],[80.457,29.0351],[80.4611,29.0375],[80.4626,29.0315],[80.4698,29.0298],[80.4725,29.0184],[80.4799,29.0176],[80.4784,29.0075],[80.4747,29.0041],[80.4735,28.9968],[80.4814,28.9939],[80.4874,28.9982],[80.4899,28.9953],[80.5031,28.9933],[80.5064,28.9964],[80.5133,28.9964],[80.5207,28.9992],[80.5202,29.0036],[80.5277,29.0092],[80.5372,29.0139],[80.5354,29.0203],[80.5359,29.0297],[80.5486,29.0386],[80.5463,29.0493],[80.5589,29.0582],[80.5628,29.0681],[80.5607,29.076],[80.5426,29.0833],[80.5333,29.0915],[80.5281,29.1024],[80.5284,29.1059],[80.5409,29.1076],[80.5589,29.1168],[80.5686,29.1192],[80.5739,29.1302],[80.5665,29.1354],[80.5691,29.1448],[80.5775,29.1475],[80.5904,29.1473],[80.5956,29.154],[80.5938,29.163],[80.6005,29.1704],[80.6071,29.1703],[80.6214,29.181],[80.631,29.1763],[80.664,29.1832],[80.6722,29.1828],[80.6763,29.1889],[80.6828,29.1918],[80.6952,29.1879],[80.7062,29.1927],[80.7084,29.2113],[80.7036,29.2168],[80.7095,29.2252],[80.7085,29.2313],[80.7174,29.2358],[80.7252,29.236],[80.7406,29.2469],[80.7508,29.2572],[80.7586,29.2683],[80.7523,29.2738],[80.7455,29.2748],[80.7476,29.2817],[80.7453,29.2878],[80.7343,29.292],[80.739,29.2997],[80.7501,29.303],[80.754,29.308],[80.7597,29.3083],[80.7737,29.3015],[80.7733,29.3114],[80.7778,29.3158],[80.771,29.323],[80.7661,29.3247],[80.761,29.3326],[80.7645,29.3358],[80.7593,29.3447],[80.7642,29.3526],[80.7628,29.3587],[80.7656,29.3634],[80.7701,29.3572],[80.7763,29.365],[80.7875,29.3664],[80.7851,29.375],[80.7802,29.3794],[80.7642,29.3855],[80.7642,29.3915],[80.7692,29.3995],[80.7482,29.4005],[80.7341,29.4045],[80.7238,29.409],[80.7203,29.4186],[80.7137,29.4143],[80.708,29.4147],[80.7043,29.4196],[80.698,29.4198],[80.6838,29.4251],[80.6706,29.4189],[80.6797,29.4097],[80.6804,29.4016],[80.6673,29.3967],[80.6593,29.3921],[80.6522,29.3825],[80.6468,29.3864],[80.6372,29.3856],[80.6282,29.3882],[80.6249,29.3898],[80.6173,29.3965],[80.5832,29.3967],[80.578,29.4118],[80.5735,29.4144],[80.5636,29.415],[80.552,29.4182],[80.5495,29.4114],[80.5496,29.3987],[80.5445,29.3986],[80.5389,29.3933],[80.5306,29.3918],[80.518,29.3923],[80.5093,29.3944],[80.5042,29.3989],[80.4889,29.3924],[80.4841,29.3868],[80.4658,29.3922],[80.4595,29.3961],[80.4471,29.3889],[80.4418,29.3878],[80.4396,29.3933],[80.4328,29.3925],[80.4271,29.3851],[80.4263,29.3798],[80.4211,29.3784],[80.4174,29.3737],[80.4195,29.3616],[80.4076,29.3566]]]},"properties":{"DISTRICT":"DADELDHURA"}},
{"type":"Feature","geometry":{"type":"Polygon","coordinates":[[[80.3501,29.5235],[80.3513,29.5189],[80.343,29.51],[80.3337,29.5127],[80.3304,29.5053],[80.3168,29.5],[80.3148,29.4845],[80.2977,29.4879],[80.2947,29.4789],[80.2887,29.4774],[80.2897,29.472],[80.3042,29.4531],[80.299,29.4508],[80.2816,29.4512],[80.2808,29.4585],[80.2689,29.4486],[80.2592,29.4516],[80.2573,29.448],[80.2477,29.4467],[80.2447,29.4411],[80.249,29.4368],[80.2457,29.4235],[80.2476,29.4161],[80.2433,29.4116],[80.2658,29.3972],[80.2734,29.3952],[80.2746,29.3879],[80.2802,29.3781],[80.2734,29.3711],[80.2737,29.3629],[80.2804,29.3601],[80.2818,29.3462],[80.2914,29.3374],[80.2926,29.3307],[80.2979,29.3242],[80.3113,29.3221],[80.3187,29.3133],[80.3281,29.3085],[80.3358,29.3122],[80.3349,29.3183],[80.3454,29.3271],[80.3523,29.3279],[80.3526,29.3323],[80.3625,29.3272],[80.366,29.3336],[80.372,29.3359],[80.3674,29.3404],[80.37,29.35],[80.3731,29.3475],[80.3811,29.3539],[80.4036,29.3607],[80.4076,29.3566],[80.4195,29.3616],[80.4174,29.3737],[80.4211,29.3784],[80.4263,29.3798],[80.4271,29.3851],[80.4328,29.3925],[80.4396,29.3933],[80.4418,29.3878],[80.4471,29.3889],[80.4595,29.3961],[80.4658,29.3922],[80.4841,29.3868],[80.4889,29.3924],[80.5042,29.3989],[80.5093,29.3944],[80.518,29.3923],[80.5306,29.3918],[80.5389,29.3933],[80.5445,29.3986],[80.5496,29.3987],[80.5495,29.4114],[80.552,29.4182],[80.5636,29.415],[80.5735,29.4144],[80.578,29.4118],[80.5832,29.3967],[80.6173,29.3965],[80.6249,29.3898],[80.6282,29.3882],[80.6372,29.3856],[80.6468,29.3864],[80.6522,29.3825],[80.6593,29.3921],[80.6673,29.3967],[80.6804,29.4016],[80.6797,29.4097],[80.6706,29.4189],[80.6838,29.4251],[80.698,29.4198],[80.7043,29.4196],[80.708,29.4147],[80.7137,29.4143],[80.7203,29.4186],[80.7238,29.409],[80.7341,29.4045],[80.7482,29.4005],[80.7692,29.3995],[80.7642,29.3915],[80.7642,29.3855],[80.7802,29.3794],[80.7851,29.375],[80.7875,29.3664],[80.803,29.3649],[80.8099,29.3665],[80.8163,29.3648],[80.8225,29.3698],[80.8276,29.3709],[80.8375,29.3812],[80.8472,29.3754],[80.8548,29.3786],[80.8601,29.3876],[80.8618,29.3965],[80.8541,29.408],[80.8632,29.411],[80.875,29.4116],[80.8803,29.4168],[80.8879,29.4229],[80.8947,29.4261],[80.8986,29.4321],[80.91,29.4414],[80.8992,29.4441],[80.887,29.442],[80.8813,29.4531],[80.8778,29.4628],[80.8728,29.4665],[80.865,29.4655],[80.8581,29.4691],[80.8544,29.4795],[80.8466,29.4894],[80.8243,29.5008],[80.8244,29.511],[80.8159,29.5143],[80.8064,29.5152],[80.7943,29.5066],[80.788,29.5077],[80.7823,29.5233],[80.7725,29.5245],[80.75,29.5307],[80.7484,29.5433],[80.749,29.5514],[80.7579,29.5565],[80.7713,29.5537],[80.7782,29.5626],[80.7773,29.5663],[80.7816,29.5721],[80.7788,29.575],[80.7804,29.5892],[80.7828,29.5902],[80.7883,29.6027],[80.7894,29.6133],[80.7866,29.6172],[80.7826,29.6329],[80.7926,29.6414],[80.786,29.6455],[80.7732,29.6423],[80.7637,29.6475],[80.7659,29.6512],[80.7647,29.662],[80.7718,29.6683],[80.7811,29.6678],[80.7813,29.6759],[80.7892,29.6779],[80.7967,29.6835],[80.7977,29.6883],[80.7955,29.6886],[80.7824,29.7018],[80.7674,29.7017],[80.7566,29.7079],[80.7443,29.7044],[80.7371,29.7058],[80.7322,29.7038],[80.7175,29.7024],[80.709,29.6996],[80.7027,29.7048],[80.6974,29.7061],[80.6873,29.704],[80.6843,29.6997],[80.676,29.6872],[80.667,29.6857],[80.6616,29.6823],[80.6532,29.6812],[80.6406,29.6897],[80.6345,29.6906],[80.6257,29.6868],[80.6211,29.6881],[80.6083,29.6866],[80.603,29.6918],[80.5921,29.6905],[80.5877,29.6883],[80.5746,29.6871],[80.571,29.6792],[80.5529,29.668],[80.5393,29.6639],[80.5296,29.6567],[80.5196,29.6529],[80.5081,29.6448],[80.5069,29.6389],[80.5003,29.6322],[80.4968,29.6242],[80.4812,29.6231],[80.4687,29.6204],[80.4619,29.6244],[80.4515,29.6253],[80.4437,29.6165],[80.4385,29.6202],[80.4309,29.6182],[80.4277,29.6121],[80.4187,29.6129],[80.4195,29.6069],[80.4106,29.605],[80.4099,29.5959],[80.4049,29.5896],[80.3931,29.5816],[80.3896,29.5718],[80.3805,29.5703],[80.3807,29.5615],[80.3641,29.5627],[80.3657,29.5566],[80.351,29.5553],[80.3444,29.5529],[80.3473,29.5484],[80.3431,29.5417],[80.3507,29.5402],[80.3597,29.5325],[80.3568,29.5275],[80.3501,29.5235]]]},"properties":{"DISTRICT":"BAITADI"}},
{"type":"Feature","geometry":{"type":"Polygon","coordinates":[[[81.0167,29.9807],[81.0277,29.9875],[81.04,30.0084],[81.0398,30.0151],[81.049,30.0219],[81.0553,30.0241],[81.0703,30.0435],[81.0804,30.0465],[81.0861,30.0525],[81.0926,30.0542],[81.1006,30.0646],[81.1029,30.0752],[81.1074,30.0774],[81.1105,30.0862],[81.1037,30.0972],[81.0958,30.1007],[81.0904,30.0991],[81.083,30.1006],[81.086,30.1064],[81.0862,30.1171],[81.0801,30.1244],[81.0846,30.1358],[81.0849,30.1481],[81.0786,30.1552],[81.0658,30.1589],[81.0633,30.1678],[81.0529,30.1795],[81.0473,30.1796],[81.0442,30.1936],[81.0354,30.1969],[81.0366,30.202],[81.0451,30.2047],[81.0469,30.2101],[81.0418,30.2155],[81.0306,30.2202],[81.0276,30.2268],[81.0323,30.2385],[81.0308,30.2431],[81.0337,30.2494],[81.0244,30.251],[81.0219,30.254],[81.0098,30.257],[81.0102,30.2627],[81.0033,30.267],[80.9912,30.2707],[80.9869,30.2681],[80.9782,30.2727],[80.9693,30.2719],[80.954,30.2731],[80.9419,30.2696],[80.9354,30.2661],[80.9286,30.2712],[80.9285,30.2765],[80.9325,30.2813],[80.9273,30.2865],[80.9156,30.2916],[80.9046,30.3025],[80.8936,30.3043],[80.8872,30.3024],[80.8759,30.3039],[80.8737,30.3095],[80.8643,30.3173],[80.8476,30.3204],[80.8361,30.3168],[80.8277,30.3183],[80.8206,30.3268],[80.804,30.3276],[80.8044,30.3363],[80.7927,30.3423],[80.7862,30.3505],[80.7862,30.3583],[80.7815,30.3588],[80.7774,30.3658],[80.7641,30.3748],[80.7604,30.3792],[80.7528,30.383],[80.7509,30.3905],[80.747,30.3917],[80.7374,30.4009],[80.731,30.4042],[80.7098,30.4201],[80.7025,30.4164],[80.6897,30.4177],[80.6874,30.4234],[80.6807,30.4247],[80.6799,30.4306],[80.6695,30.4366],[80.6601,30.4454],[80.6498,30.4484],[80.6427,30.4532],[80.638,30.4529],[80.6296,30.4588],[80.6252,30.4644],[80.6155,30.461],[80.6109,30.4653],[80.608,30.4731],[80.6007,30.4731],[80.5988,30.468],[80.5859,30.4685],[80.5792,30.4644],[80.5667,30.464],[80.5668,30.4597],[80.5612,30.4541],[80.5511,30.4492],[80.5424,30.4484],[80.538,30.4412],[80.53,30.4362],[80.5304,30.4301],[80.5272,30.4253],[80.541,30.4153],[80.5585,30.428],[80.5674,30.4374],[80.5751,30.4424],[80.5845,30.4456],[80.5921,30.4457],[80.6042,30.4494],[80.6135,30.4456],[80.624,30.433],[80.6246,30.4249],[80.6308,30.418],[80.6279,30.4145],[80.6297,30.4089],[80.6361,30.4031],[80.6357,30.3987],[80.6403,30.3906],[80.6487,30.3866],[80.6574,30.378],[80.663,30.3531],[80.6679,30.3448],[80.6844,30.3352],[80.6918,30.3331],[80.7026,30.3344],[80.7164,30.3297],[80.7204,30.3252],[80.7362,30.3163],[80.7357,30.3116],[80.7449,30.3065],[80.7546,30.3082],[80.7607,30.302],[80.7627,30.2946],[80.7615,30.2887],[80.7633,30.2795],[80.7684,30.2783],[80.7844,30.2601],[80.7886,30.2501],[80.7975,30.2385],[80.8148,30.2246],[80.8196,30.2247],[80.829,30.2085],[80.8347,30.2052],[80.8412,30.1938],[80.8557,30.1816],[80.8562,30.1776],[80.8732,30.1607],[80.8727,30.1533],[80.8804,30.1325],[80.8758,30.1262],[80.8697,30.1254],[80.8483,30.1169],[80.8436,30.1104],[80.847,30.1023],[80.8378,30.0973],[80.8235,30.0998],[80.8034,30.0856],[80.7968,30.0779],[80.7812,30.0567],[80.7673,30.052],[80.7627,30.0491],[80.7577,30.0401],[80.7574,30.0309],[80.7599,30.028],[80.7533,30.0126],[80.7494,30.0066],[80.7403,29.9997],[80.7213,30.0003],[80.7141,29.9902],[80.7063,29.9857],[80.7022,29.98],[80.6923,29.9747],[80.6797,29.9589],[80.6731,29.9574],[80.6503,29.9559],[80.6409,29.9621],[80.632,29.9652],[80.6242,29.9643],[80.6099,29.9586],[80.606,29.959],[80.597,29.9529],[80.5831,29.9363],[80.576,29.9235],[80.5714,29.909],[80.5732,29.901],[80.5744,29.8959],[80.5682,29.8802],[80.5585,29.8696],[80.5609,29.8647],[80.5532,29.8563],[80.5552,29.8533],[80.5461,29.8465],[80.5396,29.8456],[80.5376,29.8387],[80.5337,29.8387],[80.5235,29.827],[80.509,29.8231],[80.4991,29.8116],[80.4941,29.7954],[80.4794,29.7973],[80.4665,29.8022],[80.4551,29.8022],[80.4459,29.7991],[80.4361,29.8059],[80.4318,29.799],[80.4177,29.7957],[80.4148,29.7919],[80.408,29.7895],[80.4086,29.7836],[80.4018,29.7742],[80.398,29.7632],[80.3879,29.7593],[80.3881,29.7514],[80.3746,29.7492],[80.3697,29.7506],[80.3658,29.7401],[80.3712,29.7335],[80.3677,29.729],[80.3788,29.7025],[80.3809,29.7016],[80.3824,29.688],[80.3859,29.6816],[80.3871,29.6734],[80.3913,29.6716],[80.3934,29.6638],[80.3998,29.6588],[80.4088,29.6591],[80.4128,29.6535],[80.4182,29.6505],[80.4157,29.6447],[80.4218,29.6393],[80.4206,29.6269],[80.4124,29.625],[80.4076,29.612],[80.4106,29.605],[80.4195,29.6069],[80.4187,29.6129],[80.4277,29.6121],[80.4309,29.6182],[80.4385,29.6202],[80.4437,29.6165],[80.4515,29.6253],[80.4619,29.6244],[80.4687,29.6204],[80.4812,29.6231],[80.4968,29.6242],[80.5003,29.6322],[80.5069,29.6389],[80.5081,29.6448],[80.5196,29.6529],[80.5296,29.6567],[80.5393,29.6639],[80.5529,29.668],[80.571,29.6792],[80.5746,29.6871],[80.5877,29.6883],[80.5921,29.6905],[80.603,29.6918],[80.6083,29.6866],[80.6211,29.6881],[80.6257,29.6868],[80.6345,29.6906],[80.6406,29.6897],[80.6532,29.6812],[80.6616,29.6823],[80.667,29.6857],[80.676,29.6872],[80.6843,29.6997],[80.6873,29.704],[80.6974,29.7061],[80.7027,29.7048],[80.709,29.6996],[80.7175,29.7024],[80.7322,29.7038],[80.7371,29.7058],[80.7443,29.7044],[80.7566,29.7079],[80.7674,29.7017],[80.7824,29.7018],[80.7955,29.6886],[80.7977,29.6883],[80.8129,29.6841],[80.8176,29.6869],[80.8254,29.6863],[80.83,29.6904],[80.8421,29.6874],[80.8472,29.6934],[80.86,29.696],[80.8664,29.7063],[80.8726,29.7074],[80.88,29.7122],[80.8919,29.7139],[80.8984,29.7203],[80.9087,29.7247],[80.9209,29.7247],[80.9331,29.7298],[80.9416,29.7355],[80.9477,29.7355],[80.9598,29.7265],[80.974,29.7222],[80.9857,29.734],[80.9899,29.7411],[81,29.7426],[81.0048,29.7406],[81.0115,29.7459],[81.0263,29.7436],[81.0345,29.7436],[81.043,29.7523],[81.0585,29.7577],[81.0643,29.7685],[81.0658,29.7843],[81.0641,29.7938],[81.0696,29.7959],[81.0727,29.8175],[81.0716,29.8284],[81.0653,29.827],[81.0418,29.8407],[81.0399,29.8464],[81.0422,29.8601],[81.0384,29.8646],[81.0396,29.8755],[81.0425,29.8817],[81.0321,29.8955],[81.0313,29.9036],[81.0276,29.9082],[81.0169,29.9143],[81.0134,29.9188],[81.0047,29.9233],[81.0024,29.9278],[81.004,29.9362],[81.0157,29.9475],[81.0186,29.9542],[81.0233,29.9587],[81.0194,29.9678],[81.0221,29.9743],[81.0167,29.9807]]]},"properties":{"DISTRICT":"DARCHULA"}},
{"type":"Feature","geometry":{"type":"Polygon","coordinates":[[[83.9467,27.4656],[83.9457,27.4733],[83.9406,27.4882],[83.9432,27.4937],[83.9598,27.5002],[83.9686,27.506],[83.9715,27.5159],[83.967,27.523],[83.9586,27.5269],[83.953,27.5263],[83.9497,27.5199],[83.944,27.5155],[83.9322,27.5128],[83.9241,27.5179],[83.9242,27.5247],[83.9208,27.5328],[83.9221,27.5409],[83.9265,27.5444],[83.9344,27.5451],[83.95,27.5399],[83.957,27.5434],[83.9598,27.5482],[83.9713,27.5503],[83.9835,27.545],[83.9941,27.5432],[84,27.5452],[84.0102,27.5438],[84.0164,27.5396],[84.0275,27.5369],[84.0386,27.5385],[84.0439,27.5451],[84.0478,27.5539],[84.0546,27.5563],[84.0665,27.5511],[84.0767,27.5593],[84.0924,27.5545],[84.1094,27.5515],[84.1168,27.5531],[84.1277,27.5659],[84.1283,27.5711],[84.1374,27.5843],[84.1438,27.5886],[84.1519,27.5972],[84.1619,27.6034],[84.1767,27.6175],[84.208,27.6382],[84.2203,27.6434],[84.2327,27.6459],[84.2432,27.6516],[84.2529,27.6539],[84.2583,27.6508],[84.2723,27.6623],[84.2945,27.6681],[84.3228,27.6842],[84.3262,27.6894],[84.3321,27.6963],[84.3508,27.7029],[84.3568,27.701],[84.3647,27.6954],[84.366,27.6901],[84.3718,27.6845],[84.3802,27.6811],[84.4103,27.6962],[84.4301,27.7035],[84.4328,27.7056],[84.4329,27.713],[84.4242,27.7411],[84.4254,27.7477],[84.4193,27.759],[84.4063,27.7631],[84.4007,27.7709],[84.3943,27.7753],[84.3786,27.7788],[84.3703,27.7748],[84.3642,27.7602],[84.3629,27.7534],[84.3535,27.7487],[84.3448,27.7502],[84.3411,27.7441],[84.3362,27.7487],[84.3273,27.7485],[84.3246,27.7583],[84.3188,27.7618],[84.3177,27.7669],[84.3204,27.7746],[84.316,27.7852],[84.3022,27.7922],[84.3018,27.7959],[84.3001,27.8057],[84.3042,27.8102],[84.303,27.8151],[84.3079,27.8183],[84.3023,27.8224],[84.2946,27.8365],[84.2849,27.8378],[84.2747,27.8362],[84.268,27.8385],[84.2536,27.8386],[84.248,27.8452],[84.2417,27.8463],[84.2258,27.8375],[84.2225,27.844],[84.2169,27.8465],[84.2083,27.8414],[84.209,27.8499],[84.2022,27.8515],[84.1914,27.8466],[84.1762,27.8522],[84.1716,27.8455],[84.1583,27.8395],[84.1588,27.8472],[84.1518,27.8473],[84.1467,27.8502],[84.1313,27.8456],[84.1313,27.856],[84.1288,27.859],[84.1219,27.8591],[84.1233,27.8538],[84.1156,27.8529],[84.1121,27.861],[84.1047,27.8548],[84.0978,27.8582],[84.1025,27.8663],[84.0802,27.8694],[84.0717,27.8629],[84.0695,27.8562],[84.0557,27.8489],[84.0513,27.8557],[84.045,27.8544],[84.0393,27.8577],[84.0306,27.8562],[84.0246,27.8483],[84.0223,27.8407],[84.0271,27.8351],[84.0287,27.8295],[84.0268,27.818],[84.0172,27.8115],[84.0145,27.801],[84.0072,27.7954],[84.0025,27.7885],[84.0021,27.7774],[84.0001,27.7727],[83.9962,27.7663],[83.9944,27.7534],[83.988,27.7479],[83.9788,27.7474],[83.9731,27.7496],[83.9626,27.7481],[83.947,27.744],[83.9303,27.734],[83.9263,27.7267],[83.9187,27.7285],[83.9152,27.7309],[83.8895,27.732],[83.8712,27.7345],[83.8538,27.7331],[83.8474,27.7349],[83.844,27.7309],[83.8462,27.7269],[83.8483,27.7093],[83.8357,27.7138],[83.8273,27.7139],[83.8231,27.7105],[83.813,27.7141],[83.8035,27.7211],[83.7944,27.7217],[83.7887,27.7245],[83.778,27.7238],[83.7584,27.72],[83.7532,27.7208],[83.7415,27.7148],[83.7344,27.714],[83.7315,27.7094],[83.7253,27.7098],[83.7173,27.7151],[83.6964,27.7161],[83.6937,27.7186],[83.6848,27.718],[83.692,27.7063],[83.6918,27.698],[83.703,27.6881],[83.7065,27.6819],[83.7014,27.6761],[83.7009,27.6698],[83.6973,27.6619],[83.7051,27.662],[83.7079,27.6587],[83.7179,27.6632],[83.7225,27.6697],[83.7272,27.6723],[83.7353,27.6691],[83.7428,27.6695],[83.749,27.6666],[83.7603,27.6672],[83.7652,27.661],[83.7704,27.6664],[83.7862,27.6667],[83.8018,27.6653],[83.8139,27.6622],[83.809,27.6476],[83.8118,27.635],[83.8031,27.6292],[83.8072,27.6206],[83.7993,27.6185],[83.802,27.6123],[83.7926,27.6049],[83.8032,27.596],[83.8083,27.5967],[83.8161,27.5891],[83.8258,27.5919],[83.8382,27.5856],[83.8431,27.574],[83.8337,27.5655],[83.8347,27.5596],[83.8394,27.5513],[83.8491,27.5602],[83.8527,27.5588],[83.8559,27.5505],[83.8605,27.5456],[83.8718,27.5416],[83.8845,27.5277],[83.8848,27.5231],[83.8804,27.5201],[83.8777,27.5104],[83.8829,27.5075],[83.8889,27.5083],[83.8965,27.5035],[83.8998,27.4986],[83.8924,27.4986],[83.8857,27.4959],[83.8768,27.4895],[83.8801,27.4847],[83.8872,27.4808],[83.8886,27.4724],[83.8858,27.4638],[83.8919,27.4615],[83.8892,27.4549],[83.8912,27.4433],[83.8976,27.4376],[83.9108,27.4397],[83.9333,27.4494],[83.9414,27.4549],[83.9467,27.4656]]]},"properties":{"DISTRICT":"NAWALPARASI EAST"}},
{"type":"Feature","geometry":{"type":"Polygon","coordinates":[[[82.8793,28.5153],[82.8971,28.5155],[82.916,28.5275],[82.9136,28.5292],[82.9155,28.5377],[82.9138,28.5427],[82.9168,28.5526],[82.9182,28.5643],[82.9224,28.5669],[82.9304,28.567],[82.9426,28.5612],[82.945,28.558],[82.9535,28.5558],[82.9576,28.5513],[82.962,28.5517],[82.9758,28.5422],[82.9822,28.5503],[82.9877,28.5698],[82.9814,28.5749],[82.9746,28.5751],[82.9642,28.5818],[82.9566,28.5929],[82.9548,28.5991],[82.9593,28.6114],[82.969,28.6153],[82.9765,28.626],[82.9849,28.6307],[82.9923,28.6257],[83,28.6234],[83.0119,28.6234],[83.0211,28.6216],[83.0267,28.6263],[83.0375,28.6256],[83.0448,28.6298],[83.053,28.6257],[83.0595,28.62],[83.0692,28.6233],[83.0828,28.6255],[83.0863,28.6307],[83.0992,28.6351],[83.1094,28.6321],[83.1168,28.6307],[83.1171,28.6425],[83.1252,28.6539],[83.127,28.6639],[83.1204,28.6706],[83.1247,28.6766],[83.1295,28.674],[83.1403,28.675],[83.1483,28.6814],[83.1444,28.6896],[83.1506,28.6948],[83.1545,28.701],[83.152,28.7044],[83.1525,28.7129],[83.1474,28.7208],[83.1481,28.7304],[83.1446,28.734],[83.1445,28.7401],[83.1474,28.747],[83.1343,28.7479],[83.117,28.7431],[83.1145,28.7467],[83.1045,28.7535],[83.1043,28.7599],[83.1002,28.7665],[83.0776,28.7851],[83.0711,28.7802],[83.0672,28.7837],[83.0599,28.7857],[83.0476,28.7864],[83.0381,28.7927],[83.0221,28.7922],[83.0143,28.7989],[83.0077,28.7994],[82.9993,28.8038],[82.9834,28.8005],[82.9777,28.8035],[82.9677,28.8203],[82.9619,28.8198],[82.9528,28.8236],[82.9489,28.8289],[82.9454,28.8273],[82.928,28.8275],[82.9195,28.8313],[82.9068,28.8322],[82.9001,28.8254],[82.8859,28.8269],[82.8815,28.8303],[82.8702,28.834],[82.8659,28.8318],[82.8565,28.8321],[82.8491,28.8269],[82.8447,28.8264],[82.8387,28.8313],[82.8347,28.8301],[82.8191,28.8312],[82.8013,28.8206],[82.7953,28.8198],[82.7834,28.824],[82.7678,28.8085],[82.755,28.8277],[82.7513,28.8304],[82.7437,28.8457],[82.714,28.8514],[82.7066,28.8545],[82.6976,28.8646],[82.6874,28.8613],[82.6756,28.8525],[82.6675,28.8537],[82.6604,28.86],[82.658,28.8666],[82.6505,28.8691],[82.6461,28.8671],[82.6399,28.8599],[82.6387,28.8551],[82.6318,28.8533],[82.6266,28.8467],[82.628,28.8391],[82.6196,28.8285],[82.6156,28.8265],[82.622,28.8111],[82.6073,28.8011],[82.5981,28.7919],[82.5936,28.7915],[82.5882,28.7815],[82.5834,28.7806],[82.5736,28.7738],[82.566,28.7657],[82.5656,28.7586],[82.5689,28.7538],[82.5679,28.7438],[82.5748,28.7409],[82.592,28.7399],[82.5975,28.7437],[82.6033,28.7428],[82.6036,28.7344],[82.6077,28.7148],[82.6173,28.7094],[82.6143,28.6957],[82.6166,28.6887],[82.6042,28.6862],[82.6017,28.6823],[82.6017,28.6703],[82.5886,28.6638],[82.5807,28.6645],[82.5767,28.6585],[82.5663,28.651],[82.5626,28.6464],[82.5556,28.6448],[82.5407,28.6471],[82.5234,28.6593],[82.5147,28.6594],[82.5065,28.6626],[82.5033,28.6676],[82.5004,28.6616],[82.4918,28.6592],[82.4928,28.651],[82.4877,28.6405],[82.508,28.6309],[82.5104,28.6276],[82.5203,28.6244],[82.53,28.6246],[82.542,28.6206],[82.546,28.6265],[82.5512,28.6254],[82.5478,28.6182],[82.5553,28.6154],[82.5631,28.61],[82.5699,28.6095],[82.5825,28.6123],[82.5806,28.6021],[82.5824,28.5981],[82.5829,28.5871],[82.577,28.5795],[82.5688,28.5777],[82.5559,28.5815],[82.5461,28.5729],[82.5375,28.5708],[82.5322,28.5637],[82.531,28.5581],[82.5377,28.5525],[82.5373,28.5422],[82.5428,28.5381],[82.5462,28.5264],[82.5501,28.5243],[82.5609,28.5233],[82.5685,28.5205],[82.5785,28.5139],[82.5901,28.5143],[82.5998,28.5068],[82.6071,28.5096],[82.6175,28.509],[82.6299,28.502],[82.6398,28.4981],[82.6425,28.4948],[82.6592,28.4927],[82.6618,28.4988],[82.6695,28.502],[82.6721,28.5078],[82.6829,28.5152],[82.684,28.5197],[82.6891,28.5237],[82.6963,28.5205],[82.6927,28.5134],[82.7048,28.509],[82.713,28.5141],[82.716,28.5186],[82.7325,28.5257],[82.7443,28.5249],[82.7446,28.5122],[82.7552,28.5051],[82.7594,28.506],[82.7692,28.5007],[82.7858,28.4991],[82.7926,28.5005],[82.8077,28.4933],[82.8168,28.4876],[82.8282,28.4838],[82.8349,28.4781],[82.846,28.4793],[82.8596,28.4778],[82.8712,28.4786],[82.8812,28.4762],[82.8887,28.4795],[82.9025,28.4756],[82.9138,28.4783],[82.8943,28.4964],[82.8903,28.5065],[82.8793,28.5153]]]},"properties":{"DISTRICT":"RUKUM EAST"}}
]}